{
"type": "FeatureCollection",
"name": "distritos",
"xy_coordinate_resolution": 1e-10,
"features": [
{ "type": "Feature", "properties": { "ZONA_COD": "Di DR", "ZONA_DESC": "D. Deportivo Recreativo", "DIST_TPO": "Estructurante", "NOTAS": "Ver Codigo de Ordenamiento Territorial Ordenanza 12692" }, "geometry": { "type": "MultiPolygon", "coordinates": [ [ [ [ -58.0029736416, -34.9094551189 ], [ -58.0047721058, -34.9110716044 ], [ -58.0028935111, -34.9124692381 ], [ -58.0010944596, -34.9108638007 ], [ -58.0029736416, -34.9094551189 ] ] ], [ [ [ -58.0234082629, -34.8784806734 ], [ -58.0229170172, -34.8786908666 ], [ -58.0221597125, -34.8790191137 ], [ -58.020431515, -34.876296347 ], [ -58.0216912898, -34.8757490942 ], [ -58.0229232882, -34.8752148943 ], [ -58.024666097, -34.8779329081 ], [ -58.0234082629, -34.8784806734 ] ] ], [ [ [ -58.0225828444, -34.8800133691 ], [ -58.0196708558, -34.8812817262 ], [ -58.0183077228, -34.8796512004 ], [ -58.0168218288, -34.8778737435 ], [ -58.0202696316, -34.8763753668 ], [ -58.0225828444, -34.8800133691 ] ] ], [ [ [ -58.0836863473, -34.8690549213 ], [ -58.0833671816, -34.8691388398 ], [ -58.0830448205, -34.8692143262 ], [ -58.0827294732, -34.8692844247 ], [ -58.0823866318, -34.8693706715 ], [ -58.0818337134, -34.8694953283 ], [ -58.0815639113, -34.8695582125 ], [ -58.0813366787, -34.8696102311 ], [ -58.0809873155, -34.8696852858 ], [ -58.0807126689, -34.8697448461 ], [ -58.0804785304, -34.8698022526 ], [ -58.0803042166, -34.869849788 ], [ -58.0800870393, -34.8699019631 ], [ -58.0799309601, -34.8699412248 ], [ -58.079676425, -34.8700011008 ], [ -58.0794655907, -34.8700485085 ], [ -58.0792789948, -34.8700927849 ], [ -58.0791724243, -34.8701143524 ], [ -58.0788000069, -34.8702072407 ], [ -58.0785541413, -34.8702704055 ], [ -58.0783842692, -34.8703149444 ], [ -58.0781779908, -34.8703638639 ], [ -58.0774883502, -34.8705270747 ], [ -58.0771697708, -34.8706040476 ], [ -58.0767040524, -34.870716632 ], [ -58.0760822026, -34.8708657674 ], [ -58.0755147403, -34.8691694203 ], [ -58.0748824036, -34.86721276 ], [ -58.0741697853, -34.8650144679 ], [ -58.0735117046, -34.8629218481 ], [ -58.0759718468, -34.8623820435 ], [ -58.0780368269, -34.8641624583 ], [ -58.0801054961, -34.8659526299 ], [ -58.0820564215, -34.8676326732 ], [ -58.0836863473, -34.8690549213 ] ] ], [ [ [ -58.0674265661, -34.8701991666 ], [ -58.0673425991, -34.87004913 ], [ -58.067163884, -34.869859284 ], [ -58.0669575265, -34.8696825168 ], [ -58.0669573664, -34.8696052795 ], [ -58.066908356, -34.869447417 ], [ -58.066795376, -34.8693690159 ], [ -58.0667234851, -34.8693758031 ], [ -58.0663692323, -34.8693836865 ], [ -58.0661528904, -34.8692551554 ], [ -58.066063461, -34.8691050307 ], [ -58.0658785469, -34.8689466277 ], [ -58.0656365051, -34.8687156674 ], [ -58.0655651655, -34.8686475707 ], [ -58.0655210987, -34.8685355683 ], [ -58.0654620708, -34.8683853869 ], [ -58.0652717122, -34.8681281214 ], [ -58.0652871815, -34.8679346044 ], [ -58.0654720506, -34.8677773993 ], [ -58.0655548961, -34.8677090535 ], [ -58.0655475532, -34.867555729 ], [ -58.0655041699, -34.8673072014 ], [ -58.0654519454, -34.8672027298 ], [ -58.0653833244, -34.8670979966 ], [ -58.0653358654, -34.8670374902 ], [ -58.0652474395, -34.8667047033 ], [ -58.0653244494, -34.8665400131 ], [ -58.0653118175, -34.8664164346 ], [ -58.06523116, -34.8661394668 ], [ -58.0651175693, -34.865606748 ], [ -58.0651132876, -34.8653227942 ], [ -58.0650500518, -34.8649883345 ], [ -58.065002895, -34.8646676498 ], [ -58.0649846234, -34.8645141508 ], [ -58.0649261153, -34.8642113086 ], [ -58.0649038562, -34.863994661 ], [ -58.0649149152, -34.8637560124 ], [ -58.065324095, -34.8632134092 ], [ -58.0654281619, -34.8630837575 ], [ -58.0655267635, -34.8628419964 ], [ -58.0655812238, -34.8626175562 ], [ -58.0655836502, -34.8625139543 ], [ -58.0655752523, -34.8624056741 ], [ -58.0656082745, -34.8621628688 ], [ -58.0656278339, -34.8620279966 ], [ -58.0657419839, -34.8618225312 ], [ -58.0658584542, -34.8615179677 ], [ -58.0658790685, -34.8613380511 ], [ -58.0657870309, -34.8610662193 ], [ -58.0692191236, -34.8592372177 ], [ -58.071123697, -34.8582040055 ], [ -58.0739961289, -34.860673846 ], [ -58.0758771302, -34.8622988031 ], [ -58.0733506558, -34.8628558495 ], [ -58.0740121162, -34.8650565805 ], [ -58.0747285359, -34.8672463721 ], [ -58.0753608699, -34.8692030325 ], [ -58.0759062826, -34.8709069627 ], [ -58.0753777043, -34.8710139505 ], [ -58.0748584151, -34.8711258604 ], [ -58.0743979667, -34.8712419449 ], [ -58.0739613126, -34.8713457869 ], [ -58.0736230856, -34.8714209963 ], [ -58.0732541253, -34.8715058113 ], [ -58.0725197893, -34.871680993 ], [ -58.0720957256, -34.8717699773 ], [ -58.0712530267, -34.8719682158 ], [ -58.0702561354, -34.8722179836 ], [ -58.070198068, -34.8721806518 ], [ -58.0701229071, -34.8720933016 ], [ -58.0699598151, -34.8719877922 ], [ -58.0698817926, -34.8719386982 ], [ -58.0698169038, -34.871893778 ], [ -58.0693025249, -34.8715380071 ], [ -58.069255574, -34.8714461476 ], [ -58.0688849607, -34.8707225252 ], [ -58.0687631538, -34.8705538628 ], [ -58.068720168, -34.8705216374 ], [ -58.0684302868, -34.870512074 ], [ -58.0682721294, -34.8705090199 ], [ -58.0679881181, -34.8705009916 ], [ -58.067858845, -34.8704178268 ], [ -58.0676700854, -34.8703066787 ], [ -58.0674265661, -34.8701991666 ] ] ], [ [ [ -58.0651250607, -34.865879667 ], [ -58.0651911851, -34.8661982213 ], [ -58.0652413313, -34.8663726853 ], [ -58.0652594653, -34.8665507852 ], [ -58.0651931483, -34.8667070838 ], [ -58.0651936484, -34.8667930679 ], [ -58.0652399859, -34.8669154711 ], [ -58.0652694001, -34.8670601351 ], [ -58.0653077831, -34.8671159911 ], [ -58.0654063236, -34.8672831139 ], [ -58.0654254405, -34.8674005771 ], [ -58.0654823928, -34.867536667 ], [ -58.0654851141, -34.8676538693 ], [ -58.0654445358, -34.8677523586 ], [ -58.0653827875, -34.8677883261 ], [ -58.0653406668, -34.8678126195 ], [ -58.0652388789, -34.8678913884 ], [ -58.0651922526, -34.8680333095 ], [ -58.0652223134, -34.8681363475 ], [ -58.0654009979, -34.8684111812 ], [ -58.0655227184, -34.8686717697 ], [ -58.0656275218, -34.8688097023 ], [ -58.0656559611, -34.8688326854 ], [ -58.0658412861, -34.8689641492 ], [ -58.0658892272, -34.8690228605 ], [ -58.0660352825, -34.8692016439 ], [ -58.0660910908, -34.8692699439 ], [ -58.0662221355, -34.8693613393 ], [ -58.0663275748, -34.8694348444 ], [ -58.0664880507, -34.8694182016 ], [ -58.0665970107, -34.8694160594 ], [ -58.0667282857, -34.8694136411 ], [ -58.066841352, -34.869478976 ], [ -58.066906677, -34.8696312402 ], [ -58.0669126332, -34.8696944203 ], [ -58.0669933582, -34.8697867276 ], [ -58.0672176841, -34.8700040649 ], [ -58.0673339701, -34.8701841758 ], [ -58.0674301337, -34.870280334 ], [ -58.0675491077, -34.8703362988 ], [ -58.0677328239, -34.8704293417 ], [ -58.0678673517, -34.8705216023 ], [ -58.0680031439, -34.87055981 ], [ -58.0682251425, -34.870568385 ], [ -58.068674969, -34.8705840044 ], [ -58.0687823813, -34.8706668212 ], [ -58.068818954, -34.8707395008 ], [ -58.0688394658, -34.8707882225 ], [ -58.0688803004, -34.8708750278 ], [ -58.0690880501, -34.8713198378 ], [ -58.0690901779, -34.8713223955 ], [ -58.0692642893, -34.8715691227 ], [ -58.0696370403, -34.8718368482 ], [ -58.0698314971, -34.8719384401 ], [ -58.0699244502, -34.8720130955 ], [ -58.0699981082, -34.8720711324 ], [ -58.0700421696, -34.8721088724 ], [ -58.0703239227, -34.8723541526 ], [ -58.0700116754, -34.8724263403 ], [ -58.0670700451, -34.8731201313 ], [ -58.0666495761, -34.873204467 ], [ -58.0640229658, -34.8738272205 ], [ -58.0633819083, -34.8720103265 ], [ -58.0626990198, -34.8700619057 ], [ -58.0619750503, -34.8678431793 ], [ -58.0612052765, -34.8657140209 ], [ -58.0624644182, -34.8654085913 ], [ -58.0611657324, -34.8657123994 ], [ -58.0611430839, -34.8656431849 ], [ -58.0611649761, -34.8656095574 ], [ -58.0637084657, -34.865014557 ], [ -58.0626866452, -34.8620463176 ], [ -58.0627040435, -34.8620177551 ], [ -58.0627928155, -34.8619933538 ], [ -58.062748532, -34.861864445 ], [ -58.0643974183, -34.8618101412 ], [ -58.0653220779, -34.8613111632 ], [ -58.0657151445, -34.8611011238 ], [ -58.0657856523, -34.861227787 ], [ -58.0657895428, -34.8614211611 ], [ -58.0656957543, -34.8616956243 ], [ -58.0656259561, -34.8618747584 ], [ -58.0655677205, -34.8620270397 ], [ -58.0655438561, -34.8621122766 ], [ -58.0655074794, -34.8622649059 ], [ -58.0654793954, -34.8625303201 ], [ -58.065435021, -34.8627909688 ], [ -58.0653796111, -34.8630559478 ], [ -58.0647890092, -34.8637630208 ], [ -58.0647933952, -34.8640424699 ], [ -58.064883849, -34.8643818686 ], [ -58.0649148208, -34.8646932841 ], [ -58.064949593, -34.8648425401 ], [ -58.0649999164, -34.8650280918 ], [ -58.0650427691, -34.8652991411 ], [ -58.0650525151, -34.8655831812 ], [ -58.0651250607, -34.865879667 ] ] ], [ [ [ -58.0006709833, -34.9077504647 ], [ -58.0011567728, -34.9077703541 ], [ -58.0028116467, -34.9092643745 ], [ -58.0008317695, -34.9107246576 ], [ -57.9989463867, -34.9090148504 ], [ -58.0006709833, -34.9077504647 ] ] ], [ [ [ -57.9969344827, -34.9070629384 ], [ -57.9967370447, -34.9071926108 ], [ -57.9968489302, -34.9072972837 ], [ -57.9975803516, -34.9091712317 ], [ -57.9975164358, -34.9097398307 ], [ -57.9964934912, -34.9104758314 ], [ -57.9945972374, -34.9087491969 ], [ -57.9956776991, -34.9079645043 ], [ -57.9936715301, -34.9060959055 ], [ -57.9947295205, -34.9053254491 ], [ -57.9948988592, -34.905199642 ], [ -57.9958893752, -34.9044498701 ], [ -57.9969195054, -34.9068283781 ], [ -57.9967837429, -34.9069275257 ], [ -57.9969344827, -34.9070629384 ] ] ], [ [ [ -57.9941390184, -34.9123236873 ], [ -57.9942055718, -34.9123773471 ], [ -57.9878979356, -34.9170544396 ], [ -57.9838139937, -34.9133125494 ], [ -57.9847290899, -34.9126236238 ], [ -57.9856044783, -34.9119645772 ], [ -57.9858997698, -34.9117422567 ], [ -57.986712658, -34.9111387469 ], [ -57.9878497104, -34.9102945416 ], [ -57.988894344, -34.9112522503 ], [ -57.9898644013, -34.9121275559 ], [ -57.9899366699, -34.9120892943 ], [ -57.9915774542, -34.9108625399 ], [ -57.9920638247, -34.9105019756 ], [ -57.9921152479, -34.9104638533 ], [ -57.9921157354, -34.9104642958 ], [ -57.9924479989, -34.9107664419 ], [ -57.9938784839, -34.9120876242 ], [ -57.9941390184, -34.9123236873 ] ] ], [ [ [ -57.9412701713, -34.9089732792 ], [ -57.941177792, -34.9090146102 ], [ -57.9411303177, -34.9090056953 ], [ -57.9403756543, -34.908310969 ], [ -57.9396210044, -34.9076162391 ], [ -57.9393174221, -34.907336755 ], [ -57.9371721001, -34.9053122003 ], [ -57.9355231041, -34.9037528514 ], [ -57.9356700551, -34.9036670039 ], [ -57.9356957479, -34.9036546535 ], [ -57.9362946154, -34.9034310011 ], [ -57.9364659461, -34.9033929535 ], [ -57.9366793778, -34.9033618828 ], [ -57.9368358571, -34.9033506917 ], [ -57.9369571999, -34.9033579996 ], [ -57.9375977492, -34.9039409815 ], [ -57.9377093704, -34.9040451733 ], [ -57.9382376492, -34.9045383463 ], [ -57.9404057115, -34.9065621653 ], [ -57.9406465184, -34.9067869545 ], [ -57.9413808383, -34.9074723224 ], [ -57.9412988345, -34.9089425835 ], [ -57.9412701713, -34.9089732792 ] ] ], [ [ [ -57.9363529032, -34.9027710732 ], [ -57.9368776243, -34.9029117398 ], [ -57.9368924676, -34.9030311293 ], [ -57.9357319851, -34.9032308579 ], [ -57.9363529032, -34.9027710732 ] ] ], [ [ [ -57.9340846088, -34.902347533 ], [ -57.9346091852, -34.9023801541 ], [ -57.9352029967, -34.9024699128 ], [ -57.9355929419, -34.9025539517 ], [ -57.9359564325, -34.902654843 ], [ -57.9360294638, -34.9027176355 ], [ -57.9350959001, -34.903418041 ], [ -57.935053765, -34.903414441 ], [ -57.9340726406, -34.9025152224 ], [ -57.9340846088, -34.902347533 ] ] ], [ [ [ -58.013373364, -34.8829653344 ], [ -58.0133039849, -34.8828989527 ], [ -58.0136530621, -34.8826542094 ], [ -58.0136693417, -34.8826744631 ], [ -58.0136532762, -34.8826543956 ], [ -58.0136613332, -34.8826469384 ], [ -58.0136530621, -34.8826542094 ], [ -58.0135396864, -34.8825073537 ], [ -58.0135160792, -34.8825249022 ], [ -58.013455294, -34.8825694195 ], [ -58.0131666521, -34.8827705376 ], [ -58.013098774, -34.8827099485 ], [ -58.0130289218, -34.8826404948 ], [ -58.0129590751, -34.8825753659 ], [ -58.0128953231, -34.8825160151 ], [ -58.0128248882, -34.8824480839 ], [ -58.0127520503, -34.8823800232 ], [ -58.0126853152, -34.8823173791 ], [ -58.0126183705, -34.8822543708 ], [ -58.0125431719, -34.8821844692 ], [ -58.0124799991, -34.8821237758 ], [ -58.0124121362, -34.8820580488 ], [ -58.0123333223, -34.8819838521 ], [ -58.0126153893, -34.8817832592 ], [ -58.0126429976, -34.8817630721 ], [ -58.0127218528, -34.8817083969 ], [ -58.0128065393, -34.8816479346 ], [ -58.0126421486, -34.8815621762 ], [ -58.0126274663, -34.8815678859 ], [ -58.0124623364, -34.8816855874 ], [ -58.0122311315, -34.8818495221 ], [ -58.0121830213, -34.8818445894 ], [ -58.0121125873, -34.8817766573 ], [ -58.012029704, -34.8816988794 ], [ -58.0118808293, -34.8815549537 ], [ -58.0116279139, -34.8813172215 ], [ -58.0114874956, -34.881180914 ], [ -58.0114163745, -34.8811143219 ], [ -58.01136021, -34.881062395 ], [ -58.0113621489, -34.8810318756 ], [ -58.0114701467, -34.8809568587 ], [ -58.0115529005, -34.8808946777 ], [ -58.0116270622, -34.8808441619 ], [ -58.0116418642, -34.8808334987 ], [ -58.0116536696, -34.8808246799 ], [ -58.0117363191, -34.8807668229 ], [ -58.0118929837, -34.8806573727 ], [ -58.0118900681, -34.8806538924 ], [ -58.0117616881, -34.8805008376 ], [ -58.011553307, -34.8806554122 ], [ -58.0114573269, -34.8807263894 ], [ -58.0112073891, -34.8809098421 ], [ -58.0111350827, -34.8808425099 ], [ -58.0110617979, -34.8807749816 ], [ -58.0109907622, -34.8807093823 ], [ -58.0108278302, -34.8805676492 ], [ -58.0111348948, -34.8804328156 ], [ -58.0115129482, -34.8801926076 ], [ -58.0166907876, -34.8779250498 ], [ -58.0181948768, -34.8797295755 ], [ -58.0196495716, -34.8814668552 ], [ -58.0203371267, -34.8822878877 ], [ -58.0243186295, -34.8870525094 ], [ -58.0245686329, -34.8873592906 ], [ -58.0246454512, -34.8875906196 ], [ -58.024586167, -34.887755299 ], [ -58.0247356065, -34.8882653818 ], [ -58.0232468463, -34.8886072456 ], [ -58.0209065783, -34.8891599896 ], [ -58.0204095419, -34.8890706942 ], [ -58.0201177631, -34.8891515558 ], [ -58.0197154163, -34.8895099905 ], [ -58.0193029387, -34.8896069077 ], [ -58.0192602874, -34.889561152 ], [ -58.0160257813, -34.8856130788 ], [ -58.0159349632, -34.8856830622 ], [ -58.0158345233, -34.8857574838 ], [ -58.0157374325, -34.8858290771 ], [ -58.0156407464, -34.8859020292 ], [ -58.0155365105, -34.8859796335 ], [ -58.0154547576, -34.886041023 ], [ -58.0153712421, -34.8861029242 ], [ -58.0151845788, -34.8862426276 ], [ -58.015132955, -34.8862426852 ], [ -58.015081521, -34.886198497 ], [ -58.0150075284, -34.8861327619 ], [ -58.0149318127, -34.8860659162 ], [ -58.0148587544, -34.8860022694 ], [ -58.0147818606, -34.8859344137 ], [ -58.0147071377, -34.8858672236 ], [ -58.0146356956, -34.8858045939 ], [ -58.014560184, -34.8857383831 ], [ -58.0144856518, -34.8856723684 ], [ -58.0144123202, -34.8856064634 ], [ -58.0143374777, -34.885539722 ], [ -58.0142887947, -34.8854948575 ], [ -58.0142824644, -34.8854579844 ], [ -58.0144692491, -34.8853177441 ], [ -58.0145568961, -34.8852523058 ], [ -58.014637862, -34.8851918058 ], [ -58.0147387525, -34.8851168509 ], [ -58.0148191672, -34.8850565216 ], [ -58.0148996718, -34.8849970045 ], [ -58.0149826594, -34.884934284 ], [ -58.015063754, -34.8848729745 ], [ -58.0151426182, -34.8848134304 ], [ -58.0152782954, -34.8847108357 ], [ -58.015245078, -34.8846004359 ], [ -58.0151251552, -34.8846846331 ], [ -58.0147820845, -34.8849522767 ], [ -58.0146556524, -34.8850433061 ], [ -58.0145403674, -34.8851346979 ], [ -58.0144596182, -34.8851952924 ], [ -58.0142112731, -34.8853803981 ], [ -58.0141642979, -34.8853781894 ], [ -58.0140458608, -34.8852733347 ], [ -58.0139773397, -34.8852166109 ], [ -58.0139000663, -34.8851464053 ], [ -58.0138271142, -34.8850829392 ], [ -58.0137557728, -34.885020761 ], [ -58.0136828207, -34.8849572949 ], [ -58.0136099792, -34.8848938307 ], [ -58.0135439906, -34.8848364261 ], [ -58.0134686795, -34.8847710292 ], [ -58.0133000692, -34.8846242589 ], [ -58.0136548743, -34.8843599652 ], [ -58.0137700522, -34.8842684826 ], [ -58.0142406756, -34.8839086594 ], [ -58.0143556755, -34.8838199664 ], [ -58.0144832578, -34.8837219259 ], [ -58.0143832694, -34.883564023 ], [ -58.014162556, -34.8837191191 ], [ -58.0140879347, -34.8836477858 ], [ -58.0140168397, -34.8835799347 ], [ -58.0139445702, -34.8835108919 ], [ -58.0138743322, -34.8834437755 ], [ -58.0138024899, -34.8833751905 ], [ -58.013725838, -34.8833019308 ], [ -58.0136580588, -34.8832371976 ], [ -58.0135858954, -34.8831683374 ], [ -58.0135165127, -34.8831020457 ], [ -58.0134471327, -34.8830356632 ], [ -58.013373364, -34.8829653344 ] ] ], [ [ [ -57.9337194238, -34.9025850961 ], [ -57.9340023173, -34.9028334097 ], [ -57.9341479715, -34.9029577275 ], [ -57.9349096972, -34.903641617 ], [ -57.9340835377, -34.9042546219 ], [ -57.9332573647, -34.9048676204 ], [ -57.9324311783, -34.9054807036 ], [ -57.931604981, -34.9060936905 ], [ -57.930778772, -34.9067066711 ], [ -57.9299525505, -34.9073196454 ], [ -57.9291263172, -34.9079326134 ], [ -57.9283000696, -34.9085456659 ], [ -57.9278281108, -34.9081373971 ], [ -57.9276932988, -34.9078863685 ], [ -57.9275549129, -34.9073380662 ], [ -57.9275714335, -34.9072639989 ], [ -57.9276164338, -34.9071231894 ], [ -57.9276801444, -34.9070170343 ], [ -57.9285329194, -34.9063839817 ], [ -57.929385679, -34.9057510119 ], [ -57.930238427, -34.9051179458 ], [ -57.9310911605, -34.9044849625 ], [ -57.9319438833, -34.9038518839 ], [ -57.9327965908, -34.9032188879 ], [ -57.9336492875, -34.9025857958 ], [ -57.9337194238, -34.9025850961 ] ] ], [ [ [ -57.93469595, -34.9087365156 ], [ -57.9347217839, -34.9086485475 ], [ -57.9347650629, -34.908580342 ], [ -57.9348313087, -34.9085211783 ], [ -57.9349031645, -34.9084825668 ], [ -57.9349962291, -34.9084576538 ], [ -57.9350772328, -34.9084512803 ], [ -57.9351593427, -34.9084575423 ], [ -57.9352477263, -34.9084840975 ], [ -57.935527009, -34.9086154614 ], [ -57.935837213, -34.9089100164 ], [ -57.9358697037, -34.9089362523 ], [ -57.9359392744, -34.9089845666 ], [ -57.9360141312, -34.9090271135 ], [ -57.9360937401, -34.9090633418 ], [ -57.9371591031, -34.9094811165 ], [ -57.9372311253, -34.9095189276 ], [ -57.937235514, -34.9095227874 ], [ -57.9372383496, -34.9095275215 ], [ -57.9372394243, -34.9095326764 ], [ -57.9372387444, -34.9095379824 ], [ -57.9372361076, -34.9095428037 ], [ -57.9372319599, -34.9095467886 ], [ -57.9372265271, -34.9095496709 ], [ -57.9372203649, -34.9095510981 ], [ -57.9360808232, -34.9095356181 ], [ -57.9353208727, -34.9095253181 ], [ -57.9352505601, -34.9094891573 ], [ -57.9352344487, -34.9094685161 ], [ -57.9351973373, -34.9094302157 ], [ -57.9351543155, -34.9093964102 ], [ -57.935069013, -34.9093428718 ], [ -57.9350002545, -34.9092883522 ], [ -57.9349391923, -34.9092279258 ], [ -57.9348867978, -34.9091621485 ], [ -57.9347342476, -34.9089457923 ], [ -57.9347051869, -34.9088831159 ], [ -57.934693475, -34.9088178512 ], [ -57.93469595, -34.9087365156 ] ] ], [ [ [ -57.940968375, -34.9093443233 ], [ -57.9409691592, -34.9095713472 ], [ -57.9395805484, -34.9095501466 ], [ -57.9381919412, -34.9095288399 ], [ -57.9374937004, -34.9095181586 ], [ -57.9374558308, -34.9095013845 ], [ -57.9372338125, -34.9093546862 ], [ -57.9361720576, -34.9089370635 ], [ -57.9359393445, -34.9088026166 ], [ -57.9356266476, -34.9085246029 ], [ -57.9353548463, -34.9083740807 ], [ -57.9351787222, -34.9083258474 ], [ -57.9349932622, -34.9083315266 ], [ -57.9348220007, -34.9083905275 ], [ -57.9346866797, -34.9084951987 ], [ -57.9346045887, -34.9086323156 ], [ -57.9345861176, -34.9087844836 ], [ -57.9346335028, -34.9089322746 ], [ -57.9347778072, -34.9091808436 ], [ -57.9350648267, -34.9094706798 ], [ -57.9350595764, -34.909509973 ], [ -57.9339462742, -34.9095082562 ], [ -57.9339021966, -34.9094991263 ], [ -57.933861255, -34.9094827487 ], [ -57.9338254008, -34.909459789 ], [ -57.9337959219, -34.9094312607 ], [ -57.933774322, -34.90939827 ], [ -57.9337613286, -34.9093623619 ], [ -57.9337575587, -34.9093250787 ], [ -57.9337876338, -34.9084044805 ], [ -57.9338178159, -34.9074838841 ], [ -57.9338478866, -34.9065633758 ], [ -57.9338955255, -34.9051075874 ], [ -57.9338988197, -34.9050808776 ], [ -57.9339054926, -34.9050546767 ], [ -57.9339154329, -34.9050290712 ], [ -57.9339286259, -34.9050046025 ], [ -57.9339447445, -34.904981266 ], [ -57.933963668, -34.9049595087 ], [ -57.9339852841, -34.9049394187 ], [ -57.9351140124, -34.9040955345 ], [ -57.9351616621, -34.9040711116 ], [ -57.9352143525, -34.9040550641 ], [ -57.9352698838, -34.9040478974 ], [ -57.9353260599, -34.9040499335 ], [ -57.9353805822, -34.9040612235 ], [ -57.935431277, -34.9040811903 ], [ -57.9354761973, -34.9041089901 ], [ -57.9362723698, -34.9048466258 ], [ -57.9370686682, -34.9055841697 ], [ -57.9378648695, -34.9063217963 ], [ -57.9386611967, -34.9070593303 ], [ -57.9394575355, -34.9077969498 ], [ -57.9402537791, -34.908534562 ], [ -57.9410501494, -34.9092720816 ], [ -57.940968375, -34.9093443233 ] ] ], [ [ [ -57.9398623123, -34.9098365483 ], [ -57.939872668, -34.9098336597 ], [ -57.9398834293, -34.90983204 ], [ -57.9412483106, -34.9098442735 ], [ -57.9412614676, -34.9098474706 ], [ -57.9412781645, -34.9098535212 ], [ -57.9412937218, -34.9098613552 ], [ -57.941307923, -34.9098709681 ], [ -57.9413202284, -34.9098819911 ], [ -57.941330639, -34.9098944233 ], [ -57.941332935, -34.9098981231 ], [ -57.9413389469, -34.9099078115 ], [ -57.9413448267, -34.9099220604 ], [ -57.9413482855, -34.9099368983 ], [ -57.9413493332, -34.9099518756 ], [ -57.9413477549, -34.9099668988 ], [ -57.9413436684, -34.9099816099 ], [ -57.9413371915, -34.9099956483 ], [ -57.9413204227, -34.9100112272 ], [ -57.9413040397, -34.9100264483 ], [ -57.9412661549, -34.910071587 ], [ -57.9412363766, -34.9101206477 ], [ -57.9412150572, -34.9101726457 ], [ -57.941202661, -34.9102265978 ], [ -57.9411995412, -34.9102814276 ], [ -57.941205725, -34.9103360552 ], [ -57.9412210197, -34.9103894848 ], [ -57.9412452322, -34.9104406319 ], [ -57.9412777319, -34.9104884956 ], [ -57.9413181042, -34.9105321667 ], [ -57.9413653843, -34.9105708178 ], [ -57.9413682972, -34.9106469283 ], [ -57.9408707662, -34.9110140235 ], [ -57.939694568, -34.9118821175 ], [ -57.9385182359, -34.9127501971 ], [ -57.938448114, -34.9127499983 ], [ -57.9377014195, -34.9120856322 ], [ -57.937628944, -34.9120180077 ], [ -57.9376298424, -34.9119780257 ], [ -57.9385051958, -34.9113293348 ], [ -57.9393805374, -34.9106805468 ], [ -57.9394280423, -34.9106270101 ], [ -57.9395163638, -34.9105161291 ], [ -57.9395955014, -34.9104006768 ], [ -57.9396651144, -34.9102810976 ], [ -57.9397248617, -34.9101579264 ], [ -57.9397745088, -34.9100317902 ], [ -57.9398138226, -34.9099032259 ], [ -57.9398136608, -34.9099009695 ], [ -57.9398136671, -34.9098919582 ], [ -57.9398152022, -34.9098830622 ], [ -57.9398181547, -34.9098743702 ], [ -57.9398226261, -34.9098661558 ], [ -57.9398283971, -34.9098585026 ], [ -57.9398353524, -34.9098515913 ], [ -57.9398434877, -34.9098456018 ], [ -57.9398524764, -34.9098405269 ], [ -57.9398623123, -34.9098365483 ] ] ], [ [ [ -57.9370278659, -34.9029315941 ], [ -57.9373510895, -34.9030462163 ], [ -57.9370226382, -34.9030312669 ], [ -57.9370278659, -34.9029315941 ] ] ], [ [ [ -57.9298335585, -34.9075929323 ], [ -57.929666093, -34.9078056435 ], [ -57.9295321525, -34.9079727852 ], [ -57.9294256629, -34.9080965967 ], [ -57.9293430781, -34.9082443364 ], [ -57.9292687483, -34.9083943793 ], [ -57.9292361721, -34.9085153948 ], [ -57.9292190697, -34.9086082866 ], [ -57.9291960857, -34.9088047148 ], [ -57.9291994249, -34.908933102 ], [ -57.9292207685, -34.9090807203 ], [ -57.9292498031, -34.9091878269 ], [ -57.9293028685, -34.9093225579 ], [ -57.9293860846, -34.9094851095 ], [ -57.9293828578, -34.9094823189 ], [ -57.9293872177, -34.9094908345 ], [ -57.9292824009, -34.9094001685 ], [ -57.9292816535, -34.909394777 ], [ -57.9284517861, -34.9086769436 ], [ -57.9298335585, -34.9075929323 ] ] ], [ [ [ -57.9334493943, -34.9072604304 ], [ -57.9334074544, -34.9082396743 ], [ -57.9333655145, -34.9092188283 ], [ -57.9330302338, -34.9094491465 ], [ -57.9313112615, -34.909540737 ], [ -57.9296516616, -34.9096290792 ], [ -57.9294999505, -34.9095323185 ], [ -57.9294799819, -34.9094910639 ], [ -57.9294505102, -34.9094056696 ], [ -57.9294357623, -34.9093177321 ], [ -57.9294359133, -34.9092289672 ], [ -57.9294205268, -34.9091621071 ], [ -57.9294093132, -34.9090945968 ], [ -57.9294023758, -34.9090267088 ], [ -57.929399489, -34.9089587102 ], [ -57.9294008713, -34.9088906036 ], [ -57.9294065163, -34.9088226598 ], [ -57.9294163117, -34.908754967 ], [ -57.9294089867, -34.9086023601 ], [ -57.929426153, -34.9084502614 ], [ -57.9294567812, -34.9083400342 ], [ -57.9295594973, -34.9081716307 ], [ -57.9297476157, -34.9079179401 ], [ -57.9298272012, -34.9078125764 ], [ -57.9298550945, -34.9077881652 ], [ -57.9314217369, -34.9066551057 ], [ -57.9322839826, -34.9060313791 ], [ -57.9331463236, -34.905407648 ], [ -57.9332741119, -34.9053152868 ], [ -57.9334318836, -34.9052618257 ], [ -57.9335332695, -34.9053019417 ], [ -57.9334913324, -34.9062811856 ], [ -57.9334493943, -34.9072604304 ] ] ], [ [ [ -57.9334835298, -34.9099879312 ], [ -57.9334989415, -34.909966655 ], [ -57.9335164037, -34.9099464949 ], [ -57.933535695, -34.9099275372 ], [ -57.9335569235, -34.9099098745 ], [ -57.9335797537, -34.9098937713 ], [ -57.9336040768, -34.9098792247 ], [ -57.9336297812, -34.9098663249 ], [ -57.9336566421, -34.9098552461 ], [ -57.9336845544, -34.9098458986 ], [ -57.9337236515, -34.9098311524 ], [ -57.9337636848, -34.9098183155 ], [ -57.9338046526, -34.9098074777 ], [ -57.9338462246, -34.9097987219 ], [ -57.9338884028, -34.909791959 ], [ -57.9351151141, -34.9098040747 ], [ -57.9351539486, -34.9098303286 ], [ -57.9352031424, -34.9101811883 ], [ -57.9352124279, -34.9102909317 ], [ -57.9352327886, -34.9103996004 ], [ -57.9352639141, -34.9105065603 ], [ -57.9353057128, -34.9106110885 ], [ -57.9353577664, -34.9107123666 ], [ -57.9354064683, -34.9107902461 ], [ -57.9354640285, -34.9108638601 ], [ -57.9355299147, -34.91093266 ], [ -57.9356034882, -34.910995912 ], [ -57.9356841097, -34.9110529758 ], [ -57.9357718989, -34.9110946612 ], [ -57.935859116, -34.9111373277 ], [ -57.935945432, -34.91118106 ], [ -57.93603107, -34.9112256825 ], [ -57.9361159147, -34.9112713726 ], [ -57.9361735577, -34.9112980357 ], [ -57.9362292734, -34.9113273698 ], [ -57.9362828451, -34.9113593712 ], [ -57.9363340579, -34.9113937649 ], [ -57.9363828056, -34.9114305508 ], [ -57.9369917366, -34.9119635862 ], [ -57.9370037587, -34.9119815438 ], [ -57.9370134606, -34.912000453 ], [ -57.9370209583, -34.9120199557 ], [ -57.9370260349, -34.9120400492 ], [ -57.9370288084, -34.912060373 ], [ -57.9370291718, -34.9120808362 ], [ -57.9370270197, -34.9121012562 ], [ -57.9370225752, -34.9121214576 ], [ -57.9370156271, -34.9121411663 ], [ -57.9370065079, -34.9121602067 ], [ -57.9369018359, -34.9122334988 ], [ -57.9367958813, -34.9123055965 ], [ -57.9366887523, -34.9123765036 ], [ -57.9365804496, -34.912446219 ], [ -57.9364709752, -34.912514652 ], [ -57.9363604368, -34.9125818961 ], [ -57.9362487266, -34.9126478578 ], [ -57.9361359543, -34.9127125407 ], [ -57.9360221199, -34.9127759429 ], [ -57.9359072225, -34.9128380653 ], [ -57.9357913755, -34.9128988199 ], [ -57.9356744645, -34.9129583847 ], [ -57.935556495, -34.9130164899 ], [ -57.935437682, -34.9130733181 ], [ -57.9353179166, -34.9131288692 ], [ -57.9351972033, -34.9131829616 ], [ -57.9350756482, -34.913235688 ], [ -57.9350431494, -34.9132493127 ], [ -57.9347632552, -34.9133429249 ], [ -57.934763186, -34.9133429519 ], [ -57.9347631068, -34.9133429789 ], [ -57.9347630187, -34.9133430068 ], [ -57.9347629243, -34.9133430374 ], [ -57.9347628208, -34.913343067 ], [ -57.9347627093, -34.9133430994 ], [ -57.9347625942, -34.91334313 ], [ -57.9347624719, -34.9133431624 ], [ -57.934762346, -34.9133431938 ], [ -57.9347622174, -34.9133432244 ], [ -57.9347620852, -34.913343255 ], [ -57.9347619521, -34.9133432847 ], [ -57.9347618199, -34.9133433134 ], [ -57.9347616868, -34.9133433413 ], [ -57.9347615564, -34.9133433656 ], [ -57.9347614278, -34.9133433908 ], [ -57.9347613037, -34.9133434133 ], [ -57.9347611832, -34.913343434 ], [ -57.934761069, -34.9133434519 ], [ -57.934760961, -34.9133434681 ], [ -57.9347608603, -34.9133434816 ], [ -57.9347607659, -34.9133434924 ], [ -57.9347606823, -34.9133435014 ], [ -57.9347606067, -34.9133435068 ], [ -57.9344766818, -34.9133753419 ], [ -57.9344767636, -34.9133753482 ], [ -57.9344768301, -34.9133753554 ], [ -57.9344767483, -34.9133753689 ], [ -57.9344766647, -34.9133753743 ], [ -57.9344765738, -34.9133753788 ], [ -57.9344764758, -34.9133753842 ], [ -57.9344763706, -34.9133753896 ], [ -57.9344762591, -34.9133753959 ], [ -57.9344761431, -34.9133754013 ], [ -57.9344760217, -34.9133754066 ], [ -57.9344758984, -34.9133754129 ], [ -57.9344757734, -34.9133754192 ], [ -57.9344756448, -34.9133754246 ], [ -57.9344755171, -34.91337543 ], [ -57.9344753894, -34.9133754363 ], [ -57.9344752617, -34.9133754408 ], [ -57.9344751376, -34.9133754471 ], [ -57.934475018, -34.9133754507 ], [ -57.9344749011, -34.9133754561 ], [ -57.9344747914, -34.9133754597 ], [ -57.9344746844, -34.9133754642 ], [ -57.9344745863, -34.9133754669 ], [ -57.9344744946, -34.9133754696 ], [ -57.9344744119, -34.9133754732 ], [ -57.9344743291, -34.9133754651 ], [ -57.934474393, -34.9133754516 ], [ -57.9344744739, -34.9133754399 ], [ -57.9339578476, -34.9133634529 ], [ -57.9339068713, -34.9133500925 ], [ -57.9338164463, -34.9133131376 ], [ -57.9337285285, -34.9132721699 ], [ -57.9336434419, -34.9132273755 ], [ -57.933561403, -34.9131788472 ], [ -57.9334826233, -34.9131268601 ], [ -57.933478473, -34.9120879849 ], [ -57.9334743244, -34.9110490197 ], [ -57.9334701731, -34.9100101436 ], [ -57.9334835298, -34.9099879312 ] ] ], [ [ [ -57.9310702045, -34.9110510854 ], [ -57.9310705337, -34.9110117995 ], [ -57.9326115886, -34.909784206 ], [ -57.9332244918, -34.9098432087 ], [ -57.9332561641, -34.9098715041 ], [ -57.9332721514, -34.9110403529 ], [ -57.9332856736, -34.9120326163 ], [ -57.9332993064, -34.9130247907 ], [ -57.9332840872, -34.9130339943 ], [ -57.9325393721, -34.9123670562 ], [ -57.9317946705, -34.9117000245 ], [ -57.9310702045, -34.9110510854 ] ] ], [ [ [ -57.9374839454, -34.9118013476 ], [ -57.9374022636, -34.9118215895 ], [ -57.937327672, -34.9118295152 ], [ -57.9372402696, -34.9118247866 ], [ -57.9371915498, -34.9118174706 ], [ -57.9371426023, -34.9118061859 ], [ -57.937082355, -34.9117829933 ], [ -57.9370336792, -34.9117564831 ], [ -57.9369672067, -34.9117022737 ], [ -57.9368800318, -34.9116272559 ], [ -57.9368021748, -34.9115602366 ], [ -57.9367350683, -34.9115007896 ], [ -57.9366686713, -34.911443608 ], [ -57.9366203624, -34.9114024137 ], [ -57.9365329897, -34.9113265811 ], [ -57.9364162073, -34.9112412372 ], [ -57.9363109939, -34.9111788899 ], [ -57.936213841, -34.9111397496 ], [ -57.936049828, -34.911053242 ], [ -57.9360394103, -34.9110192701 ], [ -57.936079663, -34.9109714703 ], [ -57.936137502, -34.9109378473 ], [ -57.936205712, -34.9109226038 ], [ -57.9363837715, -34.9109418502 ], [ -57.9364331272, -34.9109368311 ], [ -57.9364084921, -34.9108371008 ], [ -57.936371797, -34.9108433268 ], [ -57.9362695963, -34.9108310465 ], [ -57.9362295369, -34.9108230659 ], [ -57.9361883776, -34.9108240795 ], [ -57.9360795533, -34.9108535017 ], [ -57.9360164236, -34.9108843313 ], [ -57.9359694215, -34.9109176881 ], [ -57.9359315384, -34.9109582295 ], [ -57.9358914349, -34.9109738598 ], [ -57.9358335447, -34.9109396217 ], [ -57.9357234317, -34.9108544802 ], [ -57.935673076, -34.9108033384 ], [ -57.9356183549, -34.91074302 ], [ -57.9355708455, -34.910678678 ], [ -57.9355290333, -34.9106096568 ], [ -57.9354936261, -34.9105382219 ], [ -57.9354611894, -34.910453048 ], [ -57.9354398602, -34.9103655403 ], [ -57.9353766135, -34.9098200548 ], [ -57.9354216687, -34.9097814379 ], [ -57.9368227585, -34.9097980322 ], [ -57.9382238518, -34.9098145194 ], [ -57.9396249443, -34.9098310804 ], [ -57.939671004, -34.909870343 ], [ -57.9396452106, -34.909961287 ], [ -57.9396121263, -34.9100506643 ], [ -57.9395720885, -34.9101381225 ], [ -57.9395124275, -34.9102447128 ], [ -57.9394380445, -34.910345016 ], [ -57.9393500746, -34.9104374285 ], [ -57.9384328903, -34.9111190301 ], [ -57.9383586332, -34.9111136243 ], [ -57.937942695, -34.9108729756 ], [ -57.9378849549, -34.910851596 ], [ -57.9379191984, -34.9108367167 ], [ -57.9380256188, -34.9108330574 ], [ -57.9381362381, -34.9108338443 ], [ -57.9382011521, -34.9108341213 ], [ -57.9383061506, -34.9108124189 ], [ -57.9384862722, -34.9107552813 ], [ -57.9386230114, -34.9106947938 ], [ -57.9386303994, -34.9106805863 ], [ -57.9387837419, -34.9106059309 ], [ -57.9388652852, -34.910526858 ], [ -57.9389132892, -34.9104058749 ], [ -57.9389259382, -34.9102872723 ], [ -57.9388546687, -34.9101980569 ], [ -57.9387159114, -34.9101519028 ], [ -57.9386061204, -34.9101416271 ], [ -57.9384830796, -34.9101616712 ], [ -57.9383408599, -34.9101775191 ], [ -57.9382332678, -34.9101843386 ], [ -57.9380796779, -34.9101757753 ], [ -57.9379129787, -34.9101750648 ], [ -57.9376425157, -34.9101830886 ], [ -57.9373963632, -34.9101734964 ], [ -57.9371260773, -34.9102144282 ], [ -57.9369045968, -34.9102514532 ], [ -57.9366537471, -34.910255761 ], [ -57.936402258, -34.9102395004 ], [ -57.936153126, -34.9102150199 ], [ -57.9360647334, -34.9102225526 ], [ -57.9359525493, -34.9102872553 ], [ -57.9359372086, -34.9103444611 ], [ -57.9359965747, -34.9103716099 ], [ -57.9360877426, -34.9104112349 ], [ -57.9361184643, -34.9104234513 ], [ -57.9361262866, -34.9104288904 ], [ -57.9361698893, -34.9104656879 ], [ -57.9361744741, -34.9104714067 ], [ -57.9362040627, -34.910543678 ], [ -57.9362822506, -34.9107537957 ], [ -57.936328581, -34.9107774092 ], [ -57.9363500397, -34.9107243429 ], [ -57.9363875891, -34.9106172372 ], [ -57.9364597058, -34.9105713493 ], [ -57.9366265282, -34.9105527603 ], [ -57.9367869654, -34.9105107278 ], [ -57.9369291959, -34.9104932998 ], [ -57.937202829, -34.9105311712 ], [ -57.9373879986, -34.9105876504 ], [ -57.937503923, -34.9106001681 ], [ -57.9376437514, -34.9106593003 ], [ -57.9377599761, -34.9107461766 ], [ -57.9377712977, -34.9108095113 ], [ -57.9377332744, -34.9107954325 ], [ -57.937676359, -34.9107965395 ], [ -57.9376664071, -34.9109101014 ], [ -57.9377085367, -34.9109009032 ], [ -57.9379090217, -34.9109814482 ], [ -57.9382769919, -34.911197853 ], [ -57.938271613, -34.9112379547 ], [ -57.9375519171, -34.9117781693 ], [ -57.9374839454, -34.9118013476 ] ] ], [ [ [ -57.9309530813, -34.9108880473 ], [ -57.9309001724, -34.9108864259 ], [ -57.9296733928, -34.909822304 ], [ -57.929688711, -34.9097960707 ], [ -57.9310009172, -34.9097797651 ], [ -57.9323132304, -34.9097635369 ], [ -57.9323330236, -34.9097856827 ], [ -57.9309530813, -34.9108880473 ] ] ], [ [ [ -57.9427482556, -34.9096916981 ], [ -57.9416427685, -34.9105116235 ], [ -57.9415938948, -34.910462311 ], [ -57.941538904, -34.9103907259 ], [ -57.9414963067, -34.9103134921 ], [ -57.9414671588, -34.9102321619 ], [ -57.9414519665, -34.9101483631 ], [ -57.9414509116, -34.9100635426 ], [ -57.9414640597, -34.9099795046 ], [ -57.9414911554, -34.9098976842 ], [ -57.9415317175, -34.9098197877 ], [ -57.9415849466, -34.909747242 ], [ -57.941649714, -34.9096813802 ], [ -57.9417249998, -34.9096236275 ], [ -57.9418092492, -34.909574949 ], [ -57.9419009045, -34.9095363088 ], [ -57.9419980906, -34.9095083956 ], [ -57.9420990395, -34.909491902 ], [ -57.9422017781, -34.9094869728 ], [ -57.9423043323, -34.9094938473 ], [ -57.9424047389, -34.9095122195 ], [ -57.9425011444, -34.9095418801 ], [ -57.9425917025, -34.9095822551 ], [ -57.942674576, -34.9096325029 ], [ -57.9427482556, -34.9096916981 ] ] ], [ [ [ -58.0937577902, -34.8632090852 ], [ -58.0967726963, -34.8657921162 ], [ -58.0952414413, -34.8670124612 ], [ -58.0921123753, -34.8645133063 ], [ -58.0937577902, -34.8632090852 ] ] ], [ [ [ -58.0068801113, -34.912951879 ], [ -58.0048830687, -34.9144017624 ], [ -58.0030024658, -34.9126910136 ], [ -58.0049766665, -34.9112351982 ], [ -58.0068801113, -34.912951879 ] ] ], [ [ [ -58.0679727477, -34.8986060754 ], [ -58.0720609704, -34.8976717095 ], [ -58.0709108023, -34.8942799137 ], [ -58.0682410524, -34.8949115166 ], [ -58.0674480428, -34.8925611204 ], [ -58.0667554857, -34.8906103254 ], [ -58.0664344961, -34.8895269589 ], [ -58.0657073348, -34.8897423133 ], [ -58.0656926867, -34.8897454267 ], [ -58.0651107246, -34.8898691168 ], [ -58.0647843022, -34.8899482562 ], [ -58.0642012474, -34.8900896107 ], [ -58.0639256492, -34.8895751023 ], [ -58.0636399904, -34.8890692292 ], [ -58.063835539, -34.8890289764 ], [ -58.0644021784, -34.8888790702 ], [ -58.0642055372, -34.8883011101 ], [ -58.0639466511, -34.8875419123 ], [ -58.063845954, -34.887210826 ], [ -58.0637439394, -34.886936254 ], [ -58.0635213581, -34.8863371751 ], [ -58.0641421269, -34.8861955391 ], [ -58.0644246327, -34.8861281916 ], [ -58.0651986783, -34.8859436588 ], [ -58.065601294, -34.8858476732 ], [ -58.066148446, -34.885715472 ], [ -58.0672091999, -34.8854692187 ], [ -58.0678970203, -34.8853052597 ], [ -58.0681533559, -34.8861454478 ], [ -58.0684496474, -34.8870087223 ], [ -58.0684579419, -34.8870310551 ], [ -58.0687175159, -34.8877034081 ], [ -58.070544727, -34.8873016764 ], [ -58.0708391992, -34.8872369297 ], [ -58.0709817516, -34.8872211682 ], [ -58.0707465087, -34.8865234931 ], [ -58.0726439011, -34.8860821706 ], [ -58.0735259157, -34.8886422895 ], [ -58.0729632593, -34.8887779927 ], [ -58.0714700169, -34.8891061724 ], [ -58.0754050788, -34.9004559035 ], [ -58.0721070598, -34.9012233274 ], [ -58.0719332092, -34.9012637744 ], [ -58.0715794383, -34.9002533042 ], [ -58.0690326321, -34.9008752475 ], [ -58.0679727477, -34.8986060754 ] ] ], [ [ [ -58.1013136287, -34.9577317875 ], [ -58.1011888658, -34.9576498988 ], [ -58.1005471392, -34.9571188932 ], [ -58.1003009372, -34.9573042993 ], [ -58.099307029, -34.9564779185 ], [ -58.0995631352, -34.9562663557 ], [ -58.0980258107, -34.9549880567 ], [ -58.0978052637, -34.9551577254 ], [ -58.0972019004, -34.9546465634 ], [ -58.0966246625, -34.9550554141 ], [ -58.0946138252, -34.9560537839 ], [ -58.0925734145, -34.9542212983 ], [ -58.1023488491, -34.9479829297 ], [ -58.104936008, -34.9463325496 ], [ -58.1076991183, -34.9486855322 ], [ -58.1023496711, -34.9485462155 ], [ -58.1023665541, -34.950317067 ], [ -58.1035711744, -34.9522484546 ], [ -58.1054764394, -34.9523425426 ], [ -58.1054882277, -34.9520729015 ], [ -58.107459726, -34.9520998605 ], [ -58.1077961165, -34.9529939764 ], [ -58.1069383144, -34.9532018556 ], [ -58.1076235312, -34.9551254659 ], [ -58.1077994026, -34.9550841375 ], [ -58.1079961113, -34.9556077471 ], [ -58.1071288537, -34.9562112956 ], [ -58.1073288701, -34.9563958284 ], [ -58.1064459616, -34.9570842927 ], [ -58.1066706186, -34.95728264 ], [ -58.10634024, -34.9575257735 ], [ -58.1044986371, -34.9579845069 ], [ -58.1013136287, -34.9577317875 ] ] ], [ [ [ -58.1025131669, -34.9092186637 ], [ -58.1026530205, -34.9093596369 ], [ -58.1026819868, -34.9104350696 ], [ -58.1027885277, -34.9107595693 ], [ -58.1031472358, -34.9115543568 ], [ -58.1054035646, -34.9137313259 ], [ -58.1081124539, -34.9167555158 ], [ -58.1029252426, -34.9207816789 ], [ -58.1009750115, -34.9184969765 ], [ -58.1000147505, -34.9171841992 ], [ -58.0974412271, -34.9103221094 ], [ -58.1000284813, -34.9097010097 ], [ -58.1015600798, -34.9092178336 ], [ -58.1018555728, -34.909165583 ], [ -58.1025131669, -34.9092186637 ] ] ] ] } },
{ "type": "Feature", "properties": { "ZONA_COD": "Di PP", "ZONA_DESC": "D. Preservación Patrimonial", "DIST_TPO": "Reg. Específica", "NOTAS": "Ver Codigo de Ordenamiento Territorial Ordenanza 12692" }, "geometry": { "type": "MultiPolygon", "coordinates": [ [ [ [ -57.9546662944, -34.9280352463 ], [ -57.9546585638, -34.9280410425 ], [ -57.9543106827, -34.9283034907 ], [ -57.9539358093, -34.9283779231 ], [ -57.9537662529, -34.9282260996 ], [ -57.9536843939, -34.9281560496 ], [ -57.9536067644, -34.9280830966 ], [ -57.9535710488, -34.928054017 ], [ -57.9534772297, -34.9279720492 ], [ -57.9534067705, -34.9279100319 ], [ -57.9533464197, -34.9278551229 ], [ -57.953272356, -34.9277884481 ], [ -57.9531890015, -34.9277169304 ], [ -57.9531922183, -34.9276711144 ], [ -57.9530401592, -34.9275550911 ], [ -57.9530079491, -34.9275522951 ], [ -57.9528002686, -34.9273627882 ], [ -57.9527281448, -34.9272973175 ], [ -57.9526566847, -34.927231587 ], [ -57.9525829447, -34.9271650983 ], [ -57.9524725602, -34.9270629344 ], [ -57.952417358, -34.9270122576 ], [ -57.9523624688, -34.9269622166 ], [ -57.9522908971, -34.9268965751 ], [ -57.9521623039, -34.9267786038 ], [ -57.9521671459, -34.9267555245 ], [ -57.9522969307, -34.9266582206 ], [ -57.95240537, -34.9265788509 ], [ -57.9524762627, -34.9265265158 ], [ -57.9525766792, -34.9264529584 ], [ -57.9526388727, -34.9264072351 ], [ -57.9527308239, -34.9263396627 ], [ -57.9528130651, -34.9262797679 ], [ -57.9528921002, -34.9262211708 ], [ -57.9529546103, -34.9261759034 ], [ -57.9530006412, -34.9261773099 ], [ -57.9531232592, -34.9260557324 ], [ -57.9531339144, -34.9260276142 ], [ -57.9531937274, -34.9259851842 ], [ -57.9532766332, -34.9259249404 ], [ -57.9533326646, -34.92588497 ], [ -57.953444408, -34.9258046642 ], [ -57.9535271609, -34.9257461291 ], [ -57.9536115147, -34.9256848268 ], [ -57.9536827248, -34.9256328559 ], [ -57.9537556076, -34.925579652 ], [ -57.9538402869, -34.925518445 ], [ -57.9538725654, -34.9255184486 ], [ -57.9539662945, -34.9256039283 ], [ -57.9540522985, -34.9256832404 ], [ -57.9541335549, -34.925759859 ], [ -57.9545032132, -34.9260567504 ], [ -57.9548652865, -34.9264239265 ], [ -57.9553049893, -34.9268275854 ], [ -57.9553620576, -34.9268781111 ], [ -57.9554219327, -34.9269345427 ], [ -57.955521645, -34.9270259804 ], [ -57.9555948561, -34.9270918287 ], [ -57.9557252146, -34.9272093755 ], [ -57.9557276311, -34.9272398769 ], [ -57.9556587494, -34.9272906266 ], [ -57.9555789597, -34.9273487623 ], [ -57.9554967131, -34.9274089288 ], [ -57.9554144953, -34.9274679252 ], [ -57.9553341723, -34.9275255115 ], [ -57.9552576175, -34.9275811777 ], [ -57.9551817049, -34.9276373961 ], [ -57.9551114849, -34.9276891144 ], [ -57.9550184204, -34.9277574799 ], [ -57.9548431533, -34.9279017842 ], [ -57.9547383967, -34.9279826594 ], [ -57.9547305842, -34.9279867081 ], [ -57.9546751096, -34.9280285608 ], [ -57.9546662944, -34.9280352463 ] ] ], [ [ [ -57.9396238103, -34.9098253554 ], [ -57.9396698709, -34.909864618 ], [ -57.9396446188, -34.9099557508 ], [ -57.9396116443, -34.9100451308 ], [ -57.9395709544, -34.9101323974 ], [ -57.9395112934, -34.9102389877 ], [ -57.9394369114, -34.9103392909 ], [ -57.9393489415, -34.9104317026 ], [ -57.9384317562, -34.911113305 ], [ -57.9383574992, -34.9111078992 ], [ -57.9379415619, -34.9108672505 ], [ -57.9377321412, -34.9107897074 ], [ -57.9376752249, -34.9107908144 ], [ -57.9364073589, -34.9108313757 ], [ -57.936370663, -34.9108376017 ], [ -57.9362684631, -34.9108253214 ], [ -57.9362284037, -34.9108173408 ], [ -57.9361872435, -34.9108183544 ], [ -57.9360784202, -34.9108477766 ], [ -57.9360152905, -34.9108786063 ], [ -57.9359682883, -34.910911963 ], [ -57.9359304053, -34.9109525036 ], [ -57.9358903018, -34.9109681338 ], [ -57.9358324106, -34.9109338966 ], [ -57.9357222985, -34.9108487551 ], [ -57.9356719428, -34.9107976124 ], [ -57.9356172218, -34.910737294 ], [ -57.9355697124, -34.9106729529 ], [ -57.9355278993, -34.9106039317 ], [ -57.935492493, -34.9105324959 ], [ -57.9354600553, -34.9104473229 ], [ -57.9354387261, -34.9103598153 ], [ -57.9353754804, -34.9098143297 ], [ -57.9354205355, -34.9097757128 ], [ -57.9368216244, -34.9097923071 ], [ -57.9382227178, -34.9098087943 ], [ -57.9396238103, -34.9098253554 ] ] ], [ [ [ -57.9484825174, -34.9007980335 ], [ -57.9491523909, -34.9014274744 ], [ -57.9491501192, -34.9014968283 ], [ -57.9487064503, -34.9018307115 ], [ -57.9482694572, -34.9021555143 ], [ -57.9481916811, -34.9021599677 ], [ -57.9477870527, -34.9017775148 ], [ -57.9477534954, -34.901745767 ], [ -57.9477051937, -34.9016998916 ], [ -57.9473713375, -34.9013836091 ], [ -57.9483374918, -34.9006608563 ], [ -57.9484825174, -34.9007980335 ] ] ], [ [ [ -57.939727771, -34.9340629829 ], [ -57.9397015414, -34.934070378 ], [ -57.9396740986, -34.9340737874 ], [ -57.9396463212, -34.9340730463 ], [ -57.939619195, -34.9340681702 ], [ -57.9395935922, -34.9340592642 ], [ -57.9395702674, -34.9340467924 ], [ -57.9395501981, -34.9340310417 ], [ -57.9387046537, -34.9332603236 ], [ -57.9385976973, -34.9331626213 ], [ -57.9384341538, -34.9332555518 ], [ -57.9363389385, -34.934813272 ], [ -57.9361679963, -34.9348966113 ], [ -57.9361664521, -34.9349364171 ], [ -57.9363885649, -34.9351430498 ], [ -57.9364325543, -34.9351387502 ], [ -57.9365005871, -34.9352012773 ], [ -57.9365665866, -34.9352619681 ], [ -57.9367076821, -34.9353915226 ], [ -57.9367811693, -34.9354590995 ], [ -57.9368551952, -34.935527045 ], [ -57.9369294324, -34.935595264 ], [ -57.937002282, -34.9356621088 ], [ -57.9370764122, -34.9357302361 ], [ -57.9371505434, -34.9357983633 ], [ -57.9372233902, -34.935865298 ], [ -57.9372672484, -34.9359056048 ], [ -57.9375816334, -34.9361911683 ], [ -57.9375883558, -34.9361971866 ], [ -57.9376628521, -34.9362638785 ], [ -57.9377350982, -34.9363286387 ], [ -57.9377956783, -34.936382928 ], [ -57.9378543321, -34.9364354718 ], [ -57.9378661123, -34.9364457655 ], [ -57.9379244433, -34.936498124 ], [ -57.9379924068, -34.9365591169 ], [ -57.9380521326, -34.9366125807 ], [ -57.9381241647, -34.9366771574 ], [ -57.9381969495, -34.9367422872 ], [ -57.9383030192, -34.9368373609 ], [ -57.9382975522, -34.9368414429 ], [ -57.9390857558, -34.937557359 ], [ -57.9390960144, -34.9375663666 ], [ -57.9391073144, -34.9375769399 ], [ -57.9393137591, -34.9377644486 ], [ -57.9394176335, -34.9379123843 ], [ -57.939466348, -34.9379117683 ], [ -57.9396052276, -34.9377934553 ], [ -57.9396050001, -34.9377719129 ], [ -57.939663769, -34.9377281214 ], [ -57.9397275561, -34.9376805391 ], [ -57.9398011575, -34.9376256436 ], [ -57.9398663916, -34.9375770946 ], [ -57.939938653, -34.9375232576 ], [ -57.9400044474, -34.937474178 ], [ -57.9400790507, -34.9374185783 ], [ -57.9401467409, -34.9373680877 ], [ -57.9402136495, -34.9373182158 ], [ -57.9402801112, -34.9372686955 ], [ -57.9403514805, -34.9372154745 ], [ -57.9404244084, -34.9371611977 ], [ -57.9405408292, -34.9370744051 ], [ -57.9405716436, -34.9370762792 ], [ -57.9407325548, -34.9369651878 ], [ -57.9407341268, -34.9369329516 ], [ -57.9407927752, -34.936889517 ], [ -57.9408729434, -34.9368301366 ], [ -57.9409534444, -34.9367705808 ], [ -57.9410363988, -34.9367091742 ], [ -57.9411116595, -34.9366534945 ], [ -57.9412030891, -34.9365857431 ], [ -57.9412744485, -34.9365328819 ], [ -57.9413684393, -34.9364633706 ], [ -57.9414480464, -34.9364045208 ], [ -57.9415364632, -34.9363390609 ], [ -57.9416169661, -34.9362794152 ], [ -57.9416682544, -34.9362414431 ], [ -57.9417067741, -34.9362414647 ], [ -57.9418010672, -34.9363262429 ], [ -57.9418672123, -34.936385671 ], [ -57.9419425647, -34.9364532757 ], [ -57.9420185529, -34.9365217024 ], [ -57.9420735689, -34.9365710284 ], [ -57.9421308315, -34.9366224652 ], [ -57.9422401081, -34.9367207449 ], [ -57.9423212395, -34.9367935837 ], [ -57.942551895, -34.9370008009 ], [ -57.9425518131, -34.9370390995 ], [ -57.9427025746, -34.9371458319 ], [ -57.942851889, -34.9372798453 ], [ -57.9429284213, -34.93734846 ], [ -57.9430033465, -34.9374156969 ], [ -57.9430766674, -34.9374814634 ], [ -57.9431511645, -34.9375483325 ], [ -57.9432253406, -34.9376149246 ], [ -57.9432983394, -34.9376804159 ], [ -57.9433706989, -34.937745266 ], [ -57.9434468013, -34.9378136037 ], [ -57.9435114491, -34.9378717431 ], [ -57.9435638985, -34.9379187722 ], [ -57.9435636493, -34.9379594126 ], [ -57.9435462493, -34.9379725454 ], [ -57.9434246861, -34.93806376 ], [ -57.9433440493, -34.9381243959 ], [ -57.943260514, -34.9381871461 ], [ -57.9431782071, -34.9382489259 ], [ -57.9430984624, -34.9383088559 ], [ -57.9430207259, -34.9383672884 ], [ -57.9429369667, -34.9384302149 ], [ -57.9428557759, -34.9384911116 ], [ -57.9427748054, -34.9385519219 ], [ -57.9427035386, -34.9386054172 ], [ -57.9426281413, -34.938662177 ], [ -57.9425862859, -34.9386554294 ], [ -57.9424393709, -34.9387581994 ], [ -57.942438494, -34.9387976572 ], [ -57.9423799518, -34.9388411835 ], [ -57.9423002206, -34.9389005729 ], [ -57.9422202673, -34.9389600487 ], [ -57.942158045, -34.9390063071 ], [ -57.9420983866, -34.9390507156 ], [ -57.9420217779, -34.9391077245 ], [ -57.9419617841, -34.9391523984 ], [ -57.9418783747, -34.9392144282 ], [ -57.9418110209, -34.9392645645 ], [ -57.9417397667, -34.9393175184 ], [ -57.9416609267, -34.9393762019 ], [ -57.9415797449, -34.9394366471 ], [ -57.9415123938, -34.9394866935 ], [ -57.941467577, -34.9394845818 ], [ -57.9413255353, -34.939602393 ], [ -57.9413240928, -34.9396250784 ], [ -57.941455017, -34.9397505806 ], [ -57.9414841002, -34.9397517048 ], [ -57.9416271491, -34.9398912904 ], [ -57.9416976964, -34.9399542177 ], [ -57.9417608549, -34.9400106214 ], [ -57.9418352531, -34.940077129 ], [ -57.9419051574, -34.9401395041 ], [ -57.9419884418, -34.9402139122 ], [ -57.9420601636, -34.9402780303 ], [ -57.942132211, -34.9403422446 ], [ -57.9422033996, -34.9404058132 ], [ -57.9422771575, -34.9404716786 ], [ -57.9423273621, -34.940516598 ], [ -57.94232145, -34.9405604759 ], [ -57.9422290096, -34.9406291121 ], [ -57.9421046792, -34.9407213601 ], [ -57.9420239497, -34.9407811821 ], [ -57.9419382003, -34.9408447957 ], [ -57.9418560193, -34.9409057652 ], [ -57.9417759563, -34.9409651483 ], [ -57.9416991272, -34.9410221528 ], [ -57.9416185066, -34.9410819775 ], [ -57.9413765917, -34.9412635218 ], [ -57.9412896785, -34.9411854472 ], [ -57.9412274895, -34.9411296002 ], [ -57.9411700111, -34.9410779791 ], [ -57.9411104985, -34.9410245207 ], [ -57.9410538771, -34.9409736343 ], [ -57.9409954365, -34.9409210959 ], [ -57.9409337844, -34.9408657085 ], [ -57.9408744867, -34.9408124335 ], [ -57.9408130459, -34.9407573204 ], [ -57.9407140404, -34.9406683163 ], [ -57.9406421135, -34.9406036532 ], [ -57.9404940573, -34.9404586636 ], [ -57.9403493087, -34.9403258068 ], [ -57.9399486931, -34.9399604671 ], [ -57.939921306, -34.9399359012 ], [ -57.9399069771, -34.939922424 ], [ -57.9397981547, -34.939823182 ], [ -57.9397795324, -34.9398066983 ], [ -57.9397015414, -34.9397351725 ], [ -57.9396324015, -34.939672899 ], [ -57.9394927152, -34.9395477862 ], [ -57.9394932089, -34.9395450837 ], [ -57.9392288298, -34.9393039782 ], [ -57.9392086005, -34.9392859459 ], [ -57.9391895726, -34.9392681771 ], [ -57.9389290579, -34.9390305933 ], [ -57.9389155429, -34.939018546 ], [ -57.9389073276, -34.9390107758 ], [ -57.9386730066, -34.9387970789 ], [ -57.9386168979, -34.9387470847 ], [ -57.9385538473, -34.9386908618 ], [ -57.9384945415, -34.9386380365 ], [ -57.9384946935, -34.938634459 ], [ -57.9372416123, -34.9374916356 ], [ -57.9371908024, -34.9374459726 ], [ -57.9371266906, -34.937388469 ], [ -57.9370671843, -34.9373350088 ], [ -57.937006606, -34.9372806295 ], [ -57.9369452803, -34.9372255163 ], [ -57.9368828835, -34.9371694841 ], [ -57.9368235885, -34.9371162973 ], [ -57.9368099989, -34.937103991 ], [ -57.9367614085, -34.9370603585 ], [ -57.93670051, -34.9370057032 ], [ -57.936636615, -34.9369482931 ], [ -57.9365693673, -34.9368849683 ], [ -57.9365082107, -34.9368275151 ], [ -57.9364598766, -34.9367867704 ], [ -57.9364598146, -34.9367786063 ], [ -57.9363122547, -34.9366440246 ], [ -57.9363119912, -34.9366442126 ], [ -57.9362383421, -34.9365787059 ], [ -57.9361792027, -34.9365237205 ], [ -57.9361125495, -34.9364629281 ], [ -57.9360570208, -34.9364123296 ], [ -57.9359625497, -34.9363261916 ], [ -57.9358721472, -34.9362436383 ], [ -57.9358107334, -34.9361877122 ], [ -57.9357535032, -34.9361351909 ], [ -57.935691664, -34.936078807 ], [ -57.9356239352, -34.9360172763 ], [ -57.9355656268, -34.9359641057 ], [ -57.935506142, -34.9359098343 ], [ -57.9354479388, -34.9358568462 ], [ -57.935448035, -34.9358557994 ], [ -57.9352178373, -34.935645841 ], [ -57.935044824, -34.9357375242 ], [ -57.9350423526, -34.9357749719 ], [ -57.9349044218, -34.9358771646 ], [ -57.9348225772, -34.9359377744 ], [ -57.9347416247, -34.9359977691 ], [ -57.9346613413, -34.9360572341 ], [ -57.934579611, -34.9361176649 ], [ -57.9344988806, -34.9361774833 ], [ -57.9344178157, -34.9362375652 ], [ -57.9343359729, -34.9362980851 ], [ -57.9342543496, -34.9363586086 ], [ -57.934173175, -34.9364186887 ], [ -57.9341157487, -34.9364612392 ], [ -57.9340702754, -34.936459204 ], [ -57.9339464981, -34.936346072 ], [ -57.9338735415, -34.9362792236 ], [ -57.9338002594, -34.9362122799 ], [ -57.9337271931, -34.9361454306 ], [ -57.9336539127, -34.9360783969 ], [ -57.9335808473, -34.9360115467 ], [ -57.9335074581, -34.9359445112 ], [ -57.9334343927, -34.935877661 ], [ -57.9333614343, -34.9358109035 ], [ -57.9332369115, -34.9356970367 ], [ -57.933239274, -34.9356595871 ], [ -57.9330947628, -34.9355529509 ], [ -57.932933053, -34.9354078102 ], [ -57.9328555665, -34.935338361 ], [ -57.9327846109, -34.9352747016 ], [ -57.9327111939, -34.9352088361 ], [ -57.9326403426, -34.9351453575 ], [ -57.9325664947, -34.935079215 ], [ -57.9324939329, -34.9350141752 ], [ -57.9324190185, -34.9349469329 ], [ -57.9323475251, -34.9348829029 ], [ -57.9322247704, -34.9347728502 ], [ -57.9322271697, -34.9347382856 ], [ -57.9322928544, -34.9346892978 ], [ -57.9323702465, -34.9346316773 ], [ -57.932450207, -34.9345720289 ], [ -57.9325706415, -34.9344824276 ], [ -57.9326517154, -34.934421986 ], [ -57.9327333478, -34.9343611037 ], [ -57.9328119647, -34.9343026028 ], [ -57.9329340737, -34.9342116786 ], [ -57.9331542071, -34.9340476234 ], [ -57.933644647, -34.9336831444 ], [ -57.9336641677, -34.9336676185 ], [ -57.9339390455, -34.9334630389 ], [ -57.9340146578, -34.9334064688 ], [ -57.9341817572, -34.9332839758 ], [ -57.9344593527, -34.9330776695 ], [ -57.934458966, -34.9330739166 ], [ -57.9345631201, -34.9329962934 ], [ -57.9346216633, -34.9329526799 ], [ -57.9346862292, -34.9329045734 ], [ -57.9347693077, -34.9328426326 ], [ -57.9348487034, -34.9327835129 ], [ -57.9349320022, -34.9327214849 ], [ -57.935012737, -34.9326613068 ], [ -57.9350951473, -34.9325998048 ], [ -57.9351755476, -34.9325398911 ], [ -57.9353024474, -34.9324453508 ], [ -57.9354023611, -34.9323708986 ], [ -57.9354114758, -34.9323700496 ], [ -57.9355841411, -34.9322417218 ], [ -57.9355841942, -34.9322414241 ], [ -57.9356532108, -34.9321903282 ], [ -57.9356725606, -34.9321760074 ], [ -57.9378331144, -34.9305701915 ], [ -57.9378330209, -34.9305688092 ], [ -57.9379230043, -34.9305018466 ], [ -57.9379897925, -34.9304522436 ], [ -57.9380561355, -34.9304029032 ], [ -57.9381360825, -34.9303434301 ], [ -57.9381965188, -34.9302984046 ], [ -57.9382866128, -34.9302313539 ], [ -57.9383682317, -34.930170647 ], [ -57.9384395938, -34.9301175168 ], [ -57.9385445168, -34.9300394521 ], [ -57.9386661645, -34.9299489641 ], [ -57.9387598262, -34.9298792693 ], [ -57.9387626753, -34.9298792693 ], [ -57.9390281147, -34.9296819715 ], [ -57.9390273997, -34.9296813132 ], [ -57.9391656408, -34.9295792105 ], [ -57.9392852731, -34.9294904906 ], [ -57.9393680008, -34.9294291712 ], [ -57.9394116215, -34.9293969116 ], [ -57.9410958521, -34.928144987 ], [ -57.9411515912, -34.9281476445 ], [ -57.9418317349, -34.9287708108 ], [ -57.9419766787, -34.9289039402 ], [ -57.9419763702, -34.9289469215 ], [ -57.9422995119, -34.9289596064 ], [ -57.9423006217, -34.9289239384 ], [ -57.9423628377, -34.9288775891 ], [ -57.9424434547, -34.9288174038 ], [ -57.9425220662, -34.9287586259 ], [ -57.9426027921, -34.9286984424 ], [ -57.9426840791, -34.9286377273 ], [ -57.9427663653, -34.9285763981 ], [ -57.942858356, -34.9285076629 ], [ -57.9429236954, -34.928458934 ], [ -57.9430083252, -34.9283957513 ], [ -57.9430890528, -34.9283354769 ], [ -57.9431721196, -34.9282735298 ], [ -57.9432311043, -34.9282294693 ], [ -57.9434300865, -34.9280816945 ], [ -57.9434780591, -34.928045933 ], [ -57.9435993677, -34.9279555241 ], [ -57.9437234652, -34.9278630001 ], [ -57.9438082011, -34.927799909 ], [ -57.9438911555, -34.9277380501 ], [ -57.9439711007, -34.9276783926 ], [ -57.9439902769, -34.9276641177 ], [ -57.9440503732, -34.9276193548 ], [ -57.9441326576, -34.9275580247 ], [ -57.9442101486, -34.9275002181 ], [ -57.944292209, -34.9274390642 ], [ -57.9443595512, -34.9273889261 ], [ -57.9443630441, -34.9273888208 ], [ -57.9445465904, -34.9272525052 ], [ -57.944547013, -34.927247728 ], [ -57.9446019553, -34.9272077432 ], [ -57.9446852074, -34.9271470597 ], [ -57.944751518, -34.9270987967 ], [ -57.9448510396, -34.9270263122 ], [ -57.9448564545, -34.927022375 ], [ -57.9456597469, -34.9264257737 ], [ -57.9456600419, -34.9264232224 ], [ -57.9457262527, -34.9263745061 ], [ -57.9458081836, -34.9263140698 ], [ -57.9458906685, -34.9262533728 ], [ -57.946046218, -34.9261387389 ], [ -57.9466171894, -34.9257146681 ], [ -57.9469836173, -34.9260491673 ], [ -57.947210152, -34.9261356354 ], [ -57.9472309848, -34.9261031842 ], [ -57.9472558915, -34.9260828775 ], [ -57.9472826428, -34.9260675585 ], [ -57.9473230997, -34.9260555354 ], [ -57.9473495514, -34.926052288 ], [ -57.9480749293, -34.9260818478 ], [ -57.9481514328, -34.9260854829 ], [ -57.9481989072, -34.9260992623 ], [ -57.9482308933, -34.9261198091 ], [ -57.9482564791, -34.9261469164 ], [ -57.9482708835, -34.9261748269 ], [ -57.9482746265, -34.9262134609 ], [ -57.9482387534, -34.92682792 ], [ -57.948235041, -34.9268671493 ], [ -57.9482268923, -34.9268955796 ], [ -57.948206448, -34.9269256043 ], [ -57.9481691792, -34.9269546237 ], [ -57.948141489, -34.9269680343 ], [ -57.9481024054, -34.9269776481 ], [ -57.9482243733, -34.9271724736 ], [ -57.9485112156, -34.9274316987 ], [ -57.9485312894, -34.9274498183 ], [ -57.9486034159, -34.9275150209 ], [ -57.9487274108, -34.9276329193 ], [ -57.9496081106, -34.9284348025 ], [ -57.9486326061, -34.9291595617 ], [ -57.9477542167, -34.9283572594 ], [ -57.9476270993, -34.9282417415 ], [ -57.9474853284, -34.9283410905 ], [ -57.947407055, -34.9283996067 ], [ -57.9473268975, -34.9284590824 ], [ -57.9472451815, -34.928519614 ], [ -57.9471643541, -34.9285796186 ], [ -57.9470846426, -34.9286387418 ], [ -57.9470031479, -34.9286991861 ], [ -57.9469248844, -34.9287572517 ], [ -57.9468409363, -34.9288195469 ], [ -57.9467581033, -34.9288809598 ], [ -57.9466746004, -34.9289429015 ], [ -57.9466096045, -34.928991098 ], [ -57.9465395923, -34.9290429951 ], [ -57.9452547426, -34.9300032939 ], [ -57.9451583047, -34.9300748395 ], [ -57.9450832896, -34.9301298051 ], [ -57.9450105056, -34.9301830954 ], [ -57.9449247903, -34.9302459004 ], [ -57.9448438676, -34.930305181 ], [ -57.9447622784, -34.9303649014 ], [ -57.9446042216, -34.9304807332 ], [ -57.9445210703, -34.9305415984 ], [ -57.9444430433, -34.9305988556 ], [ -57.9443607832, -34.9306591047 ], [ -57.9442929006, -34.9307088732 ], [ -57.9442546533, -34.9307067841 ], [ -57.9439314505, -34.930897953 ], [ -57.9439287165, -34.9309198056 ], [ -57.9439214041, -34.9309409496 ], [ -57.9439097507, -34.930960669 ], [ -57.9438939874, -34.9309784261 ], [ -57.9438747851, -34.9309936912 ], [ -57.9430551826, -34.931598211 ], [ -57.9429650075, -34.9316651952 ], [ -57.9431141736, -34.9317950393 ], [ -57.9440117581, -34.9326038275 ], [ -57.9430295159, -34.9333314888 ], [ -57.942132899, -34.9325278474 ], [ -57.9419875389, -34.932391217 ], [ -57.9413944297, -34.9328316501 ], [ -57.9405640893, -34.933448406 ], [ -57.9397733927, -34.9340371715 ], [ -57.9397520167, -34.9340517684 ], [ -57.939727771, -34.9340629829 ] ] ], [ [ [ -57.9432410373, -34.9226288136 ], [ -57.9433014799, -34.9226839996 ], [ -57.9433740066, -34.922750383 ], [ -57.9434331199, -34.9228018512 ], [ -57.9434328546, -34.9228343797 ], [ -57.9432858056, -34.9229437283 ], [ -57.9432045348, -34.9230040836 ], [ -57.9430837801, -34.9230945014 ], [ -57.9430025084, -34.9231548567 ], [ -57.942901054, -34.9232303701 ], [ -57.9427799522, -34.9233215029 ], [ -57.9427192948, -34.9233669771 ], [ -57.9426583126, -34.9234122652 ], [ -57.9425995878, -34.9234547986 ], [ -57.9424769778, -34.923549329 ], [ -57.9423307849, -34.923658031 ], [ -57.9423308173, -34.9236580607 ], [ -57.9421361591, -34.923802829 ], [ -57.9419943477, -34.9239082089 ], [ -57.9419943171, -34.923908208 ], [ -57.9417690243, -34.9240757211 ], [ -57.9417690288, -34.9240757976 ], [ -57.94167393, -34.9241464618 ], [ -57.9415932105, -34.9242065554 ], [ -57.9415139802, -34.9242653531 ], [ -57.9415081715, -34.9242696725 ], [ -57.9414447072, -34.924316958 ], [ -57.9413564109, -34.9243825095 ], [ -57.9394600366, -34.9226606172 ], [ -57.9395482196, -34.9225952446 ], [ -57.939631477, -34.9225342948 ], [ -57.9397126426, -34.9224738496 ], [ -57.9397942345, -34.9224138621 ], [ -57.9398648079, -34.922361348 ], [ -57.939956662, -34.9222935148 ], [ -57.9400191774, -34.9222481629 ], [ -57.9400793025, -34.922202141 ], [ -57.9402006795, -34.9221131783 ], [ -57.9402782892, -34.9220549256 ], [ -57.9403584899, -34.921993653 ], [ -57.9404194945, -34.9219474647 ], [ -57.9404589468, -34.9219493056 ], [ -57.9406185567, -34.9218540521 ], [ -57.9406313999, -34.921791096 ], [ -57.9403845936, -34.9216102774 ], [ -57.9403459209, -34.9216034938 ], [ -57.9397193606, -34.9210316779 ], [ -57.9396594477, -34.9209780486 ], [ -57.9396597886, -34.9209773103 ], [ -57.939355351, -34.9206994683 ], [ -57.9391900142, -34.9205468857 ], [ -57.9391340593, -34.92049619 ], [ -57.9390257818, -34.9203982863 ], [ -57.9389520599, -34.9203317886 ], [ -57.938879311, -34.9202657586 ], [ -57.9388058463, -34.9201977329 ], [ -57.9387508645, -34.9201475049 ], [ -57.9386958808, -34.9200973668 ], [ -57.9386146927, -34.9200231727 ], [ -57.9385434502, -34.9199581589 ], [ -57.9385018395, -34.9199201437 ], [ -57.9384981172, -34.9198808784 ], [ -57.9385542079, -34.9198386633 ], [ -57.9386247795, -34.9197861501 ], [ -57.9387141919, -34.9197196273 ], [ -57.9388012616, -34.9196548671 ], [ -57.9388825324, -34.9195945145 ], [ -57.9389636935, -34.9195341601 ], [ -57.9391264798, -34.9194123775 ], [ -57.9392052838, -34.9193544153 ], [ -57.9394504354, -34.9191722081 ], [ -57.9397028283, -34.9189843613 ], [ -57.9396999172, -34.9189743024 ], [ -57.9397736967, -34.9189203107 ], [ -57.9398436882, -34.9188690485 ], [ -57.9399202538, -34.9188130306 ], [ -57.9399815498, -34.9187681994 ], [ -57.9400470834, -34.9187201963 ], [ -57.9401093839, -34.918674571 ], [ -57.9401754715, -34.9186263062 ], [ -57.9402435691, -34.9185763632 ], [ -57.9403134464, -34.918525279 ], [ -57.9403732936, -34.9184815045 ], [ -57.9404390493, -34.9184333242 ], [ -57.9405554027, -34.9183481512 ], [ -57.9406509116, -34.9182783063 ], [ -57.9406890752, -34.9182791328 ], [ -57.9408265069, -34.9181691745 ], [ -57.9408333886, -34.9181433369 ], [ -57.9407036137, -34.9180082102 ], [ -57.9406506724, -34.9180076733 ], [ -57.9405084338, -34.9178765719 ], [ -57.9404550977, -34.9178261919 ], [ -57.940372691, -34.9177526094 ], [ -57.9402943268, -34.9176792751 ], [ -57.9402347989, -34.9176227518 ], [ -57.9401647561, -34.9175579403 ], [ -57.9400877193, -34.9174884129 ], [ -57.9400187539, -34.9174242507 ], [ -57.9399523263, -34.9173636454 ], [ -57.9397967967, -34.917221593 ], [ -57.9398886912, -34.9171562824 ], [ -57.9399653944, -34.9170990963 ], [ -57.9400452461, -34.9170384479 ], [ -57.940130357, -34.9169775287 ], [ -57.9402168448, -34.9169140195 ], [ -57.9402919841, -34.9168580681 ], [ -57.9403710921, -34.9168009216 ], [ -57.9404594972, -34.9167351011 ], [ -57.9405352525, -34.9166807821 ], [ -57.9406177509, -34.9166192775 ], [ -57.9406805874, -34.9165740218 ], [ -57.9407205047, -34.9165746981 ], [ -57.9408538607, -34.9164394364 ], [ -57.9407119846, -34.9163114053 ], [ -57.9406813366, -34.9163119674 ], [ -57.9405129412, -34.9161594235 ], [ -57.9404277943, -34.9160817392 ], [ -57.9403335597, -34.9159956093 ], [ -57.9402890604, -34.915955022 ], [ -57.9402080872, -34.9158811031 ], [ -57.9401336378, -34.9158131522 ], [ -57.9400446426, -34.9157318876 ], [ -57.9399210965, -34.9156191261 ], [ -57.9378055826, -34.9136876603 ], [ -57.9376342131, -34.913466392 ], [ -57.9374416323, -34.9136162352 ], [ -57.936464715, -34.9143437589 ], [ -57.9354876699, -34.9150712726 ], [ -57.9354272607, -34.9150719588 ], [ -57.9345324784, -34.9142406273 ], [ -57.9336377141, -34.9134092904 ], [ -57.9336298657, -34.9133906825 ], [ -57.9336470248, -34.9133782674 ], [ -57.9336874538, -34.9133846328 ], [ -57.9338374571, -34.9134583781 ], [ -57.9342190449, -34.9135592227 ], [ -57.9343835731, -34.9135729248 ], [ -57.9348320947, -34.9135174681 ], [ -57.9352215003, -34.9133587179 ], [ -57.9357825738, -34.9131032124 ], [ -57.9363451654, -34.9127869002 ], [ -57.9364679705, -34.9127104021 ], [ -57.9365195727, -34.9127118194 ], [ -57.9367498342, -34.912630027 ], [ -57.9375137696, -34.9120449676 ], [ -57.9384150972, -34.9128773792 ], [ -57.9385748465, -34.9130821377 ], [ -57.9386184276, -34.9130849499 ], [ -57.9387550859, -34.9129706551 ], [ -57.9387574808, -34.9129405053 ], [ -57.9388995278, -34.9128381966 ], [ -57.9390681327, -34.9127150704 ], [ -57.9391536079, -34.9126525361 ], [ -57.9392339416, -34.9125943302 ], [ -57.9393851527, -34.912484246 ], [ -57.9394480234, -34.9124375487 ], [ -57.9395034819, -34.9124378589 ], [ -57.9396358927, -34.9123270948 ], [ -57.9396367344, -34.9122934044 ], [ -57.9397152003, -34.9122355267 ], [ -57.9397767445, -34.9121893484 ], [ -57.9398599174, -34.9121269543 ], [ -57.9399410614, -34.9120669587 ], [ -57.9400230068, -34.912005535 ], [ -57.9401047264, -34.9119443784 ], [ -57.940187008, -34.9118825995 ], [ -57.9402452301, -34.9118379868 ], [ -57.9412269445, -34.9111085692 ], [ -57.9412330895, -34.9111034961 ], [ -57.9414461686, -34.9109456822 ], [ -57.9430789085, -34.9097324941 ], [ -57.9430782205, -34.9097318627 ], [ -57.9432792891, -34.9095835996 ], [ -57.9440047048, -34.9090445658 ], [ -57.9440089406, -34.9090405404 ], [ -57.9441234395, -34.9089544312 ], [ -57.9442821636, -34.9088364473 ], [ -57.9442833309, -34.9088375247 ], [ -57.9450790681, -34.9082462187 ], [ -57.9452394667, -34.9081267707 ], [ -57.945239482, -34.9081261889 ], [ -57.9453239652, -34.908063543 ], [ -57.9454694989, -34.907955467 ], [ -57.9461265013, -34.9074661926 ], [ -57.9461308945, -34.9074628687 ], [ -57.9458955914, -34.9072720461 ], [ -57.9456847615, -34.9070798609 ], [ -57.9455755488, -34.9069803249 ], [ -57.9454655878, -34.9068801449 ], [ -57.945391784, -34.9068127488 ], [ -57.9453187249, -34.9067462664 ], [ -57.9452451334, -34.9066791446 ], [ -57.9451700436, -34.9066107359 ], [ -57.9450983784, -34.9065453579 ], [ -57.9450362325, -34.9064887033 ], [ -57.9450361768, -34.9064878139 ], [ -57.9439480385, -34.9054948373 ], [ -57.9436291452, -34.9051926768 ], [ -57.9441626743, -34.9053366151 ], [ -57.9441564159, -34.9053412286 ], [ -57.9442954799, -34.9053804076 ], [ -57.9445261658, -34.9054515395 ], [ -57.9446535512, -34.9054801901 ], [ -57.9448517096, -34.9055133723 ], [ -57.9450538404, -34.9055408529 ], [ -57.9455506978, -34.9055937753 ], [ -57.9457176857, -34.9057452967 ], [ -57.9457200554, -34.9057775086 ], [ -57.945823383, -34.905898034 ], [ -57.9458720121, -34.905895702 ], [ -57.946011523, -34.9057581948 ], [ -57.9462606856, -34.9055795544 ], [ -57.9472602308, -34.9054513551 ], [ -57.9474484085, -34.9053846011 ], [ -57.947783906, -34.905288344 ], [ -57.9481061466, -34.9051752794 ], [ -57.9483126921, -34.9050912612 ], [ -57.9486963833, -34.9049089398 ], [ -57.9489749169, -34.9047453891 ], [ -57.9486558536, -34.9044527326 ], [ -57.948634269, -34.9044332308 ], [ -57.9486183923, -34.9044183713 ], [ -57.9483271136, -34.9041511962 ], [ -57.9482791797, -34.9041080306 ], [ -57.9482780403, -34.9040659252 ], [ -57.9488319552, -34.9036601349 ], [ -57.9488344814, -34.9036582472 ], [ -57.9490570996, -34.9034951938 ], [ -57.9490065082, -34.9047663658 ], [ -57.9493482677, -34.9050666593 ], [ -57.9516104961, -34.9033901395 ], [ -57.9516514917, -34.9033596246 ], [ -57.9517277246, -34.9033028729 ], [ -57.9518111987, -34.9032408359 ], [ -57.9518917789, -34.9031808223 ], [ -57.9519809368, -34.9031145558 ], [ -57.952057952, -34.9030570954 ], [ -57.9521395295, -34.9029965584 ], [ -57.952219883, -34.902936812 ], [ -57.9522834103, -34.9028894879 ], [ -57.9523481605, -34.9028413741 ], [ -57.952412802, -34.9027932577 ], [ -57.9525299477, -34.902705563 ], [ -57.9525337698, -34.902705876 ], [ -57.953655961, -34.9018741641 ], [ -57.9535887339, -34.9015504927 ], [ -57.9533000336, -34.9012870758 ], [ -57.9532231253, -34.9012169287 ], [ -57.9531497461, -34.9011499949 ], [ -57.9531027412, -34.9011070289 ], [ -57.9530485651, -34.9010575931 ], [ -57.953002349, -34.9010154869 ], [ -57.9528554879, -34.9008814375 ], [ -57.9527084137, -34.9007472038 ], [ -57.9538721265, -34.8998859753 ], [ -57.9538721346, -34.8998849851 ], [ -57.9540129999, -34.8997801143 ], [ -57.9540946862, -34.8997193974 ], [ -57.954173698, -34.8996606177 ], [ -57.954243238, -34.8996088887 ], [ -57.9543099911, -34.8995592749 ], [ -57.954368054, -34.8995160041 ], [ -57.9544782687, -34.8994340479 ], [ -57.9545957309, -34.8993465367 ], [ -57.9547092883, -34.8992621138 ], [ -57.9548128174, -34.8991850913 ], [ -57.954818823, -34.8991853323 ], [ -57.9550781893, -34.8989933738 ], [ -57.955079282, -34.8989820307 ], [ -57.9553033661, -34.8988161957 ], [ -57.9553785836, -34.8987604162 ], [ -57.9554614858, -34.8986990878 ], [ -57.9555375909, -34.8986427812 ], [ -57.95561693, -34.8985840069 ], [ -57.9556978276, -34.898524086 ], [ -57.955840791, -34.8984182574 ], [ -57.9558516575, -34.8984209167 ], [ -57.9573379086, -34.8973208795 ], [ -57.957338754, -34.8973073087 ], [ -57.9573993539, -34.8972630872 ], [ -57.9574795995, -34.8972073005 ], [ -57.9575562874, -34.8971494705 ], [ -57.9576703556, -34.8970662247 ], [ -57.9577394811, -34.8970178205 ], [ -57.9578101246, -34.8969654764 ], [ -57.957885638, -34.8969108713 ], [ -57.9579489683, -34.8968667857 ], [ -57.9580186208, -34.8968170397 ], [ -57.9582837499, -34.8966207968 ], [ -57.9583342495, -34.8966221863 ], [ -57.9585913279, -34.8968569336 ], [ -57.958626263, -34.8968888011 ], [ -57.95865725, -34.8969171288 ], [ -57.9589765903, -34.8972087286 ], [ -57.9590101611, -34.897239328 ], [ -57.9590442229, -34.897270485 ], [ -57.9591699661, -34.8973853033 ], [ -57.9595476598, -34.8974960053 ], [ -57.9596140424, -34.8974434993 ], [ -57.9596919326, -34.8973855983 ], [ -57.959803704, -34.8973023121 ], [ -57.9599130184, -34.8972210565 ], [ -57.9600001591, -34.8971561911 ], [ -57.9601568345, -34.8970395931 ], [ -57.9602610254, -34.8969620365 ], [ -57.9603695601, -34.8968813088 ], [ -57.9604765345, -34.896801726 ], [ -57.9605173277, -34.8968063764 ], [ -57.9607489832, -34.897017736 ], [ -57.9607497719, -34.8970184545 ], [ -57.9608165214, -34.8970793243 ], [ -57.9608974963, -34.8971532296 ], [ -57.9609806117, -34.8972290641 ], [ -57.9610586998, -34.8973003075 ], [ -57.9611305844, -34.897365859 ], [ -57.9611892049, -34.8974192932 ], [ -57.9612478236, -34.8974728163 ], [ -57.9613452724, -34.8975617782 ], [ -57.9613426508, -34.8976147248 ], [ -57.9612670997, -34.8976709532 ], [ -57.9611658055, -34.8977463964 ], [ -57.9610861327, -34.8978056203 ], [ -57.9610036721, -34.8978669595 ], [ -57.9609206539, -34.8979287411 ], [ -57.960831174, -34.8979952793 ], [ -57.9607458149, -34.8980588236 ], [ -57.9606760572, -34.8981107333 ], [ -57.9605978296, -34.8981689896 ], [ -57.9604469666, -34.8982811288 ], [ -57.9568014288, -34.9009932871 ], [ -57.9568020188, -34.9009938303 ], [ -57.9566852274, -34.9010807246 ], [ -57.9565666554, -34.9011688501 ], [ -57.9564903165, -34.9012256935 ], [ -57.9564855276, -34.901229128 ], [ -57.9564211109, -34.9012771599 ], [ -57.9563637171, -34.901319902 ], [ -57.956362825, -34.901320608 ], [ -57.9562494897, -34.9014048564 ], [ -57.9561924295, -34.9014473341 ], [ -57.9561561077, -34.9014740296 ], [ -57.9560106918, -34.9015815292 ], [ -57.9556568392, -34.9018058327 ], [ -57.9556524154, -34.901847483 ], [ -57.955649775, -34.9021040101 ], [ -57.9556387916, -34.9022904503 ], [ -57.9556369372, -34.9023394571 ], [ -57.955631687, -34.9024365182 ], [ -57.9556256399, -34.902530411 ], [ -57.9556201172, -34.9026207992 ], [ -57.9556151646, -34.9026914904 ], [ -57.9556121438, -34.9027427626 ], [ -57.9556087974, -34.9028082377 ], [ -57.9556043709, -34.9028985539 ], [ -57.9555983032, -34.902993257 ], [ -57.9555923632, -34.9030828268 ], [ -57.9555861974, -34.9032035734 ], [ -57.9555785721, -34.9033125802 ], [ -57.9555495078, -34.9035715463 ], [ -57.9555432179, -34.9036046045 ], [ -57.9558862535, -34.9038875851 ], [ -57.9560034046, -34.9039931503 ], [ -57.9560645253, -34.9040479334 ], [ -57.956130442, -34.9041071699 ], [ -57.9561949728, -34.9041649406 ], [ -57.9562600334, -34.9042234415 ], [ -57.9562909386, -34.9042522458 ], [ -57.9563912714, -34.9043426547 ], [ -57.9563925853, -34.9043438184 ], [ -57.9563974021, -34.9043481792 ], [ -57.9565614349, -34.9044959873 ], [ -57.9565610059, -34.9045221144 ], [ -57.9563325709, -34.9046925791 ], [ -57.9562837098, -34.9047290511 ], [ -57.956283288, -34.9047293551 ], [ -57.954320863, -34.9061937176 ], [ -57.954203336, -34.9062833899 ], [ -57.9540945801, -34.9063634772 ], [ -57.9540149982, -34.9064228783 ], [ -57.9539340529, -34.9064799124 ], [ -57.9537898322, -34.9065872492 ], [ -57.9537279499, -34.9066343305 ], [ -57.9536687637, -34.9066785736 ], [ -57.9536063696, -34.9067242052 ], [ -57.9534998485, -34.9068023473 ], [ -57.9533806596, -34.9068883863 ], [ -57.9533405507, -34.9068868089 ], [ -57.9531896769, -34.907021084 ], [ -57.9531903936, -34.9070305439 ], [ -57.9533248998, -34.9071735766 ], [ -57.9533862723, -34.9071691133 ], [ -57.9535088588, -34.9072811247 ], [ -57.9535730426, -34.9073397021 ], [ -57.9536547972, -34.9074131749 ], [ -57.9537297926, -34.9074813066 ], [ -57.9538015207, -34.9075444273 ], [ -57.9538760772, -34.9076126418 ], [ -57.9539503702, -34.9076782393 ], [ -57.9540207557, -34.9077425983 ], [ -57.9542196281, -34.9079237533 ], [ -57.9542190795, -34.9079634871 ], [ -57.9543556722, -34.9080887105 ], [ -57.954393253, -34.9080907853 ], [ -57.9545950555, -34.9082729807 ], [ -57.9547412133, -34.9084051235 ], [ -57.9548345162, -34.9084894241 ], [ -57.9549096294, -34.908557287 ], [ -57.9549778969, -34.9086189067 ], [ -57.9550453074, -34.9086797908 ], [ -57.955112717, -34.9087406749 ], [ -57.9552433651, -34.9088586777 ], [ -57.9552397642, -34.908893584 ], [ -57.9551827121, -34.9089355203 ], [ -57.955098585, -34.9089972785 ], [ -57.9550163501, -34.9090577165 ], [ -57.954931107, -34.9091203561 ], [ -57.9547707588, -34.9092382375 ], [ -57.9546056181, -34.9093596414 ], [ -57.9545233822, -34.9094200795 ], [ -57.9544395888, -34.9094815715 ], [ -57.9543591337, -34.9095407775 ], [ -57.9543017488, -34.9095828882 ], [ -57.9542596147, -34.9095835313 ], [ -57.9540347977, -34.9097819739 ], [ -57.953871068, -34.9099037609 ], [ -57.9537981734, -34.9099580476 ], [ -57.9537236098, -34.9100134764 ], [ -57.9536151605, -34.9100941996 ], [ -57.9535526342, -34.9101406397 ], [ -57.9534330388, -34.9102296456 ], [ -57.953313223, -34.9103187378 ], [ -57.9532297399, -34.9103808657 ], [ -57.9531099232, -34.9104699579 ], [ -57.9530066351, -34.9104573135 ], [ -57.9528672168, -34.9106192769 ], [ -57.9528750733, -34.9106404721 ], [ -57.9530118539, -34.9107582203 ], [ -57.9530444283, -34.9107593103 ], [ -57.9530974937, -34.9108075167 ], [ -57.953191534, -34.9108930026 ], [ -57.9532554047, -34.910951035 ], [ -57.9533644268, -34.9110500206 ], [ -57.9534721629, -34.9111479029 ], [ -57.9535457715, -34.9112147504 ], [ -57.9536175581, -34.9112800348 ], [ -57.9536907386, -34.9113465136 ], [ -57.953896267, -34.9115330987 ], [ -57.9538947993, -34.9115613716 ], [ -57.9541318003, -34.9117493883 ], [ -57.95501117, -34.9125520207 ], [ -57.9541182575, -34.9132163076 ], [ -57.9540705988, -34.9134702734 ], [ -57.9541313174, -34.9134703049 ], [ -57.9542677149, -34.9135948943 ], [ -57.9543405051, -34.9136595645 ], [ -57.9544131272, -34.9137265748 ], [ -57.9544870622, -34.9137936067 ], [ -57.9545437285, -34.9138467404 ], [ -57.954653596, -34.9139470913 ], [ -57.9547635741, -34.9140474439 ], [ -57.9548255158, -34.9141040005 ], [ -57.9548837136, -34.9141571594 ], [ -57.9552381077, -34.9144778226 ], [ -57.955531659, -34.9147468881 ], [ -57.9555990362, -34.9148085986 ], [ -57.9556662146, -34.9148701995 ], [ -57.9557393862, -34.9149372188 ], [ -57.9558158717, -34.9150073569 ], [ -57.955901131, -34.9150854837 ], [ -57.9559725885, -34.9151510317 ], [ -57.9559712269, -34.9151883185 ], [ -57.9561057151, -34.9153062951 ], [ -57.956142858, -34.9153085417 ], [ -57.95622662, -34.9153852916 ], [ -57.9562878071, -34.915441474 ], [ -57.9563493361, -34.9154971214 ], [ -57.9564597647, -34.9155971197 ], [ -57.9564725926, -34.9156092318 ], [ -57.9565717995, -34.9156984967 ], [ -57.9566403953, -34.9157603907 ], [ -57.9567893141, -34.9158965436 ], [ -57.9569109905, -34.9160062834 ], [ -57.9569825721, -34.9160712918 ], [ -57.9569825154, -34.9161132865 ], [ -57.9569286667, -34.916153836 ], [ -57.9568516488, -34.9162110284 ], [ -57.9567678248, -34.9162735133 ], [ -57.9566854721, -34.9163340404 ], [ -57.9566061078, -34.9163931753 ], [ -57.9565217235, -34.9164561917 ], [ -57.9564405867, -34.9165161981 ], [ -57.9563262388, -34.9166006993 ], [ -57.9562110023, -34.9166857257 ], [ -57.9561818805, -34.9166864973 ], [ -57.9561762993, -34.9169336013 ], [ -57.9562530483, -34.9170020325 ], [ -57.9563227341, -34.9170641253 ], [ -57.9563989517, -34.9171319162 ], [ -57.9565086725, -34.9172296491 ], [ -57.9565845654, -34.9172973438 ], [ -57.9566582127, -34.9173629287 ], [ -57.9567863445, -34.9174771021 ], [ -57.9568443625, -34.9175288158 ], [ -57.9569553703, -34.9176276513 ], [ -57.9570475364, -34.9177097684 ], [ -57.9570468233, -34.917742921 ], [ -57.9571743498, -34.9178639329 ], [ -57.9572079332, -34.9178641379 ], [ -57.957311974, -34.9179571782 ], [ -57.9574149023, -34.9180509217 ], [ -57.9574834513, -34.918114797 ], [ -57.9575537612, -34.9181782522 ], [ -57.957630548, -34.9182496566 ], [ -57.9577405441, -34.9183496459 ], [ -57.9577967148, -34.9184008776 ], [ -57.9578539774, -34.9184522172 ], [ -57.9580495844, -34.9186296166 ], [ -57.9580419024, -34.9186703118 ], [ -57.958269358, -34.9188473451 ], [ -57.9583300713, -34.9188477345 ], [ -57.9591529725, -34.9196068532 ], [ -57.9591486162, -34.9196502176 ], [ -57.9584833185, -34.920147763 ], [ -57.9584182444, -34.9201466694 ], [ -57.9582727062, -34.9202711113 ], [ -57.9582699714, -34.9203063926 ], [ -57.9584171877, -34.9204278245 ], [ -57.9584517963, -34.9204264242 ], [ -57.9585379208, -34.920505284 ], [ -57.9585998562, -34.9205623793 ], [ -57.9586598886, -34.9206168296 ], [ -57.9587321168, -34.9206824783 ], [ -57.9588086077, -34.9207527055 ], [ -57.958878798, -34.9208166985 ], [ -57.9589338932, -34.92086728 ], [ -57.9589913617, -34.9209192536 ], [ -57.9590982533, -34.9210166664 ], [ -57.9592070982, -34.9211147429 ], [ -57.9593054328, -34.9212042623 ], [ -57.9593029354, -34.9212299946 ], [ -57.959157068, -34.9213367684 ], [ -57.959070288, -34.9213992056 ], [ -57.9590004349, -34.9214496702 ], [ -57.9587666571, -34.9214435791 ], [ -57.9586556924, -34.9214399116 ], [ -57.9585071109, -34.9214353422 ], [ -57.9583683914, -34.9214302169 ], [ -57.9584030953, -34.9217032313 ], [ -57.9584195916, -34.9217174775 ], [ -57.9585078268, -34.9217951115 ], [ -57.9585049516, -34.9218228196 ], [ -57.9586417574, -34.9219493937 ], [ -57.9586791575, -34.9219502031 ], [ -57.9588149201, -34.9220747772 ], [ -57.95888523, -34.9221384115 ], [ -57.9589865827, -34.9222297835 ], [ -57.9590991166, -34.9223335994 ], [ -57.9591718574, -34.9224006996 ], [ -57.9592446099, -34.9224673484 ], [ -57.9593184559, -34.922534016 ], [ -57.9593923999, -34.922601136 ], [ -57.9594642396, -34.9226693019 ], [ -57.9595244096, -34.9227226722 ], [ -57.9595223169, -34.9227497625 ], [ -57.9594668332, -34.9227899253 ], [ -57.9593901642, -34.922846043 ], [ -57.9593052017, -34.9229101332 ], [ -57.959285002, -34.9229261052 ], [ -57.9592154673, -34.9229769357 ], [ -57.9589877149, -34.9231426241 ], [ -57.9589372099, -34.9231407841 ], [ -57.9589610617, -34.9233882029 ], [ -57.9591067887, -34.923521415 ], [ -57.9591645639, -34.9235742951 ], [ -57.9592253374, -34.9236298381 ], [ -57.9592708197, -34.9236714858 ], [ -57.9592935141, -34.9236922394 ], [ -57.9593429246, -34.923737344 ], [ -57.9594002726, -34.9237898554 ], [ -57.9594726015, -34.9238559574 ], [ -57.9595483532, -34.9239252699 ], [ -57.9596216443, -34.9239922883 ], [ -57.959697718, -34.924061877 ], [ -57.9597437264, -34.9241039248 ], [ -57.9598421608, -34.9241939856 ], [ -57.9602601989, -34.9245778837 ], [ -57.960261119, -34.9245787137 ], [ -57.9603356008, -34.9246462924 ], [ -57.9604097913, -34.924712424 ], [ -57.9604810374, -34.9247781465 ], [ -57.9605563484, -34.9248476317 ], [ -57.9606292025, -34.9249147319 ], [ -57.9607348935, -34.9250123039 ], [ -57.9608281784, -34.9250983123 ], [ -57.9608280588, -34.92509936 ], [ -57.9609996737, -34.9252569563 ], [ -57.9610015056, -34.9252572189 ], [ -57.9610571386, -34.9253083499 ], [ -57.9611290906, -34.9253721001 ], [ -57.9612017109, -34.9254398281 ], [ -57.9612773852, -34.925507967 ], [ -57.961349724, -34.9255737965 ], [ -57.961423999, -34.9256410109 ], [ -57.9614712944, -34.9256841613 ], [ -57.96156836, -34.9257722148 ], [ -57.9616423922, -34.9258404158 ], [ -57.9617153677, -34.9259070673 ], [ -57.9617873773, -34.9259729822 ], [ -57.9618466408, -34.9260277779 ], [ -57.9618457397, -34.9260338941 ], [ -57.9625944244, -34.9267213899 ], [ -57.962916692, -34.9270136147 ], [ -57.9629254828, -34.9270253877 ], [ -57.9629263875, -34.9270418948 ], [ -57.9629144787, -34.9270677395 ], [ -57.9628871465, -34.9270933252 ], [ -57.9625253061, -34.9273624815 ], [ -57.9625182833, -34.9273676805 ], [ -57.9625175791, -34.9273679494 ], [ -57.9621896261, -34.9276116459 ], [ -57.9621888796, -34.9276171029 ], [ -57.9612918976, -34.9282820922 ], [ -57.9612877814, -34.9282817811 ], [ -57.960971667, -34.9285166732 ], [ -57.9609714728, -34.928517693 ], [ -57.9605336225, -34.9288421621 ], [ -57.9604927411, -34.9288359784 ], [ -57.9553628814, -34.9241420965 ], [ -57.9552148872, -34.92424153 ], [ -57.9552119823, -34.9242748256 ], [ -57.9550180274, -34.9244141297 ], [ -57.9549479423, -34.9244649486 ], [ -57.9548562375, -34.9245315344 ], [ -57.9547609822, -34.9246001338 ], [ -57.9546747552, -34.9246620359 ], [ -57.9546310932, -34.9246577857 ], [ -57.9545271, -34.9245626707 ], [ -57.9542085422, -34.9242645976 ], [ -57.9540403267, -34.9241164011 ], [ -57.953956482, -34.9240427133 ], [ -57.9537979378, -34.9239016187 ], [ -57.9536505407, -34.9237704436 ], [ -57.9534804277, -34.9238787867 ], [ -57.9520152189, -34.924959797 ], [ -57.9519822642, -34.9249843538 ], [ -57.9519819314, -34.9249843565 ], [ -57.9509933589, -34.9257136833 ], [ -57.9509554353, -34.9257118721 ], [ -57.9507541662, -34.925528959 ], [ -57.9506685669, -34.925451093 ], [ -57.9505952704, -34.9253845198 ], [ -57.9504844217, -34.9252836078 ], [ -57.9503930425, -34.9252005985 ], [ -57.9503192127, -34.9251334749 ], [ -57.9502595067, -34.9250792071 ], [ -57.9501181629, -34.9249506544 ], [ -57.9501183635, -34.9249443034 ], [ -57.9460932237, -34.9212531008 ], [ -57.9461054806, -34.9212310486 ], [ -57.9459675174, -34.9209542121 ], [ -57.9457542809, -34.9209450183 ], [ -57.9455859989, -34.9212084747 ], [ -57.9455966361, -34.9212294721 ], [ -57.9454325728, -34.921351484 ], [ -57.9453941852, -34.9213800617 ], [ -57.9453252504, -34.9214312979 ], [ -57.9452369873, -34.9214969367 ], [ -57.9451850461, -34.9215355851 ], [ -57.9451061144, -34.9215943594 ], [ -57.9450472915, -34.9216380098 ], [ -57.9449872905, -34.9216826314 ], [ -57.944958514, -34.9217040605 ], [ -57.9448346576, -34.9217961403 ], [ -57.9447974041, -34.9217938875 ], [ -57.9446752177, -34.9216823733 ], [ -57.9446654978, -34.9216735087 ], [ -57.9446373472, -34.9216478106 ], [ -57.9441131675, -34.9211694063 ], [ -57.9438048619, -34.9208878817 ], [ -57.9434664596, -34.9211152914 ], [ -57.9434744843, -34.9211357042 ], [ -57.9432822794, -34.9212789842 ], [ -57.9431948796, -34.9213438317 ], [ -57.9431253036, -34.9213939823 ], [ -57.9426975222, -34.9217103953 ], [ -57.9426742909, -34.9217118046 ], [ -57.9424213242, -34.9218827117 ], [ -57.9424207108, -34.9219160451 ], [ -57.9425695909, -34.9220225644 ], [ -57.9426452904, -34.9220889128 ], [ -57.9427185681, -34.9221558511 ], [ -57.9427915139, -34.9222229639 ], [ -57.9428768929, -34.9223004711 ], [ -57.9429397429, -34.9223556067 ], [ -57.9430116868, -34.9224234237 ], [ -57.9430859699, -34.922489567 ], [ -57.943158503, -34.9225556816 ], [ -57.9432410373, -34.9226288136 ] ] ] ] } },
{ "type": "Feature", "properties": { "ZONA_COD": "Di RT", "ZONA_DESC": "D. Recuperación Territorial", "DIST_TPO": "Reg. Específica", "NOTAS": "Ver Codigo de Ordenamiento Territorial Ordenanza 12692" }, "geometry": { "type": "MultiPolygon", "coordinates": [ [ [ [ -58.0634467486, -34.8512941707 ], [ -58.0628296689, -34.8522430643 ], [ -58.0601665604, -34.8509929608 ], [ -58.057808288, -34.8464746013 ], [ -58.0578994991, -34.8464264013 ], [ -58.0634467486, -34.8512941707 ] ] ], [ [ [ -58.0422866694, -34.9618589895 ], [ -58.0445886344, -34.9639676929 ], [ -58.0414180673, -34.9664097722 ], [ -58.0390775007, -34.9642770452 ], [ -58.0408367842, -34.962946519 ], [ -58.0392169955, -34.9614508619 ], [ -58.0406765205, -34.9603811714 ], [ -58.0422866694, -34.9618589895 ] ] ], [ [ [ -58.0105067768, -34.9102041552 ], [ -58.0100881028, -34.9098228346 ], [ -58.0100694113, -34.9098365276 ], [ -58.0075188395, -34.907587539 ], [ -58.0045762659, -34.904802746 ], [ -58.0077883475, -34.9024093101 ], [ -58.0137189114, -34.9078105655 ], [ -58.0105067768, -34.9102041552 ] ] ], [ [ [ -58.057465497, -34.8466873117 ], [ -58.0597472273, -34.8508193628 ], [ -58.0542970326, -34.8482241559 ], [ -58.057465497, -34.8466873117 ] ] ], [ [ [ -58.0058795985, -34.9034495326 ], [ -58.0044366767, -34.9045181052 ], [ -58.0035208944, -34.9036844031 ], [ -58.0025488316, -34.9027994819 ], [ -58.0020071528, -34.9023063567 ], [ -58.0012169635, -34.9015869026 ], [ -58.0020645988, -34.9009556703 ], [ -58.0022149556, -34.9008449511 ], [ -58.003187924, -34.9001192513 ], [ -58.0033257631, -34.9000194095 ], [ -58.0043022523, -34.8992920468 ], [ -58.005078638, -34.9000035931 ], [ -58.0056121068, -34.9004926048 ], [ -58.0066375201, -34.9013882001 ], [ -58.0075671988, -34.9021903846 ], [ -58.0058795985, -34.9034495326 ] ] ], [ [ [ -58.0011441922, -34.9069175162 ], [ -58.0010160406, -34.9068122884 ], [ -58.0008074671, -34.9067784082 ], [ -58.0006688438, -34.9065649874 ], [ -58.0006918413, -34.9065460836 ], [ -57.999116783, -34.9052527785 ], [ -57.9991880768, -34.9051999703 ], [ -58.0022749304, -34.9029343946 ], [ -58.0042003187, -34.9046791432 ], [ -58.0012886988, -34.9068565791 ], [ -58.0012385202, -34.9068484285 ], [ -58.0011441922, -34.9069175162 ] ] ], [ [ [ -57.9972482364, -35.0093784452 ], [ -57.995610865, -35.0105979357 ], [ -57.9941058541, -35.0092334664 ], [ -57.9940943167, -35.0092423373 ], [ -57.9916770703, -35.0070314871 ], [ -57.993348955, -35.0057928832 ], [ -57.9972482364, -35.0093784452 ] ] ], [ [ [ -57.9839132015, -35.0086466254 ], [ -57.9858205584, -35.0072152582 ], [ -57.9876155278, -35.0058680747 ], [ -57.9887121539, -35.0068865794 ], [ -57.9869040085, -35.0082435943 ], [ -57.9850100408, -35.0096648963 ], [ -57.9839132015, -35.0086466254 ] ] ], [ [ [ -57.9975537433, -35.0055317003 ], [ -57.9966789458, -35.0047457486 ], [ -57.9958041644, -35.0039598823 ], [ -57.9974129589, -35.0027701935 ], [ -57.9982808695, -35.0035595401 ], [ -57.9991487944, -35.0043489713 ], [ -58.0000167382, -35.0051383072 ], [ -58.0015952768, -35.0039752796 ], [ -58.0028421769, -35.0051305928 ], [ -58.0018019257, -35.0059125551 ], [ -58.0007616556, -35.0066944176 ], [ -57.9997212551, -35.0074763583 ], [ -57.9984285561, -35.0063176448 ], [ -57.9975537433, -35.0055317003 ] ] ], [ [ [ -58.0013468805, -34.9071802181 ], [ -58.0044648812, -34.9049076196 ], [ -58.0103790892, -34.9103136342 ], [ -58.0072920134, -34.9125448027 ], [ -58.0013468805, -34.9071802181 ] ] ], [ [ [ -57.9912772983, -35.0040121851 ], [ -57.992178991, -35.0048244834 ], [ -57.9930808095, -35.0056368679 ], [ -57.9930741743, -35.0057246238 ], [ -57.9920271656, -35.0065190957 ], [ -57.9904517971, -35.0076927712 ], [ -57.9903672995, -35.0076993021 ], [ -57.9894541432, -35.0068939196 ], [ -57.9885411128, -35.0060886226 ], [ -57.9885557933, -35.0059766678 ], [ -57.9901272075, -35.0047986261 ], [ -57.9911631806, -35.0040163337 ], [ -57.9912772983, -35.0040121851 ] ] ], [ [ [ -57.8763117883, -34.9542246743 ], [ -57.8748868395, -34.9529081757 ], [ -57.8770428705, -34.9513127829 ], [ -57.8778374395, -34.9507248673 ], [ -57.8789447541, -34.9499054014 ], [ -57.8803907875, -34.9512368198 ], [ -57.8818199775, -34.9525525172 ], [ -57.8833288681, -34.9539416829 ], [ -57.8840491154, -34.9546047971 ], [ -57.8799733132, -34.9576070668 ], [ -57.8792443632, -34.9569336841 ], [ -57.8777381715, -34.9555424428 ], [ -57.8763117883, -34.9542246743 ] ] ], [ [ [ -57.919768312, -34.9699327044 ], [ -57.9188005389, -34.9690494488 ], [ -57.9184270918, -34.9687085275 ], [ -57.9170572346, -34.9674581596 ], [ -57.9188971522, -34.9660788253 ], [ -57.9190184491, -34.965987902 ], [ -57.9224180142, -34.9634393663 ], [ -57.9210961924, -34.9622340248 ], [ -57.9231601284, -34.9606934501 ], [ -57.9272222735, -34.9644097879 ], [ -57.9259641246, -34.9653389584 ], [ -57.9251573338, -34.9659371668 ], [ -57.9244916539, -34.9664308109 ], [ -57.9244577404, -34.9664559146 ], [ -57.9217522155, -34.9684618911 ], [ -57.9216308331, -34.9685518242 ], [ -57.919768312, -34.9699327044 ] ] ], [ [ [ -57.8736970328, -34.962165661 ], [ -57.8757823025, -34.9606760276 ], [ -57.8778318107, -34.9592118647 ], [ -57.8785760554, -34.9598909311 ], [ -57.8790141197, -34.9602905071 ], [ -57.8806991686, -34.9590385519 ], [ -57.8810495859, -34.958778191 ], [ -57.8814374401, -34.9591256944 ], [ -57.8827916896, -34.9603391424 ], [ -57.8827810191, -34.960366713 ], [ -57.880690742, -34.9618221371 ], [ -57.8829127033, -34.9639274833 ], [ -57.8820711348, -34.9645130777 ], [ -57.8808777569, -34.9653435018 ], [ -57.8786734026, -34.9633243988 ], [ -57.8778068428, -34.9639697235 ], [ -57.8766412549, -34.9648376296 ], [ -57.8746296837, -34.9663354153 ], [ -57.8716388992, -34.9636359078 ], [ -57.8736970328, -34.962165661 ] ] ], [ [ [ -57.8787773084, -34.9497519789 ], [ -57.8776604206, -34.9505734394 ], [ -57.8768636033, -34.9511594224 ], [ -57.8747089509, -34.9527438417 ], [ -57.8734307705, -34.9515524567 ], [ -57.8708382967, -34.949135669 ], [ -57.8727873209, -34.9476721671 ], [ -57.8735764193, -34.9470796776 ], [ -57.8763164683, -34.9494237398 ], [ -57.8770825243, -34.9488586715 ], [ -57.877481281, -34.9485644691 ], [ -57.8787773084, -34.9497519789 ] ] ], [ [ [ -57.8692634686, -34.965172913 ], [ -57.8653077853, -34.961564332 ], [ -57.8640535665, -34.9604285126 ], [ -57.862800989, -34.959294061 ], [ -57.8615483341, -34.9581596849 ], [ -57.8603226166, -34.9570093702 ], [ -57.8632450283, -34.9548234079 ], [ -57.8661995405, -34.9526133338 ], [ -57.8692245595, -34.95047237 ], [ -57.870691932, -34.9493526286 ], [ -57.8753693662, -34.9535718654 ], [ -57.8756722911, -34.9538450858 ], [ -57.8757462082, -34.9539116248 ], [ -57.8777493069, -34.955696378 ], [ -57.8759471986, -34.9570190604 ], [ -57.8736266456, -34.9587220319 ], [ -57.8757111616, -34.9606162065 ], [ -57.8692634686, -34.965172913 ] ] ], [ [ [ -58.1174597726, -35.0445126912 ], [ -58.1180379611, -35.0450462581 ], [ -58.1177481788, -35.045263099 ], [ -58.1166733289, -35.0460674149 ], [ -58.1157599208, -35.0467505831 ], [ -58.113281168, -35.0444990395 ], [ -58.115585544, -35.0427829127 ], [ -58.1168232189, -35.0439251335 ], [ -58.1174597726, -35.0445126912 ] ] ], [ [ [ -58.1100282401, -35.0450309336 ], [ -58.109267562, -35.0443395663 ], [ -58.1064764477, -35.0418024709 ], [ -58.1065627584, -35.0407073179 ], [ -58.1066834852, -35.0396923691 ], [ -58.1071046637, -35.0388767703 ], [ -58.1120926141, -35.0434192802 ], [ -58.1100282401, -35.0450309336 ] ] ], [ [ [ -58.0988128677, -35.0471404734 ], [ -58.0981660204, -35.0465340038 ], [ -58.0970665615, -35.0454946996 ], [ -58.0981122086, -35.0447193923 ], [ -58.098936949, -35.0441083272 ], [ -58.1002186502, -35.0431651102 ], [ -58.1013321817, -35.0442028936 ], [ -58.1019713704, -35.0448185992 ], [ -58.102592301, -35.0454044563 ], [ -58.0994394425, -35.0477284177 ], [ -58.0988128677, -35.0471404734 ] ] ], [ [ [ -58.1295690342, -34.9093053017 ], [ -58.130893982, -34.9104789961 ], [ -58.1319403243, -34.9114058725 ], [ -58.131291047, -34.911891474 ], [ -58.1311743007, -34.9119788099 ], [ -58.1299874582, -34.9128665531 ], [ -58.1298785269, -34.9129758172 ], [ -58.1286634241, -34.9118732879 ], [ -58.1289051268, -34.9117034339 ], [ -58.1286096374, -34.9114377067 ], [ -58.1277179218, -34.9106360231 ], [ -58.1295690342, -34.9093053017 ] ] ], [ [ [ -58.1256798845, -34.9173509245 ], [ -58.1271977243, -34.9162358119 ], [ -58.1287705972, -34.9150803405 ], [ -58.1303457921, -34.9164590506 ], [ -58.1287849405, -34.9176133134 ], [ -58.1287808315, -34.9176097476 ], [ -58.1272595842, -34.9187283019 ], [ -58.1256798845, -34.9173509245 ] ] ], [ [ [ -58.0040918883, -34.8933034964 ], [ -58.0050101663, -34.8941196113 ], [ -58.0015743514, -34.8966096812 ], [ -57.9992070237, -34.8944894584 ], [ -57.9993733173, -34.8944490852 ], [ -57.9993662388, -34.8944427629 ], [ -57.9993806045, -34.8943916302 ], [ -58.0029576652, -34.8935788661 ], [ -58.0040918883, -34.8933034964 ] ] ], [ [ [ -57.961368527, -34.9950301432 ], [ -57.9588563545, -34.9927310714 ], [ -57.9578630246, -34.9918219143 ], [ -57.9591307719, -34.9908838369 ], [ -57.9602838115, -34.9900306015 ], [ -57.9623566868, -34.9913675499 ], [ -57.9625132984, -34.9914684988 ], [ -57.9642807432, -34.9928749953 ], [ -57.9627402072, -34.994003925 ], [ -57.961368527, -34.9950301432 ] ] ], [ [ [ -57.9100864024, -34.9621889993 ], [ -57.9125909099, -34.9644543133 ], [ -57.912209833, -34.9647350565 ], [ -57.9118192745, -34.9650226651 ], [ -57.9114287125, -34.9653102728 ], [ -57.9110381486, -34.9655978777 ], [ -57.910647582, -34.9658854827 ], [ -57.9105370284, -34.9659668489 ], [ -57.9080546909, -34.9637213407 ], [ -57.9100864024, -34.9621889993 ] ] ], [ [ [ -57.8601770002, -34.9532799662 ], [ -57.8601793447, -34.9532823314 ], [ -57.8601811595, -34.9532809797 ], [ -57.8602127069, -34.9533159894 ], [ -57.8622724448, -34.9553939693 ], [ -57.8581315093, -34.9584881632 ], [ -57.8560372391, -34.9563381378 ], [ -57.8601770002, -34.9532799662 ] ] ], [ [ [ -57.8472945788, -34.9568603651 ], [ -57.8488345725, -34.9558505632 ], [ -57.8505931365, -34.9575617068 ], [ -57.8489764252, -34.9585788571 ], [ -57.8472945788, -34.9568603651 ] ] ], [ [ [ -57.9262554142, -34.9494372917 ], [ -57.9272185017, -34.9503098634 ], [ -57.9282775811, -34.9512831961 ], [ -57.9284702051, -34.9514577086 ], [ -57.9236026093, -34.9556822299 ], [ -57.9230568836, -34.9551862555 ], [ -57.9219978203, -34.9542128779 ], [ -57.9214094875, -34.9536711083 ], [ -57.925688763, -34.9499333577 ], [ -57.9262554142, -34.9494372917 ] ] ], [ [ [ -57.9136116171, -34.9813500771 ], [ -57.9115041467, -34.982855241 ], [ -57.9109938372, -34.9832476233 ], [ -57.9109763256, -34.9832322134 ], [ -57.9099830442, -34.9839416193 ], [ -57.9093279789, -34.9833410565 ], [ -57.9128832274, -34.9806787917 ], [ -57.9136116171, -34.9813500771 ] ] ], [ [ [ -57.9684032921, -34.988451651 ], [ -57.9698325504, -34.9873826953 ], [ -57.9728405632, -34.9900967143 ], [ -57.9715342296, -34.991065294 ], [ -57.9684032921, -34.988451651 ] ] ], [ [ [ -57.884052995, -34.9853581963 ], [ -57.8815575032, -34.9831330119 ], [ -57.8836997333, -34.9816117151 ], [ -57.8847505893, -34.9825544591 ], [ -57.8853640555, -34.9831047723 ], [ -57.8861529444, -34.983812509 ], [ -57.8867920089, -34.9833421402 ], [ -57.8868960272, -34.9832655495 ], [ -57.888239421, -34.9822767323 ], [ -57.8906106032, -34.9844282479 ], [ -57.8885262274, -34.9859413923 ], [ -57.8864210215, -34.9874695455 ], [ -57.884052995, -34.9853581963 ] ] ], [ [ [ -58.0023543199, -34.9990686991 ], [ -58.0042932088, -35.0008692866 ], [ -58.0011312608, -35.0032442486 ], [ -57.9991591375, -35.0014554098 ], [ -58.0023543199, -34.9990686991 ] ] ], [ [ [ -58.0052230502, -35.0013157074 ], [ -58.0026093065, -34.9989324904 ], [ -58.0058472732, -34.996507456 ], [ -58.0084614163, -34.9989428803 ], [ -58.0052230502, -35.0013157074 ] ] ], [ [ [ -58.0065799626, -34.9931969643 ], [ -58.0069930761, -34.9928838248 ], [ -58.0065393411, -34.9924652471 ], [ -58.0070387877, -34.9920826008 ], [ -58.0070851882, -34.9920839039 ], [ -58.0089540622, -34.9937527741 ], [ -58.0089519308, -34.9937910402 ], [ -58.0024199794, -34.9986834376 ], [ -58.0023734764, -34.9986816812 ], [ -58.0005204754, -34.9969917939 ], [ -58.0005229423, -34.9969534432 ], [ -58.0061146219, -34.9927827905 ], [ -58.0065799626, -34.9931969643 ] ] ], [ [ [ -57.9976751869, -34.9991635784 ], [ -57.9980607685, -34.998875066 ], [ -57.9986451668, -34.9984377572 ], [ -57.9994652856, -34.997824049 ], [ -58.0002855024, -34.9972103364 ], [ -58.0012344004, -34.9980593045 ], [ -58.0021832077, -34.9989083535 ], [ -57.999998088, -35.0005491216 ], [ -57.9997249145, -35.0007542363 ], [ -57.9989055017, -35.0013694841 ], [ -57.997812883, -35.0021898457 ], [ -57.9972665115, -35.0026000642 ], [ -57.9964470565, -35.0032152994 ], [ -57.9956275888, -35.0038305284 ], [ -57.9946755512, -35.0029753369 ], [ -57.9937236431, -35.002120141 ], [ -57.9945439471, -35.0015063807 ], [ -57.9953641271, -35.0008927022 ], [ -57.9961844041, -35.0002790202 ], [ -57.9970046712, -34.9996652419 ], [ -57.9976751869, -34.9991635784 ] ] ], [ [ [ -57.9924666166, -35.0030582194 ], [ -57.9934516468, -35.0023105716 ], [ -57.9935828705, -35.0023144539 ], [ -57.9944767651, -35.003109934 ], [ -57.995370568, -35.0039054068 ], [ -57.9953755206, -35.0040256174 ], [ -57.9943778586, -35.0047700987 ], [ -57.9933819925, -35.005503065 ], [ -57.9932085393, -35.0054925367 ], [ -57.992338885, -35.0046996107 ], [ -57.9914692469, -35.0039066785 ], [ -57.9914660768, -35.0037944278 ], [ -57.9924666166, -35.0030582194 ] ] ], [ [ [ -57.975036526, -34.9851258169 ], [ -57.9771864237, -34.9835290688 ], [ -57.9791665069, -34.9853629052 ], [ -57.9770564051, -34.9869617037 ], [ -57.975036526, -34.9851258169 ] ] ], [ [ [ -57.9898641585, -34.9120224621 ], [ -57.9879965274, -34.9103243181 ], [ -57.990085505, -34.9087772845 ], [ -57.9919367442, -34.9104706198 ], [ -57.9898641585, -34.9120224621 ] ] ], [ [ [ -57.951797976, -35.0961537542 ], [ -57.9467775772, -35.0919942494 ], [ -57.9452495688, -35.0919870099 ], [ -57.9431081265, -35.0937163522 ], [ -57.9415256966, -35.0924054087 ], [ -57.9449448165, -35.0891933469 ], [ -57.9477784579, -35.0915409686 ], [ -57.9493579039, -35.0904440296 ], [ -57.9540413825, -35.0943236042 ], [ -57.951797976, -35.0961537542 ] ] ], [ [ [ -57.9473925822, -35.0053478681 ], [ -57.9459393848, -35.0064211874 ], [ -57.9423957556, -35.0032195335 ], [ -57.9438537607, -35.0021504833 ], [ -57.9452826081, -35.0011028198 ], [ -57.948816843, -35.0042958502 ], [ -57.9473925822, -35.0053478681 ] ] ], [ [ [ -57.9179652531, -35.111940984 ], [ -57.9198020473, -35.1108424702 ], [ -57.9201204469, -35.1107072643 ], [ -57.9206005284, -35.1104973311 ], [ -57.9214157683, -35.110044785 ], [ -57.9221663344, -35.1095346221 ], [ -57.9228687004, -35.108983165 ], [ -57.9252582441, -35.1109786384 ], [ -57.9210385684, -35.1142423365 ], [ -57.9182591992, -35.116391834 ], [ -57.9146084373, -35.1133301668 ], [ -57.9179652531, -35.111940984 ] ] ], [ [ [ -57.8798837533, -35.0126893838 ], [ -57.8808191634, -35.012045221 ], [ -57.8841146337, -35.0150089638 ], [ -57.8831970464, -35.0156534629 ], [ -57.8798837533, -35.0126893838 ] ] ], [ [ [ -57.9528095433, -34.995554376 ], [ -57.9545575691, -34.9971567827 ], [ -57.9563081201, -34.9987616399 ], [ -57.9538822493, -35.0005538611 ], [ -57.9503942449, -34.9973495901 ], [ -57.9528095433, -34.995554376 ] ] ], [ [ [ -57.948526639, -34.99872406 ], [ -57.947292663, -34.9996288886 ], [ -57.9438224742, -34.9964204996 ], [ -57.945023374, -34.9955328085 ], [ -57.9467331309, -34.9942689103 ], [ -57.950228239, -34.9974761067 ], [ -57.948526639, -34.99872406 ] ] ], [ [ [ -57.9768057848, -35.0168292528 ], [ -57.9742680292, -35.0187071541 ], [ -57.9718322398, -35.0163638356 ], [ -57.9728809878, -35.0155593992 ], [ -57.9729019465, -35.0155797527 ], [ -57.97433952, -35.0145260288 ], [ -57.9754604071, -35.0155728153 ], [ -57.9754679695, -35.0155674077 ], [ -57.9768057848, -35.0168292528 ] ] ], [ [ [ -58.0036651402, -35.0131891811 ], [ -58.0046874464, -35.012396185 ], [ -58.0056700852, -35.0132764055 ], [ -58.0046353801, -35.0140566789 ], [ -58.0036006561, -35.0148369424 ], [ -58.0026427055, -35.0139821646 ], [ -58.0036651402, -35.0131891811 ] ] ], [ [ [ -58.0016290194, -34.8925176166 ], [ -58.0020943178, -34.8921740675 ], [ -58.0020013054, -34.8919093844 ], [ -58.0022524195, -34.8917338125 ], [ -58.0029241699, -34.8923498364 ], [ -58.003803089, -34.8931558097 ], [ -58.0037936623, -34.8931837723 ], [ -58.0022983992, -34.8935251801 ], [ -58.0021063498, -34.8929553427 ], [ -58.0016290194, -34.8925176166 ] ] ], [ [ [ -58.0345373156, -34.9034155292 ], [ -58.0345058484, -34.9034231312 ], [ -58.0345093027, -34.9034296755 ], [ -58.0321560781, -34.9046158813 ], [ -58.0321084527, -34.9046083513 ], [ -58.0316565317, -34.9041094191 ], [ -58.0315168931, -34.9039604392 ], [ -58.0293463344, -34.9016159858 ], [ -58.0293580804, -34.9015867965 ], [ -58.0328472827, -34.9007432972 ], [ -58.0335535203, -34.9005725941 ], [ -58.0335909105, -34.9005642772 ], [ -58.0345373156, -34.9034155292 ] ] ], [ [ [ -58.123348009, -34.9137785952 ], [ -58.122379146, -34.9144726209 ], [ -58.122293589, -34.914535015 ], [ -58.1227592714, -34.9149417262 ], [ -58.1193795841, -34.9175322125 ], [ -58.1140048156, -34.9128923772 ], [ -58.117442922, -34.910386848 ], [ -58.1185637146, -34.9113738917 ], [ -58.1217844234, -34.9089684588 ], [ -58.1255121241, -34.9122283672 ], [ -58.1245017034, -34.9129521407 ], [ -58.123348009, -34.9137785952 ] ] ], [ [ [ -58.0632278347, -34.9409204853 ], [ -58.0645883462, -34.9422557843 ], [ -58.0659858072, -34.9436273457 ], [ -58.0673678044, -34.9449835953 ], [ -58.0657245694, -34.9461239627 ], [ -58.0641403723, -34.9472233416 ], [ -58.0627801252, -34.9458738018 ], [ -58.0613823872, -34.94448688 ], [ -58.0600267231, -34.9431417091 ], [ -58.0632278347, -34.9409204853 ] ] ], [ [ [ -58.1871204075, -34.9452049212 ], [ -58.1859260449, -34.9461451884 ], [ -58.1855219426, -34.9464848912 ], [ -58.1855061208, -34.946471297 ], [ -58.1847292675, -34.9470745928 ], [ -58.1813019242, -34.9441618929 ], [ -58.1825220614, -34.9432201642 ], [ -58.1837114068, -34.9422937339 ], [ -58.1867371137, -34.9448816931 ], [ -58.1871204075, -34.9452049212 ] ] ], [ [ [ -58.1398272986, -34.9123730547 ], [ -58.1379639753, -34.9107318477 ], [ -58.1392217221, -34.909780311 ], [ -58.1411025202, -34.9113987858 ], [ -58.1398272986, -34.9123730547 ] ] ], [ [ [ -58.1478348279, -34.8893897349 ], [ -58.1494608786, -34.8908401723 ], [ -58.1466778519, -34.8929536052 ], [ -58.1482951666, -34.8943908568 ], [ -58.1462057438, -34.8959868998 ], [ -58.1447806016, -34.8947208153 ], [ -58.1429370652, -34.893082961 ], [ -58.1478348279, -34.8893897349 ] ] ], [ [ [ -58.0467218173, -35.1297735572 ], [ -58.0490943826, -35.1316597575 ], [ -58.049104991, -35.1319093769 ], [ -58.0489706701, -35.1321321498 ], [ -58.047363238, -35.1335570707 ], [ -58.0448313245, -35.1313612311 ], [ -58.0465845897, -35.1298102756 ], [ -58.0467218173, -35.1297735572 ] ] ], [ [ [ -58.0213292983, -35.1441567214 ], [ -58.0152056409, -35.1489218143 ], [ -58.0263115029, -35.1586373154 ], [ -58.0185159339, -35.1674934863 ], [ -58.0056453826, -35.1564474743 ], [ -58.0036431653, -35.1546279992 ], [ -58.009309351, -35.1502388157 ], [ -58.0039636342, -35.1455843097 ], [ -58.0051790104, -35.1446425072 ], [ -58.0167118642, -35.1357026759 ], [ -58.0228945234, -35.141061674 ], [ -58.0202014855, -35.1431494294 ], [ -58.0213292983, -35.1441567214 ] ] ], [ [ [ -58.0947748389, -35.0663006914 ], [ -58.0931238491, -35.0646482474 ], [ -58.0942822271, -35.0634351447 ], [ -58.0942738859, -35.062030669 ], [ -58.0970153271, -35.0644671401 ], [ -58.096207949, -35.065127935 ], [ -58.0947748389, -35.0663006914 ] ] ], [ [ [ -58.0929554384, -35.0486574318 ], [ -58.0925464636, -35.0486242342 ], [ -58.0925748121, -35.0479330054 ], [ -58.0965496491, -35.051577026 ], [ -58.0956633646, -35.0522621763 ], [ -58.0928729823, -35.0497386624 ], [ -58.0928867815, -35.0497249109 ], [ -58.0929554384, -35.0486574318 ] ] ], [ [ [ -58.091984194, -35.0320051756 ], [ -58.0919995382, -35.0325048362 ], [ -58.0910519532, -35.0332711261 ], [ -58.0904590643, -35.033401588 ], [ -58.0892970665, -35.0325154087 ], [ -58.0865736136, -35.0302165805 ], [ -58.0875388811, -35.0296890058 ], [ -58.0884749243, -35.0291126582 ], [ -58.0885710213, -35.0290274762 ], [ -58.0906587345, -35.0283480402 ], [ -58.0920714103, -35.0281230299 ], [ -58.0923755655, -35.0284145775 ], [ -58.091984194, -35.0320051756 ] ] ], [ [ [ -58.1354725681, -35.0467419766 ], [ -58.1290689356, -35.041182829 ], [ -58.1278722428, -35.0420899986 ], [ -58.1261807251, -35.040557052 ], [ -58.1338101083, -35.0349078112 ], [ -58.1393743362, -35.0437528216 ], [ -58.1354725681, -35.0467419766 ] ] ], [ [ [ -58.109507601, -35.033204364 ], [ -58.1070376283, -35.0309672527 ], [ -58.1116044261, -35.0275645347 ], [ -58.1140747451, -35.02980219 ], [ -58.109507601, -35.033204364 ] ] ], [ [ [ -58.1018207987, -35.0103004697 ], [ -58.0951952216, -35.0152810852 ], [ -58.0937554906, -35.0139838023 ], [ -58.1004098433, -35.0090366992 ], [ -58.1018207987, -35.0103004697 ] ] ], [ [ [ -58.2375762342, -34.9854144372 ], [ -58.2427592942, -34.9816008252 ], [ -58.2438891485, -34.9826405341 ], [ -58.2451162761, -34.9816789943 ], [ -58.246637563, -34.9829941673 ], [ -58.2475980038, -34.9838166297 ], [ -58.2464192723, -34.9878226508 ], [ -58.2454144499, -34.9912893457 ], [ -58.2427074447, -34.9888938944 ], [ -58.2405085591, -34.9905116651 ], [ -58.239119844, -34.991533357 ], [ -58.2346209639, -34.9875885366 ], [ -58.2360085558, -34.9865675102 ], [ -58.2375762342, -34.9854144372 ] ] ], [ [ [ -58.2124612865, -34.9816693473 ], [ -58.2131959148, -34.9822946252 ], [ -58.2024900389, -34.9897249364 ], [ -58.1990524523, -34.9868025633 ], [ -58.2124612865, -34.9816693473 ] ] ], [ [ [ -58.1788593161, -34.9872615404 ], [ -58.1760296856, -34.9847329238 ], [ -58.183416975, -34.9824407605 ], [ -58.1842415616, -34.9831775067 ], [ -58.1849748049, -34.9826210584 ], [ -58.185339748, -34.9829297786 ], [ -58.1856676858, -34.9826775601 ], [ -58.1851175175, -34.9819597968 ], [ -58.1865563419, -34.9808380904 ], [ -58.1905126323, -34.9777533663 ], [ -58.1897586937, -34.9771047753 ], [ -58.1987824713, -34.9700577084 ], [ -58.2120872782, -34.9813348876 ], [ -58.1900696559, -34.9898093728 ], [ -58.189473561, -34.9900840995 ], [ -58.184362328, -34.9920930087 ], [ -58.1796494371, -34.987967519 ], [ -58.1788593161, -34.9872615404 ] ] ], [ [ [ -58.2583678035, -35.0395460557 ], [ -58.2568572258, -35.038099811 ], [ -58.259933713, -35.0357238282 ], [ -58.2615442288, -35.0371134157 ], [ -58.2583678035, -35.0395460557 ] ] ], [ [ [ -58.1485142603, -35.0460673222 ], [ -58.1472088269, -35.0464246885 ], [ -58.146570427, -35.0465310496 ], [ -58.1460127601, -35.0466386418 ], [ -58.1455277926, -35.0466561093 ], [ -58.145052732, -35.0466820197 ], [ -58.1446591554, -35.0466759996 ], [ -58.1440940187, -35.0466673526 ], [ -58.1438735032, -35.0465976273 ], [ -58.1430523376, -35.0464201865 ], [ -58.1462936202, -35.0439146465 ], [ -58.1485142603, -35.0460673222 ] ] ] ] } },
{ "type": "Feature", "properties": { "ZONA_COD": "Di UC", "ZONA_DESC": "D. Urbanizaciones Cerradas", "DIST_TPO": "Reg. Específica", "NOTAS": "Ver Codigo de Ordenamiento Territorial Ordenanza 12692" }, "geometry": { "type": "MultiPolygon", "coordinates": [ [ [ [ -58.0811729958, -35.0976449048 ], [ -58.0889307097, -35.1045963845 ], [ -58.0814974775, -35.1095648375 ], [ -58.075358118, -35.1040857378 ], [ -58.0685522583, -35.0984190826 ], [ -58.0719317442, -35.0895454719 ], [ -58.0811729958, -35.0976449048 ], [ -58.0805671774, -35.0980746449 ], [ -58.0801162196, -35.0984233849 ], [ -58.0800172924, -35.0985147156 ], [ -58.0811729958, -35.0976449048 ] ], [ [ -58.0768659078, -35.1026009193 ], [ -58.0768800749, -35.1025861758 ], [ -58.0788471089, -35.0996373726 ], [ -58.0795962729, -35.098903408 ], [ -58.079108737, -35.0993535088 ], [ -58.0788471089, -35.0996373726 ], [ -58.0784888694, -35.1001277117 ], [ -58.0780053678, -35.1008860974 ], [ -58.0768659078, -35.1026009193 ] ], [ [ -58.0756785905, -35.1036874523 ], [ -58.0764888464, -35.1029933277 ], [ -58.076756294, -35.1027149947 ], [ -58.0756785905, -35.1036874523 ] ] ], [ [ [ -58.0606281654, -34.9124925251 ], [ -58.0618079877, -34.9122134106 ], [ -58.0661643631, -34.9111879461 ], [ -58.0678289947, -34.9160629847 ], [ -58.0690835544, -34.9194040111 ], [ -58.0646235339, -34.9204553186 ], [ -58.0602440253, -34.9214935076 ], [ -58.0582432937, -34.9155696643 ], [ -58.0586327784, -34.9153332811 ], [ -58.058572236, -34.9147775253 ], [ -58.0585704527, -34.9145048787 ], [ -58.0588338713, -34.9138327254 ], [ -58.0594168757, -34.9133643954 ], [ -58.0596891257, -34.9131578588 ], [ -58.0601394908, -34.9131510816 ], [ -58.060307182, -34.9130778767 ], [ -58.0605811056, -34.9127535767 ], [ -58.0606281654, -34.9124925251 ] ] ], [ [ [ -58.0629758249, -34.9117269358 ], [ -58.0617250514, -34.9081654416 ], [ -58.0602852314, -34.9085288136 ], [ -58.059630283, -34.9066635594 ], [ -58.0610513333, -34.9063248585 ], [ -58.0603544504, -34.9043401582 ], [ -58.0696555088, -34.9021146563 ], [ -58.0731371568, -34.9093313766 ], [ -58.0629758249, -34.9117269358 ] ] ], [ [ [ -58.0150132625, -34.9537468142 ], [ -58.0171589792, -34.9522113468 ], [ -58.0200661366, -34.9549650124 ], [ -58.0179203974, -34.9565005302 ], [ -58.0150132625, -34.9537468142 ] ] ], [ [ [ -58.0121028989, -34.9509897347 ], [ -58.0121061185, -34.9509515765 ], [ -58.01420236, -34.9494515783 ], [ -58.0142485923, -34.9494543168 ], [ -58.0170728331, -34.9521297333 ], [ -58.0170696145, -34.9521678915 ], [ -58.014973463, -34.9536678492 ], [ -58.0149271164, -34.9536651989 ], [ -58.0121028989, -34.9509897347 ] ] ], [ [ [ -58.054756543, -34.9057355058 ], [ -58.0602706057, -34.9043282754 ], [ -58.0609073374, -34.9061772843 ], [ -58.0593988533, -34.9065450476 ], [ -58.0601380097, -34.9086716493 ], [ -58.0615942252, -34.908327646 ], [ -58.0628251336, -34.9118125513 ], [ -58.0572307677, -34.9130699942 ], [ -58.054756543, -34.9057355058 ] ] ], [ [ [ -58.0834924751, -34.859219922 ], [ -58.0846409885, -34.8583154981 ], [ -58.0859473203, -34.8594426004 ], [ -58.084463563, -34.8606246234 ], [ -58.0838598266, -34.8601067434 ], [ -58.0843637437, -34.8596601005 ], [ -58.083911677, -34.8592883271 ], [ -58.0837376222, -34.8594264135 ], [ -58.0834924751, -34.859219922 ] ] ], [ [ [ -58.0401021361, -34.8918556868 ], [ -58.0423734405, -34.8984243116 ], [ -58.0397230008, -34.899046406 ], [ -58.0374518952, -34.8924777398 ], [ -58.0401021361, -34.8918556868 ] ] ], [ [ [ -58.0748746496, -34.8983486184 ], [ -58.0748258848, -34.8983242333 ], [ -58.0723277435, -34.8910820648 ], [ -58.0785831066, -34.8896784344 ], [ -58.0786701313, -34.8897176619 ], [ -58.0800292587, -34.8938568321 ], [ -58.0800064052, -34.8938894559 ], [ -58.077692749, -34.8944025327 ], [ -58.0779686044, -34.8952477371 ], [ -58.0779454082, -34.8952808951 ], [ -58.0760147625, -34.8957142002 ], [ -58.0762784446, -34.8965226259 ], [ -58.0762558069, -34.8965552515 ], [ -58.0752627898, -34.8967767276 ], [ -58.0756999179, -34.8981070956 ], [ -58.0756683931, -34.8981595881 ], [ -58.0748746496, -34.8983486184 ] ] ], [ [ [ -58.16933886, -34.9083418292 ], [ -58.1670767233, -34.9101395758 ], [ -58.1645373517, -34.9079424178 ], [ -58.166881485, -34.9061516329 ], [ -58.16933886, -34.9083418292 ] ] ], [ [ [ -58.1848800641, -34.9861585902 ], [ -58.1893694914, -34.9901055276 ], [ -58.184172991, -34.992112256 ], [ -58.1798004611, -34.9881845461 ], [ -58.1848800641, -34.9861585902 ] ] ], [ [ [ -58.0918118326, -35.0596099791 ], [ -58.0921828893, -35.0561504194 ], [ -58.0938259984, -35.0546696335 ], [ -58.1041676452, -35.064251525 ], [ -58.1003093603, -35.067107591 ], [ -58.0918118326, -35.0596099791 ] ] ], [ [ [ -58.0800651228, -35.0776068099 ], [ -58.0832630598, -35.0751308099 ], [ -58.0916180072, -35.0826817463 ], [ -58.083560293, -35.0888964528 ], [ -58.0770277633, -35.0831300547 ], [ -58.0786962917, -35.081885822 ], [ -58.0799874286, -35.0802764609 ], [ -58.0811547054, -35.0785330999 ], [ -58.0800651228, -35.0776068099 ] ] ], [ [ [ -58.1244780521, -35.0654871287 ], [ -58.1260683053, -35.0665072819 ], [ -58.1271190966, -35.0671813993 ], [ -58.1286407099, -35.0681573796 ], [ -58.1240587648, -35.0716229153 ], [ -58.1205846208, -35.0684490432 ], [ -58.1244780521, -35.0654871287 ] ] ], [ [ [ -58.0480234285, -35.1342861124 ], [ -58.0424513353, -35.1294608288 ], [ -58.0506691674, -35.1221917633 ], [ -58.0583149409, -35.1167895898 ], [ -58.0586878655, -35.11678379 ], [ -58.0568370643, -35.1202998083 ], [ -58.0566627145, -35.1203515472 ], [ -58.0566258135, -35.1204147138 ], [ -58.0564089771, -35.120785891 ], [ -58.0563722641, -35.1208487347 ], [ -58.056433891, -35.1209913555 ], [ -58.0561711766, -35.1214953841 ], [ -58.0559893363, -35.1219132118 ], [ -58.0546333529, -35.1254406173 ], [ -58.0545578558, -35.1256086817 ], [ -58.0506029495, -35.136049254 ], [ -58.0501818104, -35.136141037 ], [ -58.0480234285, -35.1342861124 ] ] ] ] } },
{ "type": "Feature", "properties": { "ZONA_COD": "Di UE", "ZONA_DESC": "D. Usos Específicos", "DIST_TPO": "Estructurante", "NOTAS": "Ver Codigo de Ordenamiento Territorial Ordenanza 12692" }, "geometry": { "type": "MultiPolygon", "coordinates": [ [ [ [ -58.0541515268, -34.9571351026 ], [ -58.0541778086, -34.9571155154 ], [ -58.0549733012, -34.9565226499 ], [ -58.0559058235, -34.9573658866 ], [ -58.0568383629, -34.9582092079 ], [ -58.0560424314, -34.9588102743 ], [ -58.0560217389, -34.9588259009 ], [ -58.0552051032, -34.9594425876 ], [ -58.0543885647, -34.9600592707 ], [ -58.053571902, -34.9606760366 ], [ -58.0527552295, -34.9612927062 ], [ -58.051938654, -34.9619093713 ], [ -58.0511219545, -34.9625261192 ], [ -58.0503052451, -34.9631427699 ], [ -58.0493523279, -34.9622823103 ], [ -58.0483994279, -34.9614219334 ], [ -58.049221178, -34.9608095211 ], [ -58.0500429155, -34.9601971026 ], [ -58.0508646387, -34.9595847686 ], [ -58.0516864617, -34.9589723393 ], [ -58.0525081632, -34.9583599028 ], [ -58.0533298522, -34.9577474609 ], [ -58.0541515268, -34.9571351026 ] ] ], [ [ [ -58.0497928635, -34.9536942875 ], [ -58.050134203, -34.9534399457 ], [ -58.0508643338, -34.9528958972 ], [ -58.0516423031, -34.9536014136 ], [ -58.0524202851, -34.9543069254 ], [ -58.0531982805, -34.9550124319 ], [ -58.0539761779, -34.9557180229 ], [ -58.0547541993, -34.9564235212 ], [ -58.0540191888, -34.9569713406 ], [ -58.0536790365, -34.9572248594 ], [ -58.0526037423, -34.958026186 ], [ -58.0515284283, -34.9588275026 ], [ -58.0507526443, -34.9581202182 ], [ -58.0499769827, -34.9574129302 ], [ -58.0492012257, -34.9567056368 ], [ -58.0484254813, -34.955998338 ], [ -58.0476497512, -34.9552910347 ], [ -58.0487212629, -34.9544926651 ], [ -58.0497928635, -34.9536942875 ] ] ], [ [ [ -58.0580542652, -34.957380712 ], [ -58.0578677134, -34.9575190538 ], [ -58.057170854, -34.9580358186 ], [ -58.0562039712, -34.9571912293 ], [ -58.0552371101, -34.9563465429 ], [ -58.0560066906, -34.9557732287 ], [ -58.0561246016, -34.9556853883 ], [ -58.0570121902, -34.9550241375 ], [ -58.0578997617, -34.9543629703 ], [ -58.0587872127, -34.9537017033 ], [ -58.0596747563, -34.9530405226 ], [ -58.0605621785, -34.9523792421 ], [ -58.0615165804, -34.9532421623 ], [ -58.0624708933, -34.9541050735 ], [ -58.0615875522, -34.9547602143 ], [ -58.0607043056, -34.9554153506 ], [ -58.0598209366, -34.9560704771 ], [ -58.0589376629, -34.956725599 ], [ -58.0580542652, -34.957380712 ] ] ], [ [ [ -58.0582326583, -34.9538097235 ], [ -58.0558205534, -34.9555986073 ], [ -58.0550353427, -34.9561809129 ], [ -58.0520762089, -34.9534761677 ], [ -58.0529039611, -34.9528623363 ], [ -58.0539302306, -34.9521012707 ], [ -58.0539747767, -34.9521337973 ], [ -58.0541563768, -34.9522676533 ], [ -58.0542497498, -34.9522072369 ], [ -58.054301549, -34.9521737308 ], [ -58.0543532366, -34.9521403129 ], [ -58.0543630167, -34.9521340707 ], [ -58.0543779725, -34.9521450353 ], [ -58.0544168529, -34.9521162785 ], [ -58.0545379466, -34.9520268356 ], [ -58.0545876341, -34.9519900515 ], [ -58.0546365392, -34.9519539752 ], [ -58.0546855523, -34.9519179016 ], [ -58.054734238, -34.9518818217 ], [ -58.0547841468, -34.9518449504 ], [ -58.0548339449, -34.9518080782 ], [ -58.0548828492, -34.9517720019 ], [ -58.0549316464, -34.9517358338 ], [ -58.0549813294, -34.9516992296 ], [ -58.0550924002, -34.9516170154 ], [ -58.055142085, -34.9515803213 ], [ -58.0551909911, -34.951544155 ], [ -58.0552398935, -34.9515081687 ], [ -58.0552844531, -34.951475267 ], [ -58.0552898005, -34.9514712974 ], [ -58.0553394898, -34.9514344225 ], [ -58.0553883932, -34.9513983462 ], [ -58.0554372974, -34.9513622699 ], [ -58.0554862034, -34.9513261036 ], [ -58.0555357786, -34.9512894068 ], [ -58.0561320713, -34.9518467104 ], [ -58.0582326583, -34.9538097235 ] ] ], [ [ [ -58.0449480295, -34.9071677427 ], [ -58.0451697511, -34.9078056759 ], [ -58.037039226, -34.9097737765 ], [ -58.0364984546, -34.9091721292 ], [ -58.0449480295, -34.9071677427 ] ] ], [ [ [ -57.9755550733, -34.9407828468 ], [ -57.9757781376, -34.9409822157 ], [ -57.9758551348, -34.9410509985 ], [ -57.9759291328, -34.9411171185 ], [ -57.9760054853, -34.94118544 ], [ -57.9760841975, -34.9412556932 ], [ -57.9761617317, -34.9413249356 ], [ -57.9763864039, -34.9415257722 ], [ -57.9763800907, -34.9415822622 ], [ -57.9762764213, -34.9416591183 ], [ -57.9761412074, -34.9417592416 ], [ -57.9760011982, -34.9418629784 ], [ -57.9758511571, -34.9419741184 ], [ -57.9757108143, -34.9420780306 ], [ -57.975569913, -34.9421823834 ], [ -57.97546457, -34.9422604733 ], [ -57.9754068686, -34.9422614941 ], [ -57.9751730773, -34.9420532039 ], [ -57.9750954343, -34.9419839597 ], [ -57.9750174658, -34.9419146184 ], [ -57.9749423931, -34.9418476692 ], [ -57.9748674256, -34.9417809027 ], [ -57.974793638, -34.941715146 ], [ -57.9745672409, -34.9415133777 ], [ -57.9745706844, -34.9414712589 ], [ -57.9746859451, -34.9413859456 ], [ -57.9748286297, -34.9412802717 ], [ -57.9749698647, -34.9411756544 ], [ -57.9751210218, -34.9410636331 ], [ -57.9752569031, -34.9409630718 ], [ -57.975395128, -34.9408606579 ], [ -57.9754966767, -34.9407854782 ], [ -57.9755550733, -34.9407828468 ] ] ], [ [ [ -57.9744643252, -34.9415861896 ], [ -57.9746874955, -34.941785652 ], [ -57.9747644955, -34.9418543458 ], [ -57.9748384908, -34.9419205557 ], [ -57.974914845, -34.9419887882 ], [ -57.9749935555, -34.9420591322 ], [ -57.9750710888, -34.9421283755 ], [ -57.975295761, -34.9423292139 ], [ -57.9752894469, -34.9423857039 ], [ -57.975185666, -34.9424625573 ], [ -57.9750505581, -34.9425626806 ], [ -57.974910549, -34.9426663266 ], [ -57.9747605043, -34.9427774648 ], [ -57.974620157, -34.942881466 ], [ -57.9744792557, -34.9429857271 ], [ -57.97437391, -34.9430638161 ], [ -57.9743162086, -34.943064836 ], [ -57.9740824155, -34.9428566348 ], [ -57.9740046637, -34.942787387 ], [ -57.9739268067, -34.9427179576 ], [ -57.973851734, -34.9426510075 ], [ -57.9737767674, -34.9425842401 ], [ -57.9737029771, -34.9425185734 ], [ -57.97347658, -34.9423168024 ], [ -57.9734800244, -34.9422746835 ], [ -57.9735951808, -34.9421892794 ], [ -57.9737379769, -34.9420836091 ], [ -57.9738792146, -34.9419789936 ], [ -57.9740303726, -34.9418670631 ], [ -57.9741662593, -34.9417664137 ], [ -57.9743044842, -34.9416640906 ], [ -57.9744060374, -34.9415888219 ], [ -57.9744643252, -34.9415861896 ] ] ], [ [ [ -58.0395475494, -34.9095308481 ], [ -58.0392410892, -34.9101944218 ], [ -58.0392084483, -34.9102650906 ], [ -58.0391829282, -34.9102571091 ], [ -58.0391299879, -34.9103716998 ], [ -58.0391556167, -34.910379684 ], [ -58.0389448849, -34.910835991 ], [ -58.0378584688, -34.9108380954 ], [ -58.0372202469, -34.9101521465 ], [ -58.0372948601, -34.9100509746 ], [ -58.0395475494, -34.9095308481 ] ] ], [ [ [ -57.931286889, -35.029933206 ], [ -57.9254787713, -35.0252773024 ], [ -57.9251424672, -35.0250077765 ], [ -57.9243966333, -35.0244100637 ], [ -57.9170562166, -35.0161356336 ], [ -57.9200116199, -35.0139640379 ], [ -57.922365626, -35.0122343709 ], [ -57.9229006794, -35.0118585487 ], [ -57.9238796409, -35.0111371504 ], [ -57.9275882679, -35.0083962659 ], [ -57.9315791102, -35.0120793593 ], [ -57.9344641074, -35.0147417509 ], [ -57.9340164843, -35.0153836996 ], [ -57.932909525, -35.0161956408 ], [ -57.9314796299, -35.0172592627 ], [ -57.9311558901, -35.0175001245 ], [ -57.9304329638, -35.0180326464 ], [ -57.9294168684, -35.0187571582 ], [ -57.9288019057, -35.0192081538 ], [ -57.928933043, -35.0193292583 ], [ -57.929965194, -35.0185723116 ], [ -57.9305851228, -35.018136805 ], [ -57.9312076992, -35.0176785401 ], [ -57.9324525264, -35.016748026 ], [ -57.9341796546, -35.0154811924 ], [ -57.9347139751, -35.014715185 ], [ -57.9380506649, -35.0122574664 ], [ -57.9383992664, -35.0134113146 ], [ -57.9385563636, -35.0143049808 ], [ -57.9388316569, -35.0152160651 ], [ -57.9400098632, -35.0191149373 ], [ -57.9404055532, -35.0199614655 ], [ -57.9413018598, -35.0229274135 ], [ -57.931286889, -35.029933206 ] ] ], [ [ [ -57.9312050156, -35.0054361519 ], [ -57.9282230364, -35.0076346156 ], [ -57.9261461636, -35.0056820571 ], [ -57.9244696079, -35.0041057946 ], [ -57.9225827961, -35.0023317974 ], [ -57.9207510524, -35.0006093609 ], [ -57.9235492975, -34.998541128 ], [ -57.9254384035, -35.000273876 ], [ -57.9273214858, -35.0020010852 ], [ -57.927450713, -35.0019058749 ], [ -57.9279247753, -35.0015562931 ], [ -57.9290196333, -35.0007489618 ], [ -57.9294294049, -35.0004467599 ], [ -57.9305883999, -34.9995920254 ], [ -57.9306930711, -34.9995148671 ], [ -57.9328674807, -34.9979113273 ], [ -57.9329897787, -34.9978211298 ], [ -57.9335319736, -34.9974212274 ], [ -57.9341304796, -34.9993941925 ], [ -57.9341828795, -34.9998495498 ], [ -57.9350254427, -35.0026193439 ], [ -57.9343431756, -35.0031223959 ], [ -57.9327741725, -35.0042792856 ], [ -57.9312050156, -35.0054361519 ] ] ], [ [ [ -57.9255881262, -35.0095766045 ], [ -57.9237212847, -35.01098872 ], [ -57.9227938427, -35.0116739611 ], [ -57.9209547291, -35.0099533826 ], [ -57.9190713122, -35.0081903832 ], [ -57.9171868926, -35.0064268873 ], [ -57.9153207633, -35.0046794488 ], [ -57.9162521723, -35.003988113 ], [ -57.9181310503, -35.0025965038 ], [ -57.9205970363, -35.0007664104 ], [ -57.9226772887, -35.0027138923 ], [ -57.9250614068, -35.0049453612 ], [ -57.9280577032, -35.0077496668 ], [ -57.9255881262, -35.0095766045 ] ] ], [ [ [ -57.9171494124, -35.0158212818 ], [ -57.9168321262, -35.0160568089 ], [ -57.9151453209, -35.0172735278 ], [ -57.912472641, -35.0148384622 ], [ -57.9101206351, -35.0126953472 ], [ -57.9118968114, -35.0113831788 ], [ -57.9121716613, -35.0111794662 ], [ -57.9108703891, -35.009965983 ], [ -57.9096602047, -35.008837324 ], [ -57.9122707612, -35.0068931057 ], [ -57.9150748851, -35.0048044528 ], [ -57.9169500741, -35.0065529516 ], [ -57.9188376395, -35.0083132611 ], [ -57.9207253948, -35.0100735447 ], [ -57.9225721373, -35.0117955188 ], [ -57.919763774, -35.0138804855 ], [ -57.9171494124, -35.0158212818 ] ] ], [ [ [ -57.9765739827, -34.9417040907 ], [ -57.9773855642, -34.9424453272 ], [ -57.9763353962, -34.9432226868 ], [ -57.9752850995, -34.9440000347 ], [ -57.9744731322, -34.9432568853 ], [ -57.9755236213, -34.9424805383 ], [ -57.9765739827, -34.9417040907 ] ] ], [ [ [ -57.9734823231, -34.9388638725 ], [ -57.9746791444, -34.939909311 ], [ -57.9753663937, -34.9405826999 ], [ -57.9743159271, -34.9413635516 ], [ -57.9732653292, -34.9421444824 ], [ -57.9723225394, -34.941284413 ], [ -57.9713797693, -34.9404243365 ], [ -57.972356272, -34.9397056289 ], [ -57.9734823231, -34.9388638725 ] ] ], [ [ [ -57.9752443288, -34.8855313097 ], [ -57.9752008411, -34.885563617 ], [ -57.974186092, -34.8863180456 ], [ -57.9734442592, -34.8856718594 ], [ -57.9732857205, -34.8855364682 ], [ -57.9743068413, -34.8847674633 ], [ -57.9743613879, -34.8847263787 ], [ -57.975327945, -34.8839983595 ], [ -57.9754743286, -34.884143279 ], [ -57.9762035268, -34.8848187112 ], [ -57.9752443288, -34.8855313097 ] ] ], [ [ [ -57.9731122268, -34.8857339126 ], [ -57.9732462906, -34.8858638493 ], [ -57.9739760985, -34.8865098351 ], [ -57.9729790247, -34.887269505 ], [ -57.9720059366, -34.8879914447 ], [ -57.9712648314, -34.8873157886 ], [ -57.9711308792, -34.8871857619 ], [ -57.9721215625, -34.8864597968 ], [ -57.9731122268, -34.8857339126 ] ] ], [ [ [ -57.9673695124, -34.8916357648 ], [ -57.9674114199, -34.8916750373 ], [ -57.9681775191, -34.8923841185 ], [ -57.9689436344, -34.8930931054 ], [ -57.9692802588, -34.8934012653 ], [ -57.9689986676, -34.8936166322 ], [ -57.9686571086, -34.8933046043 ], [ -57.9678739448, -34.8925773064 ], [ -57.9670906857, -34.8918500022 ], [ -57.9672150934, -34.891754844 ], [ -57.9673695124, -34.8916357648 ] ] ], [ [ [ -57.9673752006, -34.889456122 ], [ -57.9675777001, -34.8894851036 ], [ -57.9678572849, -34.8894661683 ], [ -57.9681330818, -34.8894233768 ], [ -57.9683643784, -34.8893666835 ], [ -57.9684335911, -34.8893319724 ], [ -57.9686569809, -34.8891921458 ], [ -57.9693751076, -34.8898368824 ], [ -57.9683761856, -34.8905705268 ], [ -57.9674477318, -34.8912355881 ], [ -57.9673447037, -34.8913109171 ], [ -57.9664499007, -34.8905036991 ], [ -57.9655551176, -34.8896963849 ], [ -57.9656652836, -34.889615409 ], [ -57.9665152878, -34.8889913146 ], [ -57.9666100232, -34.8890704028 ], [ -57.9668550345, -34.8891939121 ], [ -57.9673752006, -34.889456122 ] ] ], [ [ [ -57.9371890379, -34.9032082274 ], [ -57.93760488, -34.9032717924 ], [ -57.9379020726, -34.9033644324 ], [ -57.9385195768, -34.9035614595 ], [ -57.9404724169, -34.9041613415 ], [ -57.9416092688, -34.9045139603 ], [ -57.9427440666, -34.9048659927 ], [ -57.9426872096, -34.9050227391 ], [ -57.9434903717, -34.9052682145 ], [ -57.9442480379, -34.9059697315 ], [ -57.9450058292, -34.9066711559 ], [ -57.9457635206, -34.907372664 ], [ -57.944623861, -34.908201052 ], [ -57.943484179, -34.9090294293 ], [ -57.9426981814, -34.9083182355 ], [ -57.9419122, -34.9076069473 ], [ -57.9411262294, -34.9068957445 ], [ -57.9403402723, -34.9061845364 ], [ -57.9395543314, -34.9054732347 ], [ -57.9387684012, -34.9047620176 ], [ -57.9379824846, -34.9040507959 ], [ -57.9371584376, -34.9033076501 ], [ -57.9371890379, -34.9032082274 ] ] ], [ [ [ -57.9654247734, -34.8898992261 ], [ -57.9662976437, -34.8906948194 ], [ -57.9671704223, -34.8914904047 ], [ -57.96688893, -34.8916929716 ], [ -57.966020077, -34.8908979007 ], [ -57.9651511349, -34.890102731 ], [ -57.9654247734, -34.8898992261 ] ] ], [ [ [ -57.9420508494, -34.9079601309 ], [ -57.9433682887, -34.9091537246 ], [ -57.9433660917, -34.9091891947 ], [ -57.9429404461, -34.9095258838 ], [ -57.9429295616, -34.9095280431 ], [ -57.9429075103, -34.9095305531 ], [ -57.9428851954, -34.9095304452 ], [ -57.9428630559, -34.9095277274 ], [ -57.942841742, -34.9095225905 ], [ -57.9428213615, -34.9095151261 ], [ -57.9428024632, -34.9095052534 ], [ -57.9427005358, -34.90943819 ], [ -57.9425884623, -34.9093832118 ], [ -57.9424681798, -34.9093415219 ], [ -57.9423420777, -34.909313883 ], [ -57.9422125493, -34.9093007844 ], [ -57.9420821026, -34.9093025399 ], [ -57.9420697037, -34.9092996261 ], [ -57.9420579972, -34.9092952824 ], [ -57.9420469787, -34.9092896886 ], [ -57.9420370825, -34.9092829419 ], [ -57.9420284185, -34.9092750449 ], [ -57.9420210863, -34.9092663593 ], [ -57.9420154179, -34.9092568013 ], [ -57.9420111812, -34.9092468161 ], [ -57.9420088178, -34.9092363219 ], [ -57.942021688, -34.9079757683 ], [ -57.9420508494, -34.9079601309 ] ] ], [ [ [ -58.0465469909, -34.9561105823 ], [ -58.0475049406, -34.9553968516 ], [ -58.0482806706, -34.9561041549 ], [ -58.0490564141, -34.9568114546 ], [ -58.0498321711, -34.9575187498 ], [ -58.0506079416, -34.9582260396 ], [ -58.0513836159, -34.958933324 ], [ -58.0503231884, -34.9597244136 ], [ -58.0492627402, -34.9605154932 ], [ -58.0472372232, -34.9586159677 ], [ -58.0483717755, -34.9577428923 ], [ -58.0465469909, -34.9561105823 ] ] ], [ [ [ -58.0562681352, -34.9517304694 ], [ -58.0556807124, -34.951182231 ], [ -58.0557303972, -34.9511455359 ], [ -58.0557793006, -34.9511094596 ], [ -58.0558283136, -34.9510733842 ], [ -58.055877217, -34.9510373079 ], [ -58.0559272292, -34.9510006183 ], [ -58.0559770246, -34.9509638351 ], [ -58.056025928, -34.9509277588 ], [ -58.0560749401, -34.9508916834 ], [ -58.0561304121, -34.950850936 ], [ -58.0562304419, -34.950777286 ], [ -58.0577906658, -34.949630145 ], [ -58.0604107084, -34.9521926148 ], [ -58.0583794969, -34.9537007725 ], [ -58.0562681352, -34.9517304694 ] ] ], [ [ [ -58.0383661721, -34.8684357084 ], [ -58.0455111112, -34.8782997451 ], [ -58.0451469074, -34.8783890559 ], [ -58.0449358239, -34.8784360392 ], [ -58.0444516523, -34.8785483816 ], [ -58.0443010896, -34.8785888574 ], [ -58.0439584722, -34.8786716625 ], [ -58.04360717, -34.8787517138 ], [ -58.0410347726, -34.8793660047 ], [ -58.0376636289, -34.88013389 ], [ -58.0376587204, -34.8798021633 ], [ -58.0375431818, -34.87960203 ], [ -58.0373994575, -34.87943749 ], [ -58.0370817882, -34.8792295857 ], [ -58.0367096757, -34.8790117888 ], [ -58.0364781803, -34.8788638548 ], [ -58.0362830157, -34.8787931096 ], [ -58.0359951455, -34.878711855 ], [ -58.0357721163, -34.87866319 ], [ -58.0355165074, -34.8786049858 ], [ -58.0352842584, -34.8784428875 ], [ -58.0349753844, -34.8782196191 ], [ -58.0347324146, -34.8780440085 ], [ -58.0345183238, -34.8778175853 ], [ -58.0344169693, -34.8777707954 ], [ -58.0343167299, -34.8776817562 ], [ -58.0342141569, -34.8776861359 ], [ -58.0340486321, -34.877725635 ], [ -58.0339520521, -34.8777263257 ], [ -58.0338507588, -34.8777412697 ], [ -58.0337461326, -34.8777262394 ], [ -58.0336300589, -34.8776867807 ], [ -58.0335444308, -34.8776087915 ], [ -58.0333125137, -34.8774743627 ], [ -58.0331126411, -34.8773719946 ], [ -58.0328858708, -34.8772556718 ], [ -58.0326819288, -34.8770946581 ], [ -58.0325651177, -34.8769485731 ], [ -58.0324357754, -34.8766400652 ], [ -58.0324384095, -34.8764928489 ], [ -58.0324093155, -34.8763737777 ], [ -58.0323089035, -34.8762279581 ], [ -58.0322018437, -34.8761315966 ], [ -58.0318988819, -34.8759959249 ], [ -58.0316745739, -34.8760013046 ], [ -58.0314224004, -34.8760287627 ], [ -58.0313033365, -34.8759772675 ], [ -58.0311348809, -34.875704174 ], [ -58.0309205526, -34.8755204587 ], [ -58.030556088, -34.8752126459 ], [ -58.0303338403, -34.8749026308 ], [ -58.030063264, -34.8745557829 ], [ -58.0299109962, -34.8742919623 ], [ -58.0299361916, -34.8741526825 ], [ -58.0300199113, -34.8738521318 ], [ -58.030039226, -34.8735009708 ], [ -58.0300283119, -34.8732709836 ], [ -58.0300266076, -34.8731132434 ], [ -58.0300148337, -34.8729192911 ], [ -58.0300347771, -34.8727709128 ], [ -58.0300877283, -34.8726140585 ], [ -58.0301222406, -34.8725425201 ], [ -58.0301974824, -34.8723680031 ], [ -58.030204775, -34.8722915175 ], [ -58.0302503257, -34.8722156525 ], [ -58.0303069146, -34.87213546 ], [ -58.030326965, -34.8719825779 ], [ -58.0329838393, -34.8708451001 ], [ -58.0379821085, -34.8684925951 ], [ -58.0380512304, -34.8685748201 ], [ -58.0381387803, -34.8685717273 ], [ -58.0383661721, -34.8684357084 ] ] ], [ [ [ -57.9977205963, -34.8967899098 ], [ -57.996304049, -34.8955122241 ], [ -57.9960271621, -34.8952624743 ], [ -57.9967838742, -34.8950906552 ], [ -57.9979928229, -34.8948396769 ], [ -57.9985230362, -34.8947295423 ], [ -57.9984907317, -34.894699541 ], [ -57.9990593352, -34.8945668757 ], [ -57.9993196188, -34.8947987766 ], [ -57.9998351408, -34.8952580775 ], [ -58.0013867951, -34.8966402887 ], [ -58.0003350047, -34.8974149647 ], [ -57.9992865112, -34.8981926598 ], [ -57.9983419838, -34.8973494338 ], [ -57.9977205963, -34.8967899098 ] ] ], [ [ [ -57.9775863837, -34.9426283707 ], [ -57.9785415123, -34.9434835594 ], [ -57.9794966579, -34.9443388309 ], [ -57.9784423126, -34.9451211862 ], [ -57.9773879447, -34.9459036207 ], [ -57.9764326066, -34.9450519348 ], [ -57.9754771758, -34.944200329 ], [ -57.9765318432, -34.9434144007 ], [ -57.9775863837, -34.9426283707 ] ] ], [ [ [ -57.9755135543, -34.8857767446 ], [ -57.9754455826, -34.8858275113 ], [ -57.9744344227, -34.8865827233 ], [ -57.9742975621, -34.8864551743 ], [ -57.9742535367, -34.8864085687 ], [ -57.9752606874, -34.8856518504 ], [ -57.9753242074, -34.8856041296 ], [ -57.976267929, -34.8848951248 ], [ -57.9763206446, -34.8849441271 ], [ -57.976456837, -34.8850722031 ], [ -57.9755135543, -34.8857767446 ] ] ], [ [ [ -57.99507738, -34.8812167744 ], [ -57.9952089113, -34.8811033573 ], [ -57.9963763356, -34.8816138953 ], [ -57.9960551958, -34.8818843628 ], [ -57.99507738, -34.8812167744 ] ] ], [ [ [ -57.9352180433, -34.9358167931 ], [ -57.9444829372, -34.9442648248 ], [ -57.9436518674, -34.9448950984 ], [ -57.9434332719, -34.9450569116 ], [ -57.9341792858, -34.9365766735 ], [ -57.9352180433, -34.9358167931 ] ] ], [ [ [ -57.9260661437, -34.9359676427 ], [ -57.9270176921, -34.9368274018 ], [ -57.9279693673, -34.9376872454 ], [ -57.9270581409, -34.9383550648 ], [ -57.9261225852, -34.9390410272 ], [ -57.9251750397, -34.9381781754 ], [ -57.924227514, -34.9373153172 ], [ -57.92515894, -34.9366323631 ], [ -57.9260661437, -34.9359676427 ] ] ], [ [ [ -57.9281663332, -34.9089074911 ], [ -57.9291111744, -34.9096705092 ], [ -57.9299197207, -34.9104030807 ], [ -57.9307281735, -34.9111355552 ], [ -57.9315366388, -34.911868115 ], [ -57.9323452274, -34.9126006713 ], [ -57.9331537233, -34.9133331313 ], [ -57.9331123859, -34.9134022703 ], [ -57.9316452391, -34.9130510671 ], [ -57.9299058963, -34.9126438396 ], [ -57.9284663084, -34.9126467858 ], [ -57.9272208103, -34.9127624305 ], [ -57.9265918946, -34.9128739896 ], [ -57.9252570228, -34.9132716042 ], [ -57.9251435751, -34.9132497498 ], [ -57.9240408939, -34.9123422466 ], [ -57.9250180064, -34.9114625262 ], [ -57.9263417176, -34.9103244845 ], [ -57.9272807645, -34.9095862121 ], [ -57.9281663332, -34.9089074911 ] ] ], [ [ [ -57.9265084483, -34.9080190176 ], [ -57.9275395534, -34.9083565358 ], [ -57.9280308899, -34.9087946945 ], [ -57.9272127542, -34.9094107616 ], [ -57.926394604, -34.9100269123 ], [ -57.9256387508, -34.9106536741 ], [ -57.924948701, -34.9113430153 ], [ -57.9245949932, -34.9117173662 ], [ -57.924957312, -34.9110313507 ], [ -57.9253645925, -34.9100625866 ], [ -57.9254947721, -34.9096889228 ], [ -57.9258609751, -34.9083478043 ], [ -57.9261632768, -34.9081331649 ], [ -57.9265084483, -34.9080190176 ] ] ], [ [ [ -57.9240826431, -34.9125394194 ], [ -57.9247454416, -34.9131374191 ], [ -57.924898893, -34.9132954965 ], [ -57.9248849247, -34.9133505908 ], [ -57.9238028955, -34.9139121985 ], [ -57.9229006695, -34.9144017121 ], [ -57.9226585055, -34.9145340113 ], [ -57.9226084681, -34.9145355887 ], [ -57.9223915444, -34.9143522718 ], [ -57.9223790493, -34.9143097924 ], [ -57.9226474924, -34.9140246506 ], [ -57.9238657311, -34.9127118949 ], [ -57.9240209676, -34.9125426911 ], [ -57.9240826431, -34.9125394194 ] ] ], [ [ [ -57.8957635423, -34.9857435963 ], [ -57.8953305052, -34.9843225038 ], [ -57.8949883869, -34.9831998333 ], [ -57.8949403056, -34.9830421048 ], [ -57.8946172871, -34.9819820352 ], [ -57.8944920439, -34.9815709093 ], [ -57.8907515935, -34.9843471875 ], [ -57.8757309341, -34.9706677365 ], [ -57.8766190362, -34.9700098285 ], [ -57.8769565329, -34.9697646643 ], [ -57.8781769813, -34.9688607683 ], [ -57.8806180165, -34.9670529394 ], [ -57.8931042182, -34.9578035075 ], [ -57.9081481277, -34.9715093581 ], [ -57.8984832801, -34.978589779 ], [ -57.8985562933, -34.9788303054 ], [ -57.8986013305, -34.9789787879 ], [ -57.8997464426, -34.982752372 ], [ -57.9002521269, -34.9844185667 ], [ -57.9007388427, -34.9860221595 ], [ -57.8983028581, -34.9865215153 ], [ -57.8961359848, -34.9869657399 ], [ -57.8957635423, -34.9857435963 ] ] ], [ [ [ -57.952580084, -34.900716277 ], [ -57.9535516756, -34.9015817252 ], [ -57.9491261702, -34.9048440294 ], [ -57.9492088098, -34.9032278056 ], [ -57.952580084, -34.900716277 ] ] ], [ [ [ -57.9477546268, -34.9017514875 ], [ -57.9476131122, -34.9018687762 ], [ -57.9480730668, -34.9023181315 ], [ -57.947035313, -34.9030862631 ], [ -57.9468727183, -34.9032065295 ], [ -57.9476627655, -34.9039831912 ], [ -57.9485557231, -34.9048054746 ], [ -57.9474452744, -34.9052276739 ], [ -57.9466681234, -34.9053604453 ], [ -57.9462411253, -34.9053399804 ], [ -57.9453250687, -34.9052961033 ], [ -57.9449251177, -34.905208772 ], [ -57.9439019617, -34.9049852671 ], [ -57.94243803, -34.9044741068 ], [ -57.9415675312, -34.9041701674 ], [ -57.9402128554, -34.903722475 ], [ -57.9390907003, -34.9033515281 ], [ -57.9379685523, -34.9029806611 ], [ -57.9359581979, -34.9023161377 ], [ -57.936163505, -34.902159393 ], [ -57.9365228597, -34.9018790977 ], [ -57.9367778895, -34.9021133235 ], [ -57.937979301, -34.9011903493 ], [ -57.9386302978, -34.9006901481 ], [ -57.939911186, -34.8998899835 ], [ -57.9407053907, -34.8994098616 ], [ -57.9416429268, -34.8988314095 ], [ -57.9425802281, -34.8982531266 ], [ -57.9431158076, -34.8979226239 ], [ -57.9440743599, -34.8971842751 ], [ -57.9445695698, -34.8968930962 ], [ -57.9455653684, -34.8963710218 ], [ -57.946481765, -34.8972056115 ], [ -57.9473981814, -34.8980401941 ], [ -57.9483146148, -34.8988747713 ], [ -57.9492310672, -34.8997093412 ], [ -57.9492201044, -34.899917063 ], [ -57.9491684672, -34.9011313654 ], [ -57.9490568388, -34.9011466944 ], [ -57.9485750621, -34.9007347338 ], [ -57.9484836478, -34.9008037541 ], [ -57.9483386231, -34.9006665769 ], [ -57.9473724689, -34.9013893297 ], [ -57.9477063242, -34.9017056113 ], [ -57.9477546268, -34.9017514875 ] ] ], [ [ [ -57.9370289964, -34.9029373147 ], [ -57.937352219, -34.9030519369 ], [ -57.9370237677, -34.9030369875 ], [ -57.9370289964, -34.9029373147 ] ] ], [ [ [ -57.935258082, -34.9019896352 ], [ -57.9354768682, -34.902365005 ], [ -57.9350783201, -34.9022750522 ], [ -57.9347534904, -34.9022248313 ], [ -57.9343151752, -34.9021897137 ], [ -57.9343079501, -34.9021244346 ], [ -57.935258082, -34.9019896352 ] ] ], [ [ [ -57.9696183067, -34.8900698517 ], [ -57.9705530567, -34.8908949267 ], [ -57.9708751543, -34.8912066254 ], [ -57.9713563194, -34.8916192092 ], [ -57.971450911, -34.8917000034 ], [ -57.970441896, -34.8924524211 ], [ -57.9694328629, -34.8932048299 ], [ -57.9693334159, -34.893116923 ], [ -57.9684644927, -34.8923364671 ], [ -57.9675956964, -34.8915560066 ], [ -57.9686318224, -34.8908046968 ], [ -57.9696183067, -34.8900698517 ] ] ], [ [ [ -57.9741321723, -34.8866477083 ], [ -57.9743910808, -34.8868557863 ], [ -57.9758599849, -34.888185567 ], [ -57.9759608276, -34.8882701572 ], [ -57.9749628455, -34.8890176611 ], [ -57.9739648426, -34.889765246 ], [ -57.9738541558, -34.8896584101 ], [ -57.9729899164, -34.8889006845 ], [ -57.972125801, -34.8881429544 ], [ -57.9731152764, -34.887395062 ], [ -57.9741321723, -34.8866477083 ] ] ], [ [ [ -57.9718682747, -34.8883548554 ], [ -57.9727379497, -34.8891177269 ], [ -57.9736077506, -34.8898805939 ], [ -57.9737115234, -34.8899794744 ], [ -57.9727134261, -34.8907255151 ], [ -57.9717153081, -34.8914716367 ], [ -57.9716176867, -34.8913806082 ], [ -57.9711293827, -34.8909736731 ], [ -57.9698870341, -34.8898432729 ], [ -57.9709032464, -34.8890727752 ], [ -57.9718682747, -34.8883548554 ] ] ], [ [ [ -57.9709605584, -34.8874984292 ], [ -57.971696122, -34.8881592151 ], [ -57.9706873318, -34.8889088459 ], [ -57.9696953193, -34.8896648762 ], [ -57.9689484377, -34.8889841533 ], [ -57.9699690468, -34.8882393303 ], [ -57.9709605584, -34.8874984292 ] ] ], [ [ [ -57.9786315101, -34.8826256631 ], [ -57.9781637943, -34.8829714273 ], [ -57.9772395557, -34.8836631327 ], [ -57.9762424135, -34.884410392 ], [ -57.9756814838, -34.8839018722 ], [ -57.97491916, -34.8832130877 ], [ -57.9741568497, -34.8825242988 ], [ -57.9733945519, -34.8818355053 ], [ -57.9726322659, -34.8811467074 ], [ -57.9715743061, -34.8801899996 ], [ -57.9726142965, -34.8793941059 ], [ -57.9736541601, -34.8785981114 ], [ -57.9739203684, -34.8783937387 ], [ -57.9786315101, -34.8826256631 ] ] ], [ [ [ -57.9769618657, -34.8745354268 ], [ -57.9789917669, -34.8763493503 ], [ -57.9778952622, -34.8771751816 ], [ -57.9767687039, -34.8780929658 ], [ -57.9756390169, -34.8770818365 ], [ -57.9755370167, -34.8769914591 ], [ -57.9753921872, -34.876859453 ], [ -57.9747216599, -34.8762515931 ], [ -57.9758536932, -34.8753645603 ], [ -57.9769618657, -34.8745354268 ] ] ], [ [ [ -57.9570987402, -34.9578047765 ], [ -57.9580456805, -34.958665934 ], [ -57.9589922322, -34.9595259062 ], [ -57.9579462568, -34.9602947879 ], [ -57.9568685156, -34.9610989922 ], [ -57.9559319823, -34.9602457505 ], [ -57.9549861707, -34.9593834239 ], [ -57.956047609, -34.9586007709 ], [ -57.9570987402, -34.9578047765 ] ] ], [ [ [ -57.9530715266, -34.9540581945 ], [ -57.9538398184, -34.9547579426 ], [ -57.9546082342, -34.9554575981 ], [ -57.9553766635, -34.9561572482 ], [ -57.9561449966, -34.9568568928 ], [ -57.956913452, -34.9575565348 ], [ -57.9559878832, -34.9582729932 ], [ -57.9550623001, -34.9589893545 ], [ -57.9541367007, -34.9597057068 ], [ -57.953211194, -34.9604220545 ], [ -57.952346111, -34.9596291088 ], [ -57.9514810459, -34.9588360677 ], [ -57.950615997, -34.9580430204 ], [ -57.9497509661, -34.9572499676 ], [ -57.9488859487, -34.9564569994 ], [ -57.9499570332, -34.9556744723 ], [ -57.9510282049, -34.9548920261 ], [ -57.9520992471, -34.9541095683 ], [ -57.9530715266, -34.9540581945 ] ] ], [ [ [ -57.9467887603, -34.9547895898 ], [ -57.9473748907, -34.9553355196 ], [ -57.9415425597, -34.9596569788 ], [ -57.9409476132, -34.9591030414 ], [ -57.9467887603, -34.9547895898 ] ] ], [ [ [ -57.9805851893, -34.9471103669 ], [ -57.9808755354, -34.9473745599 ], [ -57.9809475855, -34.9474401942 ], [ -57.9810217768, -34.9475077558 ], [ -57.9810927576, -34.9475723802 ], [ -57.9811676999, -34.9476405847 ], [ -57.9814583716, -34.9479050529 ], [ -57.9813718757, -34.9479687707 ], [ -57.9812937399, -34.9480263202 ], [ -57.9812118135, -34.9480866898 ], [ -57.981128217, -34.9481482044 ], [ -57.981012298, -34.9482334223 ], [ -57.9808895747, -34.9483238447 ], [ -57.9808029664, -34.9483876507 ], [ -57.9807230481, -34.9484464322 ], [ -57.9806432396, -34.9485052145 ], [ -57.9805599768, -34.9485664629 ], [ -57.9804793867, -34.9486258631 ], [ -57.9801829378, -34.9483559801 ], [ -57.9801111017, -34.9482905302 ], [ -57.9800423729, -34.9482278348 ], [ -57.9799676455, -34.9481598137 ], [ -57.9798908857, -34.9480898654 ], [ -57.9796053635, -34.9478298057 ], [ -57.9796924125, -34.947765917 ], [ -57.9797713262, -34.9477079314 ], [ -57.9798502372, -34.9476500357 ], [ -57.9799331628, -34.9475891426 ], [ -57.9800169778, -34.9475276335 ], [ -57.9800952242, -34.9474700868 ], [ -57.9801790392, -34.9474085776 ], [ -57.9802556102, -34.9473523547 ], [ -57.9803402049, -34.9472903177 ], [ -57.9804195638, -34.9472319778 ], [ -57.98050193, -34.9471715253 ], [ -57.9805851893, -34.9471103669 ] ] ], [ [ [ -57.9816376155, -34.9462993943 ], [ -57.9819304168, -34.9465617328 ], [ -57.9820031359, -34.9466268366 ], [ -57.9820779982, -34.9466938684 ], [ -57.9821495366, -34.9467580503 ], [ -57.9822251462, -34.9468258152 ], [ -57.9825183818, -34.9470884307 ], [ -57.9824324237, -34.947152609 ], [ -57.982354823, -34.9472107088 ], [ -57.9822734344, -34.947271539 ], [ -57.9821904827, -34.9473336048 ], [ -57.9821118793, -34.9473924087 ], [ -57.9820322731, -34.9474519169 ], [ -57.9819535581, -34.9475108081 ], [ -57.9818674849, -34.9475751654 ], [ -57.9817882115, -34.9476344981 ], [ -57.9817089398, -34.947693741 ], [ -57.9816263227, -34.9477555415 ], [ -57.9815462695, -34.9478154022 ], [ -57.9812473646, -34.9475474644 ], [ -57.9811748585, -34.9474825442 ], [ -57.9811054623, -34.9474202886 ], [ -57.9810300668, -34.9473527073 ], [ -57.9809526379, -34.9472832895 ], [ -57.9806646587, -34.9470251742 ], [ -57.9807511744, -34.9469606451 ], [ -57.9808295503, -34.9469021991 ], [ -57.9809078174, -34.9468437512 ], [ -57.980990207, -34.9467823078 ], [ -57.9810733781, -34.9467202464 ], [ -57.9811511956, -34.9466622411 ], [ -57.981234364, -34.9466002697 ], [ -57.9813103999, -34.9465434964 ], [ -57.9813943489, -34.9464809072 ], [ -57.9814731709, -34.9464221077 ], [ -57.9815548922, -34.9463611031 ], [ -57.9816376155, -34.9462993943 ] ] ], [ [ [ -57.9796874473, -34.9444894412 ], [ -57.9806185721, -34.9453478198 ], [ -57.9815497175, -34.9462061013 ], [ -57.9805116904, -34.9469833377 ], [ -57.9794736434, -34.9477605651 ], [ -57.9785776111, -34.9469344838 ], [ -57.9797176331, -34.9460959677 ], [ -57.9787318196, -34.9451871964 ], [ -57.9796874473, -34.9444894412 ] ] ], [ [ [ -57.9786396418, -34.9452951573 ], [ -57.9786861952, -34.9453025111 ], [ -57.9788823517, -34.9454797072 ], [ -57.9789542202, -34.945548133 ], [ -57.9790288531, -34.9456154329 ], [ -57.9790994912, -34.9456805034 ], [ -57.9791688425, -34.9457444712 ], [ -57.979247383, -34.9458130976 ], [ -57.9793207586, -34.9458781231 ], [ -57.979515416, -34.9460585379 ], [ -57.9795131587, -34.9461014877 ], [ -57.9793810042, -34.9462016641 ], [ -57.9792924588, -34.946264176 ], [ -57.979210812, -34.9463265322 ], [ -57.979126345, -34.9463878498 ], [ -57.9790391359, -34.9464493913 ], [ -57.9789615092, -34.9465084804 ], [ -57.9788797428, -34.946566778 ], [ -57.9787953342, -34.9466301694 ], [ -57.9787119851, -34.946690514 ], [ -57.978576031, -34.9467893647 ], [ -57.9785252408, -34.9467896013 ], [ -57.9783292147, -34.9466069993 ], [ -57.9782573193, -34.9465396545 ], [ -57.9781839994, -34.9464723762 ], [ -57.9781159873, -34.9464073489 ], [ -57.9780387841, -34.9463377522 ], [ -57.9779640225, -34.9462712608 ], [ -57.9778909436, -34.946203085 ], [ -57.9778163143, -34.9461356943 ], [ -57.9776918895, -34.9460235857 ], [ -57.9776969347, -34.9459830263 ], [ -57.9779204279, -34.9458181338 ], [ -57.9780060964, -34.9457569277 ], [ -57.9780851225, -34.9456987641 ], [ -57.9781682262, -34.945639497 ], [ -57.9782512948, -34.9455771659 ], [ -57.9783386657, -34.9455134642 ], [ -57.9784202324, -34.9454543517 ], [ -57.9785076834, -34.9453918228 ], [ -57.9786396418, -34.9452951573 ] ] ], [ [ [ -57.9903064136, -35.0364540156 ], [ -57.9939183526, -35.0395010671 ], [ -57.9857698231, -35.0460539871 ], [ -57.9840814881, -35.0444985152 ], [ -57.9839544489, -35.0437286838 ], [ -57.988995471, -35.0353478882 ], [ -57.9891191349, -35.0354522239 ], [ -57.9903064136, -35.0364540156 ] ] ], [ [ [ -57.8450652314, -35.0298154235 ], [ -57.8457464939, -35.0304398633 ], [ -57.8457968847, -35.0304859967 ], [ -57.8449640531, -35.0310858832 ], [ -57.8441312072, -35.0316858542 ], [ -57.8432984593, -35.0322858207 ], [ -57.842465589, -35.0328857792 ], [ -57.8402308061, -35.0344955755 ], [ -57.8399918095, -35.034667766 ], [ -57.8399453091, -35.0346653163 ], [ -57.8398156737, -35.034545496 ], [ -57.8392389501, -35.0340124615 ], [ -57.840071297, -35.0334128772 ], [ -57.8409036294, -35.0328133765 ], [ -57.8417359529, -35.0322137805 ], [ -57.8425683734, -35.0316141792 ], [ -57.8434006717, -35.0310145706 ], [ -57.8442329583, -35.0304149548 ], [ -57.8450652314, -35.0298154235 ] ] ], [ [ [ -57.9524557105, -35.0561047464 ], [ -57.9539914503, -35.0610821846 ], [ -57.9525118614, -35.062204963 ], [ -57.9508387384, -35.0564561143 ], [ -57.9524557105, -35.0561047464 ] ] ], [ [ [ -58.0062411313, -34.8880083178 ], [ -58.0054092162, -34.8886341641 ], [ -58.0053632194, -34.8886321479 ], [ -58.0046178352, -34.8879362525 ], [ -58.0035894578, -34.8869763368 ], [ -58.0025612161, -34.886016324 ], [ -58.0025946214, -34.8859149461 ], [ -58.0035033522, -34.8852555038 ], [ -58.004562625, -34.8844439691 ], [ -58.0056505106, -34.8836242425 ], [ -58.0057408106, -34.8836257245 ], [ -58.0067191075, -34.8844895432 ], [ -58.0076602714, -34.8853611265 ], [ -58.0081653091, -34.8858287524 ], [ -58.0085792985, -34.8862126937 ], [ -58.008577284, -34.8862508726 ], [ -58.0081169022, -34.8865971421 ], [ -58.0062411313, -34.8880083178 ] ] ], [ [ [ -58.0116074372, -34.8795436793 ], [ -58.0117292936, -34.8796858342 ], [ -58.0105287418, -34.8803470023 ], [ -58.0103355782, -34.8802365215 ], [ -58.0100741129, -34.8803526608 ], [ -58.0093494914, -34.8806269433 ], [ -58.0092509814, -34.880481853 ], [ -58.0116074372, -34.8795436793 ] ] ], [ [ [ -58.0162271844, -34.9325759341 ], [ -58.0191060258, -34.935222272 ], [ -58.0170454065, -34.9367346628 ], [ -58.0141386781, -34.9341381977 ], [ -58.0162271844, -34.9325759341 ] ] ], [ [ [ -58.0174177285, -34.905480995 ], [ -58.0199529848, -34.9078510737 ], [ -58.019215985, -34.9083847206 ], [ -58.017070566, -34.9057118203 ], [ -58.0174177285, -34.905480995 ] ] ], [ [ [ -57.9900866409, -34.9087830051 ], [ -57.9910121971, -34.9096296755 ], [ -57.9919378809, -34.9104763404 ], [ -57.9908744641, -34.9112725453 ], [ -57.9898652952, -34.9120281827 ], [ -57.9889314698, -34.9111791138 ], [ -57.9879976633, -34.9103300387 ], [ -57.989042162, -34.9095565264 ], [ -57.9900866409, -34.9087830051 ] ] ], [ [ [ -57.9814930108, -34.8978054486 ], [ -57.980268949, -34.8987681404 ], [ -57.9796748298, -34.8988505462 ], [ -57.9784858496, -34.8978405284 ], [ -57.9799894298, -34.8978229979 ], [ -57.9814930108, -34.8978054486 ] ] ], [ [ [ -58.0554105336, -34.9491179191 ], [ -58.0548356608, -34.9495173727 ], [ -58.0499720346, -34.9449153242 ], [ -58.0506218865, -34.9444676767 ], [ -58.0554105336, -34.9491179191 ] ] ], [ [ [ -58.046207673, -34.8637718504 ], [ -58.0382897342, -34.8676373515 ], [ -58.038050198, -34.8672768483 ], [ -58.0387587441, -34.8662033573 ], [ -58.0444354492, -34.8634682132 ], [ -58.0458423594, -34.8635059505 ], [ -58.046207673, -34.8637718504 ] ] ], [ [ [ -58.0687342334, -35.0243302183 ], [ -58.072925057, -35.0281685868 ], [ -58.0737504638, -35.0289301462 ], [ -58.0745758859, -35.0296917002 ], [ -58.0737327274, -35.0303510741 ], [ -58.0678208262, -35.0250337318 ], [ -58.0687342334, -35.0243302183 ] ] ], [ [ [ -58.2297034044, -34.9738322655 ], [ -58.2302708092, -34.9748536562 ], [ -58.2225068675, -34.9778809972 ], [ -58.2219331315, -34.9768058586 ], [ -58.2297034044, -34.9738322655 ] ] ], [ [ [ -58.1760308448, -34.9847386453 ], [ -58.1732172736, -34.9822243558 ], [ -58.1737029821, -34.9818562129 ], [ -58.1679753169, -34.9767278037 ], [ -58.1680603136, -34.9766625759 ], [ -58.1732394508, -34.9727033906 ], [ -58.1757235465, -34.9748143837 ], [ -58.1777908262, -34.9730011562 ], [ -58.1829587992, -34.9723707026 ], [ -58.1848045966, -34.971092972 ], [ -58.1856844069, -34.9718582015 ], [ -58.1882146171, -34.9714916972 ], [ -58.1909234956, -34.9738478103 ], [ -58.190347282, -34.9758717706 ], [ -58.1895324701, -34.9769149635 ], [ -58.1883165121, -34.9778309481 ], [ -58.1885634803, -34.9780470534 ], [ -58.1841478999, -34.9813731322 ], [ -58.1853059425, -34.9823763961 ], [ -58.1849759651, -34.9826267808 ], [ -58.1842427208, -34.9831832282 ], [ -58.1834181342, -34.982446482 ], [ -58.1760308448, -34.9847386453 ] ] ], [ [ [ -58.1313831574, -34.8867587998 ], [ -58.1321858086, -34.8875143139 ], [ -58.1218359105, -34.8899276905 ], [ -58.1211250423, -34.8891907896 ], [ -58.1313831574, -34.8867587998 ] ] ], [ [ [ -58.0996585191, -34.9967108907 ], [ -58.1019324297, -34.9950186697 ], [ -58.1066039221, -34.9992688603 ], [ -58.1043298712, -35.000961164 ], [ -58.0996585191, -34.9967108907 ] ] ], [ [ [ -58.0915469607, -34.982241924 ], [ -58.0952482528, -34.9855812093 ], [ -58.0946143675, -34.9860503901 ], [ -58.0909415047, -34.9827006853 ], [ -58.0915469607, -34.982241924 ] ] ], [ [ [ -58.0727828508, -34.849401802 ], [ -58.0737335862, -34.8489437242 ], [ -58.0746842038, -34.8484855466 ], [ -58.0756349194, -34.8480274526 ], [ -58.0765856242, -34.8475693514 ], [ -58.0775362094, -34.8471112404 ], [ -58.0775811315, -34.847120963 ], [ -58.0781954655, -34.8479874723 ], [ -58.0783841892, -34.8478965473 ], [ -58.078527614, -34.8480987967 ], [ -58.0783388903, -34.8481897218 ], [ -58.0784763895, -34.8483835868 ], [ -58.0784645976, -34.848420531 ], [ -58.0773668455, -34.8489495914 ], [ -58.0762689711, -34.8494785501 ], [ -58.0751711912, -34.8500075907 ], [ -58.0740733996, -34.8505365296 ], [ -58.0729755918, -34.8510655495 ], [ -58.0718859938, -34.8516216354 ], [ -58.0718454812, -34.8516149544 ], [ -58.0717239144, -34.8514602683 ], [ -58.0708285548, -34.851895416 ], [ -58.0706846525, -34.8517141487 ], [ -58.071604944, -34.8512693044 ], [ -58.0713505159, -34.8509287501 ], [ -58.0732344715, -34.8500388277 ], [ -58.0727828508, -34.849401802 ] ] ], [ [ [ -58.0427883535, -34.9961203716 ], [ -58.0437302692, -34.9969865653 ], [ -58.0446722048, -34.9978527518 ], [ -58.0438423302, -34.9984576925 ], [ -58.0430125527, -34.9990626286 ], [ -58.0421827608, -34.9996676493 ], [ -58.0413529591, -35.0002725729 ], [ -58.0404126621, -34.9994115242 ], [ -58.0394724974, -34.9985503811 ], [ -58.040301478, -34.9979429331 ], [ -58.0411304497, -34.9973353889 ], [ -58.041959407, -34.9967279284 ], [ -58.0427883535, -34.9961203716 ] ] ], [ [ [ -58.038857237, -34.9925241949 ], [ -58.0396854757, -34.993276923 ], [ -58.0404594898, -34.9939803745 ], [ -58.0412336271, -34.9946838242 ], [ -58.0420077779, -34.9953872685 ], [ -58.0427819422, -34.9960907092 ], [ -58.0418287607, -34.9967643923 ], [ -58.0406743837, -34.9975986574 ], [ -58.0394140378, -34.9984942832 ], [ -58.0386664764, -34.9978054007 ], [ -58.0379158752, -34.9970975389 ], [ -58.0372307789, -34.9964492204 ], [ -58.0364364671, -34.9957429863 ], [ -58.0355880368, -34.9949876566 ], [ -58.0367816044, -34.9940949553 ], [ -58.037819485, -34.993309581 ], [ -58.038857237, -34.9925241949 ] ] ], [ [ [ -58.0560014421, -34.959184618 ], [ -58.0562470083, -34.9589962082 ], [ -58.0570572219, -34.9583745671 ], [ -58.0578397688, -34.9590899418 ], [ -58.0586224407, -34.959805223 ], [ -58.0594050145, -34.9605205879 ], [ -58.0601876019, -34.9612359482 ], [ -58.0609703151, -34.961951215 ], [ -58.0601687431, -34.9625603429 ], [ -58.0599115909, -34.9627557548 ], [ -58.0588528461, -34.9635602847 ], [ -58.0577941894, -34.9643648056 ], [ -58.0570132675, -34.9636527916 ], [ -58.0562323583, -34.9629407723 ], [ -58.0554515723, -34.9622287503 ], [ -58.054670691, -34.9615167219 ], [ -58.053889932, -34.9608046909 ], [ -58.0549456425, -34.959994658 ], [ -58.0560014421, -34.959184618 ] ] ], [ [ [ -58.0658455372, -35.0376408509 ], [ -58.0669041013, -35.0384865977 ], [ -58.0589499549, -35.0415666048 ], [ -58.0582900728, -35.0404939393 ], [ -58.0658455372, -35.0376408509 ] ] ] ] } }
]
}
