{
"type": "FeatureCollection",
"name": "zonificacion150526",
"crs": { "type": "name", "properties": { "name": "urn:ogc:def:crs:OGC:1.3:CRS84" } },
"xy_coordinate_resolution": 1e-10,
"bbox": [ -58.2880025613, -35.2352600051, -57.7523455349, -34.1742924376 ],                                                        
"features": [
{ "type": "Feature", "properties": { "ZONA_COD": "UE", "ZONA_DESC": "USO ESPECÍFICO", "AREA_TIPO": "General", "DENOM": "Usos Específicos", "FOS_MAX": null, "FOT_RES": null, "FOT_COM": null, "FOT_MIN": null, "DENS_RES": null, "DENS_COM": null, "ALTURA_M": 0.0, "NIVELES": 0.0, "CUF_AV": null, "CUF_CAL": null, "RET_FRENTE": null, "RET_FONDO": null, "RET_LATERA": null, "PARC_SUP_M": null, "PARC_ANC_M": 0.0, "INC_PRM": null, "COLOR_HEX": "#D4D4D4" }, "bbox": [ -57.9445000378, -34.9451075974, -57.9340520722, -34.9357930096 ], "geometry": { "type": "MultiPolygon", "coordinates": [ [ [ [ -57.9433297438, -34.9451075974 ], [ -57.9445000378, -34.9442358585 ], [ -57.9424646607, -34.9423792333 ], [ -57.9403582183, -34.9404576627 ], [ -57.9363070287, -34.9367616811 ], [ -57.9352480698, -34.9357930096 ], [ -57.9340520722, -34.9366670904 ], [ -57.9433297438, -34.9451075974 ] ] ] ] } },
{ "type": "Feature", "properties": { "ZONA_COD": "AU-EF1", "ZONA_DESC": "EJE FUNDACIONAL 1", "AREA_TIPO": "Urbana", "DENOM": "Eje Fundacional 1", "FOS_MAX": "0.6", "FOT_RES": "2.5", "FOT_COM": "3.0", "FOT_MIN": "NO", "DENS_RES": "1000", "DENS_COM": "2000", "ALTURA_M": 30.0, "NIVELES": 10.0, "CUF_AV": "15", "CUF_CAL": "20", "RET_FRENTE": "NO", "RET_FONDO": "SI", "RET_LATERA": "NO", "PARC_SUP_M": "900", "PARC_ANC_M": 30.0, "INC_PRM": "Art 289 COT Ord 12692 (Art. 47 del Dec.ley 8912/77 por mejora morfológica) - Receptor APU (Ver Titulo 9 Cap 1 y 2- COT Ord 12692)", "COLOR_HEX": "#4A0404" }, "bbox": [ -57.9548029734, -34.9214337036, -57.9471299496, -34.9148565856 ], "geometry": { "type": "MultiPolygon", "coordinates": [ [ [ [ -57.9548029734, -34.9195100295 ], [ -57.9507531445, -34.9158108805 ], [ -57.9497019207, -34.9148565856 ], [ -57.9493414832, -34.9148744137 ], [ -57.9492576403, -34.9150369914 ], [ -57.9491326795, -34.9151693374 ], [ -57.9489647437, -34.9152949511 ], [ -57.9477504611, -34.9161948973 ], [ -57.9476542444, -34.9162560323 ], [ -57.9475703368, -34.9162999561 ], [ -57.9474891343, -34.9163347311 ], [ -57.9474016725, -34.9163611388 ], [ -57.9473124328, -34.9163803366 ], [ -57.9472296718, -34.9163929433 ], [ -57.9471465475, -34.9164005066 ], [ -57.9471299496, -34.9167749519 ], [ -57.9481802147, -34.917735096 ], [ -57.9522300148, -34.9214337036 ], [ -57.9548029734, -34.9195100295 ] ] ] ] } },
{ "type": "Feature", "properties": { "ZONA_COD": "AU-CCA", "ZONA_DESC": "CENTRAL CASCO", "AREA_TIPO": "Urbana", "DENOM": "Central Casco", "FOS_MAX": "0.6", "FOT_RES": "2.5", "FOT_COM": "3.0", "FOT_MIN": "NO", "DENS_RES": "1000", "DENS_COM": "2000", "ALTURA_M": 24.0, "NIVELES": 8.0, "CUF_AV": "20", "CUF_CAL": "30", "RET_FRENTE": "NO", "RET_FONDO": "SI", "RET_LATERA": "NO", "PARC_SUP_M": "900", "PARC_ANC_M": 30.0, "INC_PRM": "Art 289 COT Ord 12692 (Art. 47 del Dec.ley 8912/77 por mejora morfológica)", "COLOR_HEX": "#800000" }, "bbox": [ -57.9530283259, -34.9138866056, -57.9445913415, -34.9069268674 ], "geometry": { "type": "MultiPolygon", "coordinates": [ [ [ [ -57.9530283259, -34.9106219272 ], [ -57.9489821762, -34.9069268674 ], [ -57.9445913415, -34.9101840473 ], [ -57.9486551431, -34.9138866056 ], [ -57.9530283259, -34.9106219272 ] ] ] ] } },
{ "type": "Feature", "properties": { "ZONA_COD": "AU-EV", "ZONA_DESC": "ESPACIO VERDE", "AREA_TIPO": "Urbana", "DENOM": "Espacio Verde", "FOS_MAX": null, "FOT_RES": null, "FOT_COM": null, "FOT_MIN": null, "DENS_RES": null, "DENS_COM": null, "ALTURA_M": 0.0, "NIVELES": 0.0, "CUF_AV": null, "CUF_CAL": null, "RET_FRENTE": null, "RET_FONDO": null, "RET_LATERA": null, "PARC_SUP_M": null, "PARC_ANC_M": 0.0, "INC_PRM": null, "COLOR_HEX": "#9AD66E" }, "bbox": [ -57.9565213719, -34.9007094287, -57.9555377734, -34.8997402095 ], "geometry": { "type": "MultiPolygon", "coordinates": [ [ [ [ -57.9564699666, -34.8997426089 ], [ -57.9564505556, -34.8997402095 ], [ -57.9564310332, -34.8997423149 ], [ -57.9564128264, -34.8997486776 ], [ -57.9563974786, -34.8997588732 ], [ -57.9559791652, -34.9000709055 ], [ -57.9555608492, -34.900382937 ], [ -57.9555524702, -34.9003900057 ], [ -57.9555458116, -34.900398275 ], [ -57.955540993, -34.9004072961 ], [ -57.9555383463, -34.9004169845 ], [ -57.9555377734, -34.9004268878 ], [ -57.9555393904, -34.9004366481 ], [ -57.9555430947, -34.9004460829 ], [ -57.9555487847, -34.9004548297 ], [ -57.9555563606, -34.900462527 ], [ -57.9557848019, -34.9006638241 ], [ -57.9558058371, -34.9006801288 ], [ -57.9558300153, -34.9006932427 ], [ -57.9558565822, -34.9007026118 ], [ -57.9558847769, -34.9007081328 ], [ -57.9559136226, -34.9007094287 ], [ -57.9559423506, -34.9007066678 ], [ -57.9559700857, -34.9006998347 ], [ -57.9559959466, -34.900689185 ], [ -57.9560191626, -34.9006748857 ], [ -57.9563817926, -34.9004095453 ], [ -57.956406479, -34.9003888725 ], [ -57.9564289099, -34.9003665397 ], [ -57.956448971, -34.9003427247 ], [ -57.9564663316, -34.9003175131 ], [ -57.9564810948, -34.9002911756 ], [ -57.956492929, -34.9002638884 ], [ -57.9565018278, -34.9002358304 ], [ -57.9565077858, -34.9002072724 ], [ -57.9565106915, -34.9001783026 ], [ -57.9565160317, -34.8999914837 ], [ -57.9565213719, -34.8998046649 ], [ -57.95652046, -34.8997885184 ], [ -57.9565141692, -34.8997730924 ], [ -57.9565030167, -34.8997596574 ], [ -57.9564879594, -34.8997493107 ], [ -57.9564699666, -34.8997426089 ] ] ] ] } },
{ "type": "Feature", "properties": { "ZONA_COD": "AU-CC1", "ZONA_DESC": "CORREDOR CENTRALIDAD 1", "AREA_TIPO": "Urbana", "DENOM": "Corredor Central. 1", "FOS_MAX": "0.6", "FOT_RES": "2.5", "FOT_COM": "3.0", "FOT_MIN": "0.75", "DENS_RES": "1000", "DENS_COM": "2000", "ALTURA_M": 30.0, "NIVELES": 10.0, "CUF_AV": "20", "CUF_CAL": "25", "RET_FRENTE": "NO", "RET_FONDO": "SI", "RET_LATERA": "NO", "PARC_SUP_M": "900", "PARC_ANC_M": 30.0, "INC_PRM": "Art 289 COT Ord 12692 (Art. 47 del Dec.ley 8912/77 por mejora morfológica) - Receptor APU (Ver Titulo 9 Cap 1 y 2- COT Ord 12692)", "COLOR_HEX": "#D51A1A" }, "bbox": [ -57.9717917424, -34.9535140993, -57.9156226649, -34.9111519705 ], "geometry": { "type": "MultiPolygon", "coordinates": [ [ [ [ -57.9416784203, -34.9112168782 ], [ -57.9415564048, -34.911211029 ], [ -57.9414359613, -34.9112156623 ], [ -57.941081373, -34.9112570266 ], [ -57.9409682392, -34.9111519705 ], [ -57.9385605832, -34.912930101 ], [ -57.935404944, -34.9152604468 ], [ -57.934347451, -34.9142910406 ], [ -57.9287129834, -34.9184967921 ], [ -57.9263536849, -34.9202430381 ], [ -57.9284468291, -34.9221702313 ], [ -57.9324951425, -34.9258754858 ], [ -57.92803314, -34.9292088301 ], [ -57.9239841808, -34.9255193201 ], [ -57.923038496, -34.9246534231 ], [ -57.9227720791, -34.9244369077 ], [ -57.9208349034, -34.9226501014 ], [ -57.9198494002, -34.921733721 ], [ -57.920970532, -34.9209072117 ], [ -57.919949225, -34.9199858266 ], [ -57.9210837485, -34.9191511163 ], [ -57.9200689715, -34.9182317952 ], [ -57.9223147738, -34.9165758204 ], [ -57.9246578864, -34.9148456327 ], [ -57.9237320532, -34.9140049833 ], [ -57.9225643761, -34.9146871839 ], [ -57.9156226649, -34.9198443524 ], [ -57.9340520722, -34.9366670904 ], [ -57.9352480698, -34.9357930096 ], [ -57.9363070287, -34.9367616811 ], [ -57.9391290096, -34.9346850449 ], [ -57.9396681855, -34.9342601251 ], [ -57.9375640633, -34.9323445934 ], [ -57.9341851773, -34.9348199756 ], [ -57.9301580716, -34.9311330412 ], [ -57.9346318751, -34.9278143998 ], [ -57.9386934383, -34.9315096098 ], [ -57.9410352297, -34.9297726889 ], [ -57.936988258, -34.9260548367 ], [ -57.9409013926, -34.9231588092 ], [ -57.9414643664, -34.9227421362 ], [ -57.9454896266, -34.926426334 ], [ -57.9420916273, -34.9289804005 ], [ -57.9442062671, -34.9308844703 ], [ -57.9445964191, -34.9305965128 ], [ -57.9470454079, -34.9287686435 ], [ -57.9476108459, -34.9283481843 ], [ -57.9516629869, -34.932039431 ], [ -57.9471819574, -34.935362836 ], [ -57.9431447406, -34.9316679291 ], [ -57.9408078091, -34.9334104259 ], [ -57.9412229461, -34.9337984698 ], [ -57.9448436706, -34.9371028677 ], [ -57.946960886, -34.9390275392 ], [ -57.9492776736, -34.9373068169 ], [ -57.9537522622, -34.9339868724 ], [ -57.9578376538, -34.9376673506 ], [ -57.9599564277, -34.9395856405 ], [ -57.9640103602, -34.9432719274 ], [ -57.9595108676, -34.9466193947 ], [ -57.9571760253, -34.9483408248 ], [ -57.9549294891, -34.950025469 ], [ -57.9539200289, -34.9491201629 ], [ -57.9527911891, -34.9499179622 ], [ -57.9517830949, -34.9490227069 ], [ -57.9506487989, -34.9498526957 ], [ -57.9486418332, -34.9480060467 ], [ -57.9465299111, -34.9460884259 ], [ -57.9445000378, -34.9442358585 ], [ -57.9433297438, -34.9451075974 ], [ -57.952547819, -34.9535140993 ], [ -57.9717917424, -34.9392344039 ], [ -57.9707344679, -34.9382675365 ], [ -57.9663489536, -34.9415319155 ], [ -57.9623071486, -34.9378496701 ], [ -57.9601912111, -34.9359301895 ], [ -57.9561317523, -34.9322391263 ], [ -57.9605158429, -34.9289647667 ], [ -57.9594684826, -34.9280052755 ], [ -57.9583945841, -34.927025483 ], [ -57.9540114666, -34.9303006044 ], [ -57.9499662324, -34.9266023934 ], [ -57.9543443659, -34.9233339099 ], [ -57.9522300148, -34.9214337036 ], [ -57.9478440167, -34.9246857214 ], [ -57.9438053781, -34.9209938074 ], [ -57.9481802147, -34.917735096 ], [ -57.9471299496, -34.9167749519 ], [ -57.9471465475, -34.9164005066 ], [ -57.9470457461, -34.9163920916 ], [ -57.9469502767, -34.9163730152 ], [ -57.9468545592, -34.9163400002 ], [ -57.9467845362, -34.9163093468 ], [ -57.9467061477, -34.9162642926 ], [ -57.9466383523, -34.9162108504 ], [ -57.9465866332, -34.9161613121 ], [ -57.9465361146, -34.9160966706 ], [ -57.9464908752, -34.9160288725 ], [ -57.9464576614, -34.9159568072 ], [ -57.946440871, -34.9158929886 ], [ -57.9464305396, -34.9158277796 ], [ -57.9464310819, -34.9158060376 ], [ -57.9460733289, -34.9158089667 ], [ -57.9416911745, -34.9190640718 ], [ -57.9376238907, -34.9153649579 ], [ -57.9420083636, -34.9120971247 ], [ -57.9426431141, -34.9116355665 ], [ -57.9424625392, -34.9114939971 ], [ -57.9423517895, -34.9114236872 ], [ -57.9422296921, -34.9113586041 ], [ -57.9421351698, -34.9113194036 ], [ -57.9420030864, -34.9112752972 ], [ -57.9419420071, -34.911259042 ], [ -57.9418223937, -34.9112334347 ], [ -57.9416784203, -34.9112168782 ] ], [ [ -57.9393552305, -34.9208115292 ], [ -57.9348715597, -34.9241469321 ], [ -57.9308052822, -34.9204292004 ], [ -57.9352809715, -34.9171109575 ], [ -57.9393552305, -34.9208115292 ] ], [ [ -57.9290317229, -34.9208692342 ], [ -57.9288650363, -34.9208928783 ], [ -57.928203522, -34.9208662863 ], [ -57.9280376753, -34.9208278654 ], [ -57.9279137262, -34.9207610988 ], [ -57.9275540433, -34.9204187575 ], [ -57.9275094729, -34.920348007 ], [ -57.92750162, -34.9202762905 ], [ -57.9275402576, -34.9201990055 ], [ -57.9279831575, -34.9198661511 ], [ -57.9281113657, -34.9197988539 ], [ -57.9282614059, -34.919783409 ], [ -57.9289501158, -34.9198143762 ], [ -57.9290802396, -34.9198415142 ], [ -57.9291843343, -34.9199082439 ], [ -57.929546351, -34.9202338641 ], [ -57.9296026315, -34.9203510934 ], [ -57.9295812231, -34.9204784635 ], [ -57.9291590696, -34.920796882 ], [ -57.9290317229, -34.9208692342 ] ], [ [ -57.9339423702, -34.9258174849 ], [ -57.9346362763, -34.9253212848 ], [ -57.9346738563, -34.9252975023 ], [ -57.9347177774, -34.9252826581 ], [ -57.9347648443, -34.9252776012 ], [ -57.9348117647, -34.9252828146 ], [ -57.9348555895, -34.9252979789 ], [ -57.9348930688, -34.9253218667 ], [ -57.935482301, -34.9258760227 ], [ -57.9355159419, -34.925904622 ], [ -57.9355394727, -34.9259393574 ], [ -57.9355514175, -34.9259779509 ], [ -57.9355507475, -34.926017772 ], [ -57.9355376407, -34.9260561209 ], [ -57.935513038, -34.9260903986 ], [ -57.9348127008, -34.926589918 ], [ -57.9347683903, -34.92661593 ], [ -57.9347172405, -34.9266310116 ], [ -57.9346629988, -34.926634144 ], [ -57.9346097203, -34.9266250374 ], [ -57.9345615454, -34.9266043917 ], [ -57.934521941, -34.9265736187 ], [ -57.9339256707, -34.9260252858 ], [ -57.9339002163, -34.9259931306 ], [ -57.9338855888, -34.9259568348 ], [ -57.9338826085, -34.9259185732 ], [ -57.9338916494, -34.9258809671 ], [ -57.9339119893, -34.9258465276 ], [ -57.9339423702, -34.9258174849 ] ], [ [ -57.9478864512, -34.9372934691 ], [ -57.9478839754, -34.9373093781 ], [ -57.9478801892, -34.9373251756 ], [ -57.9478750973, -34.9373406799 ], [ -57.9478686995, -34.937355892 ], [ -57.9478609995, -34.9373706318 ], [ -57.9478521079, -34.9373849005 ], [ -57.947841915, -34.937398697 ], [ -57.9478307562, -34.937411756 ], [ -57.9478245814, -34.9374180045 ], [ -57.9478049834, -34.9374359226 ], [ -57.9471527447, -34.9379013596 ], [ -57.9471352574, -34.9379092646 ], [ -57.9471171378, -34.9379161678 ], [ -57.9470984976, -34.937921981 ], [ -57.9470793384, -34.9379267034 ], [ -57.9470598771, -34.9379303393 ], [ -57.9470401154, -34.9379328898 ], [ -57.9470201657, -34.937934174 ], [ -57.9470002431, -34.9379343782 ], [ -57.9469802403, -34.9379334096 ], [ -57.946960484, -34.9379313627 ], [ -57.9469408653, -34.9379281477 ], [ -57.9469216045, -34.9379237662 ], [ -57.9469026981, -34.93791831 ], [ -57.9468843663, -34.9379117818 ], [ -57.946866718, -34.9379041843 ], [ -57.9468496408, -34.9378956039 ], [ -57.9468333523, -34.9378861367 ], [ -57.9468178534, -34.9378756911 ], [ -57.9462581576, -34.9373287558 ], [ -57.9462366431, -34.9373006358 ], [ -57.9462199985, -34.9372703449 ], [ -57.9462086445, -34.9372385205 ], [ -57.9462027773, -34.9372040504 ], [ -57.9462025228, -34.93717245 ], [ -57.9462079412, -34.9371394674 ], [ -57.946218698, -34.9371074767 ], [ -57.9462348876, -34.9370770203 ], [ -57.946255948, -34.9370487186 ], [ -57.9462816479, -34.9370231086 ], [ -57.9463113174, -34.9370006301 ], [ -57.9469276228, -34.9365761357 ], [ -57.9469357185, -34.9365718567 ], [ -57.946969685, -34.9365570206 ], [ -57.9470059583, -34.9365461883 ], [ -57.947043549, -34.9365396142 ], [ -57.947076359, -34.9365377859 ], [ -57.9471203709, -34.9365396511 ], [ -57.9471579617, -34.936546235 ], [ -57.9471900998, -34.9365558254 ], [ -57.9471941342, -34.9365570296 ], [ -57.9472282374, -34.936571845 ], [ -57.9472593989, -34.9365904853 ], [ -57.9472870863, -34.9366124017 ], [ -57.9478129496, -34.9371162244 ], [ -57.9478256714, -34.9371283347 ], [ -57.9478373869, -34.93714124 ], [ -57.9478479944, -34.9371547568 ], [ -57.9478573842, -34.9371687934 ], [ -57.9478655572, -34.9371833507 ], [ -57.9478725135, -34.9371984279 ], [ -57.9478782602, -34.937213755 ], [ -57.9478825751, -34.9372294194 ], [ -57.9478855717, -34.9372453302 ], [ -57.9478871428, -34.9372613085 ], [ -57.947887507, -34.9372774459 ], [ -57.9478864512, -34.9372934691 ] ], [ [ -57.9472928087, -34.926946304 ], [ -57.9472678723, -34.9269414666 ], [ -57.9472436967, -34.9269324068 ], [ -57.9472195311, -34.9269185707 ], [ -57.9472001408, -34.9269019315 ], [ -57.9471853325, -34.9268858201 ], [ -57.9471719632, -34.9268602704 ], [ -57.9471664135, -34.92683269 ], [ -57.9471651787, -34.9268032003 ], [ -57.9471922106, -34.9262804244 ], [ -57.9472003845, -34.9261675532 ], [ -57.947210152, -34.9261356354 ], [ -57.9472309848, -34.9261031842 ], [ -57.9472558915, -34.9260828775 ], [ -57.9472826428, -34.9260675585 ], [ -57.9473230997, -34.9260555354 ], [ -57.9473495514, -34.926052288 ], [ -57.9481514328, -34.9260854829 ], [ -57.9481989072, -34.9260992623 ], [ -57.9482308933, -34.9261198091 ], [ -57.9482564791, -34.9261469164 ], [ -57.9482708835, -34.9261748269 ], [ -57.9482746265, -34.9262134609 ], [ -57.9482387534, -34.92682792 ], [ -57.948235041, -34.9268671493 ], [ -57.9482268923, -34.9268955796 ], [ -57.948206448, -34.9269256043 ], [ -57.9481691792, -34.9269546237 ], [ -57.948141489, -34.9269680343 ], [ -57.9481024054, -34.9269776481 ], [ -57.9472928087, -34.926946304 ] ], [ [ -57.9407247837, -34.9208571168 ], [ -57.9409836662, -34.9203829672 ], [ -57.9416145981, -34.9201897371 ], [ -57.942207683, -34.920430339 ], [ -57.9424168069, -34.9209444895 ], [ -57.9421124295, -34.9214408487 ], [ -57.9417176748, -34.921580142 ], [ -57.9409356208, -34.9213585931 ], [ -57.9407247837, -34.9208571168 ] ], [ [ -57.9543637058, -34.9327426765 ], [ -57.9540031065, -34.9328804329 ], [ -57.9539199228, -34.932889936 ], [ -57.953830871, -34.9328889755 ], [ -57.9537373748, -34.9328774876 ], [ -57.9533694954, -34.9327620641 ], [ -57.953311133, -34.9327282766 ], [ -57.9532481382, -34.9326783705 ], [ -57.9532080248, -34.9326236234 ], [ -57.9530499231, -34.9321735154 ], [ -57.9530530222, -34.9321082759 ], [ -57.9530561203, -34.9320430373 ], [ -57.9530665129, -34.9319903118 ], [ -57.9531533577, -34.9317806259 ], [ -57.95319324, -34.931716953 ], [ -57.9532391728, -34.9316607714 ], [ -57.9532759695, -34.9316287682 ], [ -57.9533291365, -34.9315985734 ], [ -57.9534021381, -34.9315715965 ], [ -57.9537552929, -34.9314338059 ], [ -57.953835168, -34.9314076653 ], [ -57.953953043, -34.9313847785 ], [ -57.9540165001, -34.9313852165 ], [ -57.9540801397, -34.9313959319 ], [ -57.9544939232, -34.9315662878 ], [ -57.954542831, -34.9315973917 ], [ -57.9545917856, -34.9316354357 ], [ -57.9546116813, -34.9316627167 ], [ -57.9547180846, -34.9319960576 ], [ -57.9547339504, -34.9320710341 ], [ -57.9547489142, -34.9321426606 ], [ -57.9547600011, -34.9322073722 ], [ -57.9547554874, -34.9322613684 ], [ -57.9546388174, -34.9325661702 ], [ -57.9545478375, -34.932651693 ], [ -57.9544938557, -34.9326882738 ], [ -57.9544422652, -34.9327122776 ], [ -57.9543637058, -34.9327426765 ] ], [ [ -57.960625669, -34.9382242441 ], [ -57.9594810002, -34.9382051101 ], [ -57.959503423, -34.9373043824 ], [ -57.9606479722, -34.937323609 ], [ -57.960625669, -34.9382242441 ] ] ] ] } },
{ "type": "Feature", "properties": { "ZONA_COD": "AU-EF1", "ZONA_DESC": "EJE FUNDACIONAL 1", "AREA_TIPO": "Urbana", "DENOM": "Eje Fundacional 1", "FOS_MAX": "0.6", "FOT_RES": "2.5", "FOT_COM": "3.0", "FOT_MIN": "NO", "DENS_RES": "1000", "DENS_COM": "2000", "ALTURA_M": 30.0, "NIVELES": 10.0, "CUF_AV": "15", "CUF_CAL": "20", "RET_FRENTE": "NO", "RET_FONDO": "SI", "RET_LATERA": "NO", "PARC_SUP_M": "900", "PARC_ANC_M": 30.0, "INC_PRM": "Art 289 COT Ord 12692 (Art. 47 del Dec.ley 8912/77 por mejora morfológica) - Receptor APU (Ver Titulo 9 Cap 1 y 2- COT Ord 12692)", "COLOR_HEX": "#4A0404" }, "bbox": [ -57.9486551431, -34.9158089667, -57.9420083636, -34.9101840473 ], "geometry": { "type": "MultiPolygon", "coordinates": [ [ [ [ -57.9486551431, -34.9138866056 ], [ -57.9445913415, -34.9101840473 ], [ -57.9439510755, -34.9106629533 ], [ -57.9426431141, -34.9116355665 ], [ -57.9420083636, -34.9120971247 ], [ -57.9460733289, -34.9158089667 ], [ -57.9464310819, -34.9158060376 ], [ -57.9464324372, -34.9157516376 ], [ -57.9464425285, -34.9156804707 ], [ -57.9464697681, -34.9156083846 ], [ -57.9465122089, -34.9155349433 ], [ -57.9465605285, -34.9154661353 ], [ -57.9466180609, -34.9154154189 ], [ -57.9466860856, -34.9153608489 ], [ -57.946755918, -34.9153078861 ], [ -57.9479754229, -34.9144105101 ], [ -57.948156469, -34.9142731225 ], [ -57.9483564873, -34.9141739282 ], [ -57.9485785542, -34.9141373743 ], [ -57.9486327095, -34.9141407045 ], [ -57.9486551431, -34.9138866056 ] ] ] ] } },
{ "type": "Feature", "properties": { "ZONA_COD": "AU-EF1", "ZONA_DESC": "EJE FUNDACIONAL 1", "AREA_TIPO": "Urbana", "DENOM": "Eje Fundacional 1", "FOS_MAX": "0.6", "FOT_RES": "2.5", "FOT_COM": "3.0", "FOT_MIN": "NO", "DENS_RES": "1000", "DENS_COM": "2000", "ALTURA_M": 30.0, "NIVELES": 10.0, "CUF_AV": "15", "CUF_CAL": "20", "RET_FRENTE": "NO", "RET_FONDO": "SI", "RET_LATERA": "NO", "PARC_SUP_M": "900", "PARC_ANC_M": 30.0, "INC_PRM": "Art 289 COT Ord 12692 (Art. 47 del Dec.ley 8912/77 por mejora morfológica) - Receptor APU (Ver Titulo 9 Cap 1 y 2- COT Ord 12692)", "COLOR_HEX": "#4A0404" }, "bbox": [ -57.9620441068, -34.9280052755, -57.9543443659, -34.9214226347 ], "geometry": { "type": "MultiPolygon", "coordinates": [ [ [ [ -57.9594684826, -34.9280052755 ], [ -57.9620441068, -34.9260893176 ], [ -57.9609914674, -34.9251182512 ], [ -57.9569213723, -34.9214226347 ], [ -57.9543443659, -34.9233339099 ], [ -57.9583945841, -34.927025483 ], [ -57.9594684826, -34.9280052755 ] ] ] ] } },
{ "type": "Feature", "properties": { "ZONA_COD": "AU-EF2", "ZONA_DESC": "EJE FUNDACIONAL 2", "AREA_TIPO": "Urbana", "DENOM": "Eje Fundacional 2", "FOS_MAX": "0.6", "FOT_RES": "2.5", "FOT_COM": "3.0", "FOT_MIN": "NO", "DENS_RES": "1000", "DENS_COM": "2000", "ALTURA_M": 18.0, "NIVELES": 6.0, "CUF_AV": "20", "CUF_CAL": "30", "RET_FRENTE": "NO", "RET_FONDO": "SI", "RET_LATERA": "NO", "PARC_SUP_M": "900", "PARC_ANC_M": 30.0, "INC_PRM": "Art 289 COT Ord 12692 (Art. 47 del Dec.ley 8912/77 por mejora morfológica) - Receptor APU (Ver Titulo 9 Cap 1 y 2- COT Ord 12692)", "COLOR_HEX": "#8B3A3A" }, "bbox": [ -57.9668830538, -34.9325107288, -57.9605158429, -34.9270549484 ], "geometry": { "type": "MultiPolygon", "coordinates": [ [ [ [ -57.9630982201, -34.9270549484 ], [ -57.9605158429, -34.9289647667 ], [ -57.9632602303, -34.931483319 ], [ -57.9644177908, -34.9325107288 ], [ -57.9642787952, -34.9312055778 ], [ -57.965384268, -34.9304052621 ], [ -57.9668830538, -34.9305182853 ], [ -57.9630982201, -34.9270549484 ] ] ] ] } },
{ "type": "Feature", "properties": { "ZONA_COD": "AU-EF2", "ZONA_DESC": "EJE FUNDACIONAL 2", "AREA_TIPO": "Urbana", "DENOM": "Eje Fundacional 2", "FOS_MAX": "0.6", "FOT_RES": "2.5", "FOT_COM": "3.0", "FOT_MIN": "NO", "DENS_RES": "1000", "DENS_COM": "2000", "ALTURA_M": 18.0, "NIVELES": 6.0, "CUF_AV": "20", "CUF_CAL": "30", "RET_FRENTE": "NO", "RET_FONDO": "SI", "RET_LATERA": "NO", "PARC_SUP_M": "900", "PARC_ANC_M": 30.0, "INC_PRM": "Art 289 COT Ord 12692 (Art. 47 del Dec.ley 8912/77 por mejora morfológica) - Receptor APU (Ver Titulo 9 Cap 1 y 2- COT Ord 12692)", "COLOR_HEX": "#8B3A3A" }, "bbox": [ -57.9743705052, -34.9392344039, -57.9669860649, -34.9329007971 ], "geometry": { "type": "MultiPolygon", "coordinates": [ [ [ [ -57.9743705052, -34.9373278835 ], [ -57.9733190673, -34.9363651089 ], [ -57.9695221485, -34.9329007971 ], [ -57.9694903908, -34.934167075 ], [ -57.9684325066, -34.9349850632 ], [ -57.9669860649, -34.9348653724 ], [ -57.9707344679, -34.9382675365 ], [ -57.9717917424, -34.9392344039 ], [ -57.9743705052, -34.9373278835 ] ] ] ] } },
{ "type": "Feature", "properties": { "ZONA_COD": "AU-R1", "ZONA_DESC": "RESIDENCIAL 1", "AREA_TIPO": "Urbana", "DENOM": "Residencial 1", "FOS_MAX": "0.6", "FOT_RES": "2.0", "FOT_COM": null, "FOT_MIN": "1.0", "DENS_RES": "800", "DENS_COM": null, "ALTURA_M": 18.0, "NIVELES": 6.0, "CUF_AV": "30", "CUF_CAL": "40", "RET_FRENTE": "NO", "RET_FONDO": "SI", "RET_LATERA": "NO", "PARC_SUP_M": "600", "PARC_ANC_M": 20.0, "INC_PRM": "Art 289 COT Ord 12692 (Art. 47 del Dec.ley 8912/77 por mejora morfológica)", "COLOR_HEX": "#223555" }, "bbox": [ -57.9454896266, -34.9297726889, -57.936988258, -34.9227421362 ], "geometry": { "type": "MultiPolygon", "coordinates": [ [ [ [ -57.9454896266, -34.926426334 ], [ -57.9414643664, -34.9227421362 ], [ -57.9409013926, -34.9231588092 ], [ -57.936988258, -34.9260548367 ], [ -57.9410352297, -34.9297726889 ], [ -57.9420916273, -34.9289804005 ], [ -57.9454896266, -34.926426334 ] ] ] ] } },
{ "type": "Feature", "properties": { "ZONA_COD": "AU-R1", "ZONA_DESC": "RESIDENCIAL 1", "AREA_TIPO": "Urbana", "DENOM": "Residencial 1", "FOS_MAX": "0.6", "FOT_RES": "2.0", "FOT_COM": null, "FOT_MIN": "1.0", "DENS_RES": "800", "DENS_COM": null, "ALTURA_M": 18.0, "NIVELES": 6.0, "CUF_AV": "30", "CUF_CAL": "40", "RET_FRENTE": "NO", "RET_FONDO": "SI", "RET_LATERA": "NO", "PARC_SUP_M": "600", "PARC_ANC_M": 20.0, "INC_PRM": "Art 289 COT Ord 12692 (Art. 47 del Dec.ley 8912/77 por mejora morfológica)", "COLOR_HEX": "#223555" }, "bbox": [ -57.9393552305, -34.9241469321, -57.9308052822, -34.9171109575 ], "geometry": { "type": "MultiPolygon", "coordinates": [ [ [ [ -57.9348715597, -34.9241469321 ], [ -57.9393552305, -34.9208115292 ], [ -57.9352809715, -34.9171109575 ], [ -57.9308052822, -34.9204292004 ], [ -57.9348715597, -34.9241469321 ] ] ] ] } },
{ "type": "Feature", "properties": { "ZONA_COD": "AU-R1", "ZONA_DESC": "RESIDENCIAL 1", "AREA_TIPO": "Urbana", "DENOM": "Residencial 1", "FOS_MAX": "0.6", "FOT_RES": "2.0", "FOT_COM": null, "FOT_MIN": "1.0", "DENS_RES": "800", "DENS_COM": null, "ALTURA_M": 18.0, "NIVELES": 6.0, "CUF_AV": "30", "CUF_CAL": "40", "RET_FRENTE": "NO", "RET_FONDO": "SI", "RET_LATERA": "NO", "PARC_SUP_M": "600", "PARC_ANC_M": 20.0, "INC_PRM": "Art 289 COT Ord 12692 (Art. 47 del Dec.ley 8912/77 por mejora morfológica)", "COLOR_HEX": "#223555" }, "bbox": [ -57.965379587, -34.9251182512, -57.9569213723, -34.9181394312 ], "geometry": { "type": "MultiPolygon", "coordinates": [ [ [ [ -57.9609914674, -34.9251182512 ], [ -57.965379587, -34.9218705862 ], [ -57.9612860565, -34.9181394312 ], [ -57.9569213723, -34.9214226347 ], [ -57.9609914674, -34.9251182512 ] ] ] ] } },
{ "type": "Feature", "properties": { "ZONA_COD": "AU-CC2", "ZONA_DESC": "CORREDOR CENTRALIDAD 2", "AREA_TIPO": "Urbana", "DENOM": "Corredor Central. 2", "FOS_MAX": "0.6", "FOT_RES": "2.5", "FOT_COM": "3.0", "FOT_MIN": "0.75", "DENS_RES": "1000", "DENS_COM": "2000", "ALTURA_M": 18.0, "NIVELES": 6.0, "CUF_AV": "20", "CUF_CAL": "30", "RET_FRENTE": "NO", "RET_FONDO": "SI", "RET_LATERA": "NO", "PARC_SUP_M": "900", "PARC_ANC_M": 30.0, "INC_PRM": "Art 289 COT Ord 12692 (Art. 47 del Dec.ley 8912/77 por mejora morfológica) - Receptor APU (Ver Titulo 9 Cap 1 y 2- COT Ord 12692)", "COLOR_HEX": "#F67D44" }, "bbox": [ -57.9811327829, -34.9169456873, -57.9745218305, -34.9116931654 ], "geometry": { "type": "MultiPolygon", "coordinates": [ [ [ [ -57.9811327829, -34.913612762 ], [ -57.9790251992, -34.9116931654 ], [ -57.9745218305, -34.9150378763 ], [ -57.976654731, -34.9169456873 ], [ -57.9811327829, -34.913612762 ] ] ] ] } },
{ "type": "Feature", "properties": { "ZONA_COD": "AU-CC2", "ZONA_DESC": "CORREDOR CENTRALIDAD 2", "AREA_TIPO": "Urbana", "DENOM": "Corredor Central. 2", "FOS_MAX": "0.6", "FOT_RES": "2.5", "FOT_COM": "3.0", "FOT_MIN": "0.75", "DENS_RES": "1000", "DENS_COM": "2000", "ALTURA_M": 18.0, "NIVELES": 6.0, "CUF_AV": "20", "CUF_CAL": "30", "RET_FRENTE": "NO", "RET_FONDO": "SI", "RET_LATERA": "NO", "PARC_SUP_M": "900", "PARC_ANC_M": 30.0, "INC_PRM": "Art 289 COT Ord 12692 (Art. 47 del Dec.ley 8912/77 por mejora morfológica) - Receptor APU (Ver Titulo 9 Cap 1 y 2- COT Ord 12692)", "COLOR_HEX": "#F67D44" }, "bbox": [ -57.9736571629, -34.9326741707, -57.9671549261, -34.9274864755 ], "geometry": { "type": "MultiPolygon", "coordinates": [ [ [ [ -57.9736571629, -34.9293771239 ], [ -57.9715502915, -34.9274864755 ], [ -57.9671549261, -34.9307636347 ], [ -57.9692702268, -34.9326741707 ], [ -57.9736571629, -34.9293771239 ] ] ] ] } },
{ "type": "Feature", "properties": { "ZONA_COD": "AU-CC2", "ZONA_DESC": "CORREDOR CENTRALIDAD 2", "AREA_TIPO": "Urbana", "DENOM": "Corredor Central. 2", "FOS_MAX": "0.6", "FOT_RES": "2.5", "FOT_COM": "3.0", "FOT_MIN": "0.75", "DENS_RES": "1000", "DENS_COM": "2000", "ALTURA_M": 18.0, "NIVELES": 6.0, "CUF_AV": "20", "CUF_CAL": "30", "RET_FRENTE": "NO", "RET_FONDO": "SI", "RET_LATERA": "NO", "PARC_SUP_M": "900", "PARC_ANC_M": 30.0, "INC_PRM": "Art 289 COT Ord 12692 (Art. 47 del Dec.ley 8912/77 por mejora morfológica) - Receptor APU (Ver Titulo 9 Cap 1 y 2- COT Ord 12692)", "COLOR_HEX": "#F67D44" }, "bbox": [ -57.946960886, -34.9423792333, -57.9403582183, -34.9371028677 ], "geometry": { "type": "MultiPolygon", "coordinates": [ [ [ [ -57.9403582183, -34.9404576627 ], [ -57.9424646607, -34.9423792333 ], [ -57.946960886, -34.9390275392 ], [ -57.9448436706, -34.9371028677 ], [ -57.9403582183, -34.9404576627 ] ] ] ] } },
{ "type": "Feature", "properties": { "ZONA_COD": "AU-CC2", "ZONA_DESC": "CORREDOR CENTRALIDAD 2", "AREA_TIPO": "Urbana", "DENOM": "Corredor Central. 2", "FOS_MAX": "0.6", "FOT_RES": "2.5", "FOT_COM": "3.0", "FOT_MIN": "0.75", "DENS_RES": "1000", "DENS_COM": "2000", "ALTURA_M": 18.0, "NIVELES": 6.0, "CUF_AV": "20", "CUF_CAL": "30", "RET_FRENTE": "NO", "RET_FONDO": "SI", "RET_LATERA": "NO", "PARC_SUP_M": "900", "PARC_ANC_M": 30.0, "INC_PRM": "Art 289 COT Ord 12692 (Art. 47 del Dec.ley 8912/77 por mejora morfológica) - Receptor APU (Ver Titulo 9 Cap 1 y 2- COT Ord 12692)", "COLOR_HEX": "#F67D44" }, "bbox": [ -57.9666813044, -34.9378496701, -57.9601912111, -34.9326560134 ], "geometry": { "type": "MultiPolygon", "coordinates": [ [ [ [ -57.9645661664, -34.9326560134 ], [ -57.9601912111, -34.9359301895 ], [ -57.9623071486, -34.9378496701 ], [ -57.9666813044, -34.9345887455 ], [ -57.9645661664, -34.9326560134 ] ] ] ] } },
{ "type": "Feature", "properties": { "ZONA_COD": "AU-R1", "ZONA_DESC": "RESIDENCIAL 1", "AREA_TIPO": "Urbana", "DENOM": "Residencial 1", "FOS_MAX": "0.6", "FOT_RES": "2.0", "FOT_COM": null, "FOT_MIN": "1.0", "DENS_RES": "800", "DENS_COM": null, "ALTURA_M": 18.0, "NIVELES": 6.0, "CUF_AV": "30", "CUF_CAL": "40", "RET_FRENTE": "NO", "RET_FONDO": "SI", "RET_LATERA": "NO", "PARC_SUP_M": "600", "PARC_ANC_M": 20.0, "INC_PRM": "Art 289 COT Ord 12692 (Art. 47 del Dec.ley 8912/77 por mejora morfológica)", "COLOR_HEX": "#223555" }, "bbox": [ -57.9660494596, -34.9144975798, -57.9575136667, -34.9074593973 ], "geometry": { "type": "MultiPolygon", "coordinates": [ [ [ [ -57.9621094443, -34.9140798627 ], [ -57.9649157572, -34.9120054226 ], [ -57.9660494596, -34.911168965 ], [ -57.9620026174, -34.9074593973 ], [ -57.9580731431, -34.9103977864 ], [ -57.9575136667, -34.9108010226 ], [ -57.9615376814, -34.9144975798 ], [ -57.9621094443, -34.9140798627 ] ] ] ] } },
{ "type": "Feature", "properties": { "ZONA_COD": "AU-R2", "ZONA_DESC": "RESIDENCIAL 2", "AREA_TIPO": "Urbana", "DENOM": "Residencial 2", "FOS_MAX": "0.6", "FOT_RES": "1.2", "FOT_COM": null, "FOT_MIN": "0.75", "DENS_RES": "400", "DENS_COM": null, "ALTURA_M": 12.0, "NIVELES": 4.0, "CUF_AV": "50", "CUF_CAL": "70", "RET_FRENTE": "NO", "RET_FONDO": "SI", "RET_LATERA": "NO", "PARC_SUP_M": "375", "PARC_ANC_M": 15.0, "INC_PRM": "Art 289 COT Ord 12692 (Art. 47 del Dec.ley 8912/77 por mejora morfológica)", "COLOR_HEX": "#256199" }, "bbox": [ -57.9728607188, -34.909430276, -57.9642789589, -34.9023839592 ], "geometry": { "type": "MultiPolygon", "coordinates": [ [ [ [ -57.9642789589, -34.9057215438 ], [ -57.9683727691, -34.909430276 ], [ -57.9728607188, -34.9060957247 ], [ -57.968789639, -34.9023839592 ], [ -57.9642789589, -34.9057215438 ] ] ] ] } },
{ "type": "Feature", "properties": { "ZONA_COD": "AU-R1", "ZONA_DESC": "RESIDENCIAL 1", "AREA_TIPO": "Urbana", "DENOM": "Residencial 1", "FOS_MAX": "0.6", "FOT_RES": "2.0", "FOT_COM": null, "FOT_MIN": "1.0", "DENS_RES": "800", "DENS_COM": null, "ALTURA_M": 18.0, "NIVELES": 6.0, "CUF_AV": "30", "CUF_CAL": "40", "RET_FRENTE": "NO", "RET_FONDO": "SI", "RET_LATERA": "NO", "PARC_SUP_M": "600", "PARC_ANC_M": 20.0, "INC_PRM": "Art 289 COT Ord 12692 (Art. 47 del Dec.ley 8912/77 por mejora morfológica)", "COLOR_HEX": "#223555" }, "bbox": [ -57.9598987398, -34.9088542881, -57.9513172038, -34.9018631582 ], "geometry": { "type": "MultiPolygon", "coordinates": [ [ [ [ -57.9558162341, -34.9018631582 ], [ -57.9513172038, -34.9051883268 ], [ -57.9553815504, -34.9088542881 ], [ -57.9598987398, -34.9055431642 ], [ -57.9558162341, -34.9018631582 ] ] ] ] } },
{ "type": "Feature", "properties": { "ZONA_COD": "AU-CC2", "ZONA_DESC": "CORREDOR CENTRALIDAD 2", "AREA_TIPO": "Urbana", "DENOM": "Corredor Central. 2", "FOS_MAX": "0.6", "FOT_RES": "2.5", "FOT_COM": "3.0", "FOT_MIN": "0.75", "DENS_RES": "1000", "DENS_COM": "2000", "ALTURA_M": 18.0, "NIVELES": 6.0, "CUF_AV": "20", "CUF_CAL": "30", "RET_FRENTE": "NO", "RET_FONDO": "SI", "RET_LATERA": "NO", "PARC_SUP_M": "900", "PARC_ANC_M": 30.0, "INC_PRM": "Art 289 COT Ord 12692 (Art. 47 del Dec.ley 8912/77 por mejora morfológica) - Receptor APU (Ver Titulo 9 Cap 1 y 2- COT Ord 12692)", "COLOR_HEX": "#F67D44" }, "bbox": [ -57.9560540527, -34.8999001989, -57.9496651034, -34.8944692893 ], "geometry": { "type": "MultiPolygon", "coordinates": [ [ [ [ -57.9536965132, -34.8999001989 ], [ -57.9560540527, -34.8981532991 ], [ -57.9520056376, -34.8944692893 ], [ -57.9496651034, -34.8962152673 ], [ -57.9536965132, -34.8999001989 ] ] ] ] } },
{ "type": "Feature", "properties": { "ZONA_COD": "AU-CC5", "ZONA_DESC": "CORREDOR CENTRALIDAD 5", "AREA_TIPO": "Urbana", "DENOM": "Corredor Central. 5", "FOS_MAX": "0.6", "FOT_RES": "1.2", "FOT_COM": null, "FOT_MIN": "NO", "DENS_RES": "300", "DENS_COM": null, "ALTURA_M": 9.0, "NIVELES": 3.0, "CUF_AV": "70", "CUF_CAL": "90", "RET_FRENTE": "SI", "RET_FONDO": "SI", "RET_LATERA": "NO", "PARC_SUP_M": "375", "PARC_ANC_M": 15.0, "INC_PRM": "CUF x 2.0 - Art. 49 Del Dec. Ley 8912 en Av 7 entre calle 90 y calle 610 - Según COT Art 288 Ord 12692", "COLOR_HEX": "#B89090" }, "bbox": [ -57.9188285789, -34.9439567917, -57.9109449087, -34.9375234042 ], "geometry": { "type": "MultiPolygon", "coordinates": [ [ [ [ -57.9184618677, -34.9380348082 ], [ -57.9188285789, -34.9377647975 ], [ -57.9185685138, -34.9375234042 ], [ -57.9185126767, -34.9375653306 ], [ -57.9182698625, -34.9377462724 ], [ -57.9181958447, -34.9376785858 ], [ -57.9172115448, -34.9384114047 ], [ -57.9171735169, -34.9385649459 ], [ -57.9169446458, -34.9387308933 ], [ -57.916868386, -34.9386610052 ], [ -57.9161225728, -34.9392190201 ], [ -57.9161390421, -34.9392341728 ], [ -57.9160543925, -34.9392968843 ], [ -57.9161327405, -34.9393664487 ], [ -57.9159803477, -34.9394810781 ], [ -57.9158758564, -34.9395796762 ], [ -57.9156751961, -34.9397290733 ], [ -57.9156045561, -34.9396619848 ], [ -57.9154312433, -34.9397902218 ], [ -57.9155026242, -34.9398539901 ], [ -57.9152982893, -34.940005846 ], [ -57.9148532202, -34.9397848043 ], [ -57.914803413, -34.9397896265 ], [ -57.9146750978, -34.9398868234 ], [ -57.9148455661, -34.9400395283 ], [ -57.914764905, -34.9401002343 ], [ -57.9148430606, -34.940168715 ], [ -57.9138583982, -34.9409048335 ], [ -57.9116613077, -34.9425194232 ], [ -57.9110924038, -34.942936295 ], [ -57.9112625762, -34.9430932563 ], [ -57.9110801253, -34.9432273677 ], [ -57.9109945387, -34.9432895954 ], [ -57.9111182827, -34.9434047177 ], [ -57.9109449087, -34.9438377574 ], [ -57.9110804437, -34.9439567917 ], [ -57.9114222418, -34.9436372536 ], [ -57.9115447061, -34.9436977572 ], [ -57.9116090751, -34.9436151437 ], [ -57.9116629823, -34.9435005395 ], [ -57.9120452094, -34.9430733597 ], [ -57.9122051404, -34.9432192289 ], [ -57.9122773029, -34.943167481 ], [ -57.9125265005, -34.9429863018 ], [ -57.9126649574, -34.9431152978 ], [ -57.9131504906, -34.9427593848 ], [ -57.9130079624, -34.942626894 ], [ -57.9132494835, -34.9424462112 ], [ -57.913522756, -34.942507411 ], [ -57.9145748827, -34.9417393819 ], [ -57.914460739, -34.941488694 ], [ -57.9150295377, -34.9410636394 ], [ -57.915147107, -34.9411704662 ], [ -57.9152180536, -34.9411174332 ], [ -57.9150996227, -34.9410100506 ], [ -57.9158386379, -34.9404577841 ], [ -57.9159569572, -34.9405652531 ], [ -57.9160291287, -34.9405113396 ], [ -57.9159106979, -34.9404039579 ], [ -57.9164794499, -34.9399801578 ], [ -57.9166457858, -34.939924344 ], [ -57.9168577434, -34.9397738776 ], [ -57.9169660793, -34.9398736951 ], [ -57.9174890423, -34.9394901981 ], [ -57.9173787539, -34.9393897169 ], [ -57.917652611, -34.9391888524 ], [ -57.9177124896, -34.9391016532 ], [ -57.9179936816, -34.9388963173 ], [ -57.9181141305, -34.939006165 ], [ -57.9185697396, -34.9386675586 ], [ -57.9184523466, -34.9385623604 ], [ -57.9185798507, -34.938466677 ], [ -57.9185251053, -34.9384158131 ], [ -57.9185948163, -34.9383638377 ], [ -57.918579089, -34.9383496006 ], [ -57.9186558605, -34.9382910772 ], [ -57.9186989425, -34.9382588284 ], [ -57.9184618677, -34.9380348082 ] ] ] ] } },
{ "type": "Feature", "properties": { "ZONA_COD": "AU-CC4", "ZONA_DESC": "CORREDOR CENTRALIDAD 4", "AREA_TIPO": "Urbana", "DENOM": "Corredor Central. 4", "FOS_MAX": "0.6", "FOT_RES": "1.2", "FOT_COM": null, "FOT_MIN": "NO", "DENS_RES": "300", "DENS_COM": null, "ALTURA_M": 12.0, "NIVELES": 4.0, "CUF_AV": "50", "CUF_CAL": "60", "RET_FRENTE": "NO", "RET_FONDO": "SI", "RET_LATERA": "NO", "PARC_SUP_M": "375", "PARC_ANC_M": 15.0, "INC_PRM": "Art 289 COT Ord 12692 (Art. 47 del Dec.ley 8912/77 por mejora morfológica)", "COLOR_HEX": "#C69C9C" }, "bbox": [ -57.9399007026, -34.9502498274, -57.9297411621, -34.9423866833 ], "geometry": { "type": "MultiPolygon", "coordinates": [ [ [ [ -57.9377897149, -34.9423866833 ], [ -57.9297411621, -34.9483267495 ], [ -57.930976729, -34.9494582351 ], [ -57.9310282089, -34.949461211 ], [ -57.9318920824, -34.9502498274 ], [ -57.9345666985, -34.9482595261 ], [ -57.9354210167, -34.9476242081 ], [ -57.93589817, -34.9472315767 ], [ -57.9363829486, -34.9468326671 ], [ -57.9399007026, -34.9442834012 ], [ -57.9377897149, -34.9423866833 ] ] ] ] } },
{ "type": "Feature", "properties": { "ZONA_COD": "AU-R3", "ZONA_DESC": "RESIDENCIAL 3", "AREA_TIPO": "Urbana", "DENOM": "Residencial 3", "FOS_MAX": "0.6", "FOT_RES": "1.2", "FOT_COM": null, "FOT_MIN": "NO", "DENS_RES": "300", "DENS_COM": null, "ALTURA_M": 9.0, "NIVELES": 3.0, "CUF_AV": "80", "CUF_CAL": "100", "RET_FRENTE": "NO", "RET_FONDO": "SI", "RET_LATERA": "SI", "PARC_SUP_M": "375", "PARC_ANC_M": 15.0, "INC_PRM": "CUF x 2.0 (por Distrito de interes urbanistico Ver COT Art 16 , 244 y 286 Ord 12692)", "COLOR_HEX": "#5290CE" }, "bbox": [ -57.9706208826, -34.9526360516, -57.9620988125, -34.9456150957 ], "geometry": { "type": "MultiPolygon", "coordinates": [ [ [ [ -57.9661452986, -34.9526360516 ], [ -57.9706208826, -34.9493071355 ], [ -57.9665670428, -34.9456150957 ], [ -57.9620988125, -34.9489515112 ], [ -57.9661452986, -34.9526360516 ] ] ] ] } },
{ "type": "Feature", "properties": { "ZONA_COD": "AR-P", "ZONA_DESC": "PERIURBANO", "AREA_TIPO": "Rural", "DENOM": "Periurbano", "FOS_MAX": null, "FOT_RES": null, "FOT_COM": null, "FOT_MIN": null, "DENS_RES": null, "DENS_COM": null, "ALTURA_M": 0.0, "NIVELES": 0.0, "CUF_AV": null, "CUF_CAL": null, "RET_FRENTE": "SI", "RET_FONDO": "SI", "RET_LATERA": "SI", "PARC_SUP_M": "4 Ha", "PARC_ANC_M": 0.0, "INC_PRM": "No aplica", "COLOR_HEX": "#83AE7E" }, "bbox": [ -58.0398935851, -35.0178354233, -57.9778672087, -34.9680845428 ], "geometry": { "type": "MultiPolygon", "coordinates": [ [ [ [ -58.0017683396, -35.0178354233 ], [ -58.0044519877, -35.0158156755 ], [ -58.0046073465, -35.0159512384 ], [ -58.0067939122, -35.0143145496 ], [ -58.0102726266, -35.0117134215 ], [ -58.0113680584, -35.0109097622 ], [ -58.0119184309, -35.0104883704 ], [ -58.012468798, -35.010066976 ], [ -58.0135695142, -35.00922418 ], [ -58.0134550053, -35.0091239901 ], [ -58.0155652268, -35.0075650153 ], [ -58.0165348857, -35.0068486235 ], [ -58.0174943355, -35.0061397544 ], [ -58.0184531279, -35.0054313513 ], [ -58.0190829177, -35.0049660196 ], [ -58.0182295295, -35.0041910297 ], [ -58.018157903, -35.0041262758 ], [ -58.0192667976, -35.0032855131 ], [ -58.0196856137, -35.0030356446 ], [ -58.0206835914, -35.0022766357 ], [ -58.0207482742, -35.0023346743 ], [ -58.0211724215, -35.0027152431 ], [ -58.0215965732, -35.003095811 ], [ -58.0227265264, -35.0022537632 ], [ -58.0249347568, -35.0006080956 ], [ -58.0271552684, -34.9989531641 ], [ -58.0273938873, -34.9987753168 ], [ -58.0292869755, -34.9973643147 ], [ -58.0297588102, -34.9970126231 ], [ -58.0302306395, -34.9966609298 ], [ -58.0306769758, -34.9963282355 ], [ -58.0307582601, -34.9962678226 ], [ -58.0313187617, -34.9958509904 ], [ -58.0318792992, -34.9954341933 ], [ -58.0332734867, -34.9943973443 ], [ -58.0332956703, -34.9943761931 ], [ -58.033330528, -34.994501073 ], [ -58.0341759644, -34.9938557581 ], [ -58.0387969806, -34.9904741984 ], [ -58.0398935851, -34.9896316919 ], [ -58.0389091692, -34.9887475001 ], [ -58.0394916808, -34.9882732327 ], [ -58.0381886261, -34.9870676636 ], [ -58.03760854, -34.9875153399 ], [ -58.0373970842, -34.987326413 ], [ -58.0348989115, -34.9850968147 ], [ -58.0310789385, -34.9816790599 ], [ -58.0265886164, -34.9774251623 ], [ -58.0230939525, -34.9740306353 ], [ -58.0225949367, -34.973620897 ], [ -58.0224099345, -34.9737577414 ], [ -58.0223388889, -34.9737002118 ], [ -58.0214382134, -34.9728784185 ], [ -58.019365456, -34.9709740663 ], [ -58.0192883814, -34.9710388526 ], [ -58.018330249, -34.9702083457 ], [ -58.016267099, -34.9680845428 ], [ -58.0162133717, -34.9681236786 ], [ -58.0150838332, -34.9689547124 ], [ -58.0128785354, -34.9706285081 ], [ -58.0106323905, -34.9723648481 ], [ -58.0047939504, -34.9766346565 ], [ -58.0024870607, -34.9783445582 ], [ -57.9980441643, -34.9817168495 ], [ -57.9956341728, -34.9834533729 ], [ -57.9778672087, -34.996731621 ], [ -57.9840268102, -35.0021787148 ], [ -57.9843373677, -35.00239834 ], [ -57.9883032943, -35.005910984 ], [ -57.9884920512, -35.0061094671 ], [ -57.9903278382, -35.0077251018 ], [ -57.9905146273, -35.0078781889 ], [ -57.9948726601, -35.0117388364 ], [ -58.0017683396, -35.0178354233 ] ] ] ] } },
{ "type": "Feature", "properties": { "ZONA_COD": "AR-AI", "ZONA_DESC": "AGROINDUSTRIAL", "AREA_TIPO": "Rural", "DENOM": "Agroindustrial", "FOS_MAX": "0.5", "FOT_RES": null, "FOT_COM": "0.8", "FOT_MIN": null, "DENS_RES": "1 vivienda asociada al uso principal", "DENS_COM": null, "ALTURA_M": 0.0, "NIVELES": 0.0, "CUF_AV": null, "CUF_CAL": null, "RET_FRENTE": "SI", "RET_FONDO": "SI", "RET_LATERA": "SI", "PARC_SUP_M": "4 Ha", "PARC_ANC_M": 0.0, "INC_PRM": "No aplica", "COLOR_HEX": "#B0A0C9" }, "bbox": [ -57.9859141211, -35.0494534802, -57.9807107085, -35.0441528599 ], "geometry": { "type": "MultiPolygon", "coordinates": [ [ [ [ -57.9859141211, -35.0463884459 ], [ -57.9839658541, -35.0445108737 ], [ -57.9835943748, -35.0441528599 ], [ -57.9807107085, -35.0488763753 ], [ -57.981254096, -35.0494534802 ], [ -57.9859141211, -35.0463884459 ] ] ] ] } },
{ "type": "Feature", "properties": { "ZONA_COD": "AU-UE", "ZONA_DESC": "USOS ESPECÍFICOS AU", "AREA_TIPO": "Urbana", "DENOM": "Usos Específicos", "FOS_MAX": null, "FOT_RES": null, "FOT_COM": null, "FOT_MIN": null, "DENS_RES": null, "DENS_COM": null, "ALTURA_M": 0.0, "NIVELES": 0.0, "CUF_AV": null, "CUF_CAL": null, "RET_FRENTE": null, "RET_FONDO": null, "RET_LATERA": null, "PARC_SUP_M": null, "PARC_ANC_M": 0.0, "INC_PRM": null, "COLOR_HEX": "#D4D4D4" }, "bbox": [ -57.9332930624, -34.9146871839, -57.9220546989, -34.9074559026 ], "geometry": { "type": "MultiPolygon", "coordinates": [ [ [ [ -57.9331616409, -34.9134712186 ], [ -57.9332930624, -34.9133221263 ], [ -57.9293691216, -34.9096890478 ], [ -57.9267312958, -34.9074559026 ], [ -57.9257896733, -34.9081516784 ], [ -57.9253059387, -34.9099345798 ], [ -57.9248329538, -34.9109733399 ], [ -57.9243235985, -34.9117848234 ], [ -57.9238480747, -34.9123566438 ], [ -57.923046696, -34.9134030041 ], [ -57.9222768989, -34.9140652991 ], [ -57.9220546989, -34.9142564653 ], [ -57.9225643761, -34.9146871839 ], [ -57.9237320532, -34.9140049833 ], [ -57.9238417138, -34.9139383238 ], [ -57.9250977601, -34.9133619645 ], [ -57.9266210137, -34.912955068 ], [ -57.9272294069, -34.9128471494 ], [ -57.9272427079, -34.9128447905 ], [ -57.9284774312, -34.9127305972 ], [ -57.9296945898, -34.9127498985 ], [ -57.9317118546, -34.9131419813 ], [ -57.9331616409, -34.9134712186 ] ] ] ] } },
{ "type": "Feature", "properties": { "ZONA_COD": "AR-SR", "ZONA_DESC": "SERVICIOS RURALES", "AREA_TIPO": "Rural", "DENOM": "Servicios Rurales", "FOS_MAX": "0.4", "FOT_RES": "0.8", "FOT_COM": null, "FOT_MIN": null, "DENS_RES": "80", "DENS_COM": null, "ALTURA_M": 6.0, "NIVELES": 2.0, "CUF_AV": null, "CUF_CAL": null, "RET_FRENTE": "SI", "RET_FONDO": "SI", "RET_LATERA": "SI", "PARC_SUP_M": "600", "PARC_ANC_M": 20.0, "INC_PRM": "No aplica", "COLOR_HEX": "#497441" }, "bbox": [ -57.8383907141, -35.0433306079, -57.8312122095, -35.0377244996 ], "geometry": { "type": "MultiPolygon", "coordinates": [ [ [ [ -57.8339084795, -35.0433306079 ], [ -57.8383907141, -35.0400152734 ], [ -57.8358461876, -35.0377244996 ], [ -57.8312122095, -35.0411400842 ], [ -57.831392305, -35.0412244685 ], [ -57.831960958, -35.0417352277 ], [ -57.8322009898, -35.0418984825 ], [ -57.8328536458, -35.0424815697 ], [ -57.8330661187, -35.042593145 ], [ -57.8331883465, -35.0426989619 ], [ -57.8333345726, -35.042825483 ], [ -57.8334833673, -35.0429543028 ], [ -57.8336306627, -35.0430818348 ], [ -57.833833771, -35.0432576738 ], [ -57.8339084795, -35.0433306079 ] ] ] ] } },
{ "type": "Feature", "properties": { "ZONA_COD": "AR-SR", "ZONA_DESC": "SERVICIOS RURALES", "AREA_TIPO": "Rural", "DENOM": "Servicios Rurales", "FOS_MAX": "0.4", "FOT_RES": "0.8", "FOT_COM": null, "FOT_MIN": null, "DENS_RES": "80", "DENS_COM": null, "ALTURA_M": 6.0, "NIVELES": 2.0, "CUF_AV": null, "CUF_CAL": null, "RET_FRENTE": "SI", "RET_FONDO": "SI", "RET_LATERA": "SI", "PARC_SUP_M": "600", "PARC_ANC_M": 20.0, "INC_PRM": "No aplica", "COLOR_HEX": "#497441" }, "bbox": [ -57.845076651, -35.0340334697, -57.8377211157, -35.0282197447 ], "geometry": { "type": "MultiPolygon", "coordinates": [ [ [ [ -57.8434505679, -35.0282197447 ], [ -57.8403663681, -35.0304277746 ], [ -57.8400518725, -35.0306526537 ], [ -57.8403096883, -35.0309122025 ], [ -57.8377211157, -35.0327506021 ], [ -57.8390896024, -35.0340334697 ], [ -57.8391465259, -35.0339923617 ], [ -57.845076651, -35.0297095338 ], [ -57.8434505679, -35.0282197447 ] ] ] ] } },
{ "type": "Feature", "properties": { "ZONA_COD": "AR-UE", "ZONA_DESC": "USOS ESPECÍFICOS AR", "AREA_TIPO": "Rural", "DENOM": "Usos Específicos", "FOS_MAX": null, "FOT_RES": null, "FOT_COM": null, "FOT_MIN": null, "DENS_RES": null, "DENS_COM": null, "ALTURA_M": 0.0, "NIVELES": 0.0, "CUF_AV": null, "CUF_CAL": null, "RET_FRENTE": null, "RET_FONDO": null, "RET_LATERA": null, "PARC_SUP_M": null, "PARC_ANC_M": 0.0, "INC_PRM": null, "COLOR_HEX": "#D4D4D4" }, "bbox": [ -57.8459362976, -35.0347603863, -57.8391465259, -35.0297095338 ], "geometry": { "type": "MultiPolygon", "coordinates": [ [ [ [ -57.8399748276, -35.0347603863 ], [ -57.8459362976, -35.0304542174 ], [ -57.845076651, -35.0297095338 ], [ -57.8391465259, -35.0339923617 ], [ -57.8399748276, -35.0347603863 ] ] ] ] } },
{ "type": "Feature", "properties": { "ZONA_COD": "AR-SR", "ZONA_DESC": "SERVICIOS RURALES", "AREA_TIPO": "Rural", "DENOM": "Servicios Rurales", "FOS_MAX": "0.4", "FOT_RES": "0.8", "FOT_COM": null, "FOT_MIN": null, "DENS_RES": "80", "DENS_COM": null, "ALTURA_M": 6.0, "NIVELES": 2.0, "CUF_AV": null, "CUF_CAL": null, "RET_FRENTE": "SI", "RET_FONDO": "SI", "RET_LATERA": "SI", "PARC_SUP_M": "600", "PARC_ANC_M": 20.0, "INC_PRM": "No aplica", "COLOR_HEX": "#497441" }, "bbox": [ -57.848376894, -35.0370787738, -57.8399308094, -35.0304542174 ], "geometry": { "type": "MultiPolygon", "coordinates": [ [ [ [ -57.8399748276, -35.0347603863 ], [ -57.8399308094, -35.0347921791 ], [ -57.8423781255, -35.0370787738 ], [ -57.8458815523, -35.034543468 ], [ -57.848376894, -35.0327215198 ], [ -57.8459362976, -35.0304542174 ], [ -57.8399748276, -35.0347603863 ] ] ] ] } },
{ "type": "Feature", "properties": { "ZONA_COD": "AU-UE", "ZONA_DESC": "USOS ESPECÍFICOS AU", "AREA_TIPO": "Urbana", "DENOM": "Usos Específicos", "FOS_MAX": null, "FOT_RES": null, "FOT_COM": null, "FOT_MIN": null, "DENS_RES": null, "DENS_COM": null, "ALTURA_M": 0.0, "NIVELES": 0.0, "CUF_AV": null, "CUF_CAL": null, "RET_FRENTE": null, "RET_FONDO": null, "RET_LATERA": null, "PARC_SUP_M": null, "PARC_ANC_M": 0.0, "INC_PRM": null, "COLOR_HEX": "#D4D4D4" }, "bbox": [ -58.0193490658, -34.9369008278, -58.0139722558, -34.9324139258 ], "geometry": { "type": "MultiPolygon", "coordinates": [ [ [ [ -58.0159946656, -34.9359420417 ], [ -58.0170845045, -34.9369008278 ], [ -58.0193490658, -34.9352144236 ], [ -58.0162646106, -34.9324139258 ], [ -58.0150922202, -34.9332792328 ], [ -58.0139722558, -34.9341138558 ], [ -58.0159946656, -34.9359420417 ] ] ] ] } },
{ "type": "Feature", "properties": { "ZONA_COD": "AU-CLo5", "ZONA_DESC": "CENTRAL LOCALIDADES 5", "AREA_TIPO": "Urbana", "DENOM": "Central Loc. 5", "FOS_MAX": "0.6", "FOT_RES": "0.8", "FOT_COM": "1.2", "FOT_MIN": "NO", "DENS_RES": "150", "DENS_COM": "150", "ALTURA_M": 9.0, "NIVELES": 3.0, "CUF_AV": "200", "CUF_CAL": "200", "RET_FRENTE": "SI", "RET_FONDO": "SI", "RET_LATERA": "SI", "PARC_SUP_M": "300", "PARC_ANC_M": 12.0, "INC_PRM": "No aplica", "COLOR_HEX": "#A80000" }, "bbox": [ -58.0555712316, -35.0018469872, -58.0413988092, -34.9938727616 ], "geometry": { "type": "MultiPolygon", "coordinates": [ [ [ [ -58.0490846735, -34.9990178019 ], [ -58.0495769066, -34.9994677013 ], [ -58.0501776277, -34.9990445496 ], [ -58.0532636189, -35.0018469872 ], [ -58.0541373463, -35.0011913518 ], [ -58.0544476366, -35.0009575901 ], [ -58.0544277499, -35.0009385776 ], [ -58.0555712316, -35.0000761934 ], [ -58.0535999869, -34.9982792553 ], [ -58.0534875762, -34.9981462384 ], [ -58.0494357032, -34.9944828419 ], [ -58.0489773718, -34.9948235402 ], [ -58.0479044257, -34.9938727616 ], [ -58.047211999, -34.9943867278 ], [ -58.0464112247, -34.9949867042 ], [ -58.0463762474, -34.9955798143 ], [ -58.0456641858, -34.9955448801 ], [ -58.043804412, -34.9969236334 ], [ -58.0448706662, -34.9979006218 ], [ -58.0413988092, -35.0004341838 ], [ -58.0424731429, -35.0013871108 ], [ -58.048157093, -34.9971808027 ], [ -58.0496599527, -34.9985968599 ], [ -58.0490846735, -34.9990178019 ] ] ] ] } },
{ "type": "Feature", "properties": { "ZONA_COD": "AU-CLo5", "ZONA_DESC": "CENTRAL LOCALIDADES 5", "AREA_TIPO": "Urbana", "DENOM": "Central Loc. 5", "FOS_MAX": "0.6", "FOT_RES": "0.8", "FOT_COM": "1.2", "FOT_MIN": "NO", "DENS_RES": "150", "DENS_COM": "150", "ALTURA_M": 9.0, "NIVELES": 3.0, "CUF_AV": "200", "CUF_CAL": "200", "RET_FRENTE": "SI", "RET_FONDO": "SI", "RET_LATERA": "SI", "PARC_SUP_M": "300", "PARC_ANC_M": 12.0, "INC_PRM": "No aplica", "COLOR_HEX": "#A80000" }, "bbox": [ -58.0791832296, -35.028107557, -58.0712151985, -35.0226726454 ], "geometry": { "type": "MultiPolygon", "coordinates": [ [ [ [ -58.0770748959, -35.0235733425 ], [ -58.0762507626, -35.0228257631 ], [ -58.0736422592, -35.0247012219 ], [ -58.071285351, -35.0264045324 ], [ -58.0712151985, -35.0264529951 ], [ -58.0721811235, -35.0273481407 ], [ -58.0730077965, -35.028107557 ], [ -58.0738624906, -35.0274715313 ], [ -58.0768936771, -35.0252124478 ], [ -58.0780123168, -35.0243785137 ], [ -58.0791832296, -35.0234752859 ], [ -58.0782968461, -35.0226726454 ], [ -58.0770748959, -35.0235733425 ] ] ] ] } },
{ "type": "Feature", "properties": { "ZONA_COD": "AR-UE", "ZONA_DESC": "USOS ESPECÍFICOS AR", "AREA_TIPO": "Rural", "DENOM": "Usos Específicos", "FOS_MAX": null, "FOT_RES": null, "FOT_COM": null, "FOT_MIN": null, "DENS_RES": null, "DENS_COM": null, "ALTURA_M": 0.0, "NIVELES": 0.0, "CUF_AV": null, "CUF_CAL": null, "RET_FRENTE": null, "RET_FONDO": null, "RET_LATERA": null, "PARC_SUP_M": null, "PARC_ANC_M": 0.0, "INC_PRM": null, "COLOR_HEX": "#D4D4D4" }, "bbox": [ -58.1066423915, -35.0011010859, -58.0994713567, -34.9950129464 ], "geometry": { "type": "MultiPolygon", "coordinates": [ [ [ [ -58.1043803025, -35.0010025841 ], [ -58.1066423915, -34.9992996135 ], [ -58.106602771, -34.9992631361 ], [ -58.1019312795, -34.9950129464 ], [ -58.1002735736, -34.9962466049 ], [ -58.0996573689, -34.9967051665 ], [ -58.0994713567, -34.9968161698 ], [ -58.1041558578, -35.0011010859 ], [ -58.1043803025, -35.0010025841 ] ] ] ] } },
{ "type": "Feature", "properties": { "ZONA_COD": "AC-RU", "ZONA_DESC": "RESERVA URBANA", "AREA_TIPO": "Complem.", "DENOM": "Reserva Urbana", "FOS_MAX": "0.2", "FOT_RES": "0.3", "FOT_COM": null, "FOT_MIN": null, "DENS_RES": "1 vivienda por parcela", "DENS_COM": null, "ALTURA_M": 6.0, "NIVELES": 2.0, "CUF_AV": null, "CUF_CAL": null, "RET_FRENTE": "SI", "RET_FONDO": "SI", "RET_LATERA": "SI", "PARC_SUP_M": "4 Ha", "PARC_ANC_M": 0.0, "INC_PRM": "No aplica", "COLOR_HEX": "#DFDDA1" }, "bbox": [ -58.0598819781, -35.0110289232, -58.0445183236, -35.0015187725 ], "geometry": { "type": "MultiPolygon", "coordinates": [ [ [ [ -58.0487687192, -35.0051764825 ], [ -58.0498934042, -35.0043517637 ], [ -58.0467874435, -35.0015187725 ], [ -58.0445183236, -35.0032498397 ], [ -58.0445273833, -35.0032583779 ], [ -58.0474105154, -35.0059756012 ], [ -58.0506423308, -35.0088853388 ], [ -58.053048287, -35.0110289232 ], [ -58.0598819781, -35.0059310883 ], [ -58.0575199231, -35.0037816889 ], [ -58.057149469, -35.0040589589 ], [ -58.0563317766, -35.0046628113 ], [ -58.0563289131, -35.0046601808 ], [ -58.0519208915, -35.0079357267 ], [ -58.0499481522, -35.0061686416 ], [ -58.0497852832, -35.0060924537 ], [ -58.0487687192, -35.0051764825 ] ] ] ] } },
{ "type": "Feature", "properties": { "ZONA_COD": "UE", "ZONA_DESC": "USO ESPECÍFICO", "AREA_TIPO": "General", "DENOM": "Usos Específicos", "FOS_MAX": null, "FOT_RES": null, "FOT_COM": null, "FOT_MIN": null, "DENS_RES": null, "DENS_COM": null, "ALTURA_M": 0.0, "NIVELES": 0.0, "CUF_AV": null, "CUF_CAL": null, "RET_FRENTE": null, "RET_FONDO": null, "RET_LATERA": null, "PARC_SUP_M": null, "PARC_ANC_M": 0.0, "INC_PRM": null, "COLOR_HEX": "#D4D4D4" }, "bbox": [ -58.0954484797, -34.9862519974, -58.0906893924, -34.9820334072 ], "geometry": { "type": "MultiPolygon", "coordinates": [ [ [ [ -58.0916641856, -34.9835216764 ], [ -58.0917148246, -34.9835720735 ], [ -58.0918648126, -34.9837100646 ], [ -58.0919458946, -34.9837833458 ], [ -58.0920269766, -34.9838566271 ], [ -58.0921082816, -34.9839297321 ], [ -58.0921885847, -34.9840035421 ], [ -58.0922542856, -34.984064866 ], [ -58.0923617024, -34.9841641557 ], [ -58.0924748839, -34.9842733208 ], [ -58.0925270716, -34.9843236558 ], [ -58.0925764012, -34.9843614255 ], [ -58.0926257317, -34.9843991962 ], [ -58.092707088, -34.984472481 ], [ -58.0927884451, -34.9845457668 ], [ -58.0928360489, -34.9845895026 ], [ -58.0928836537, -34.9846332384 ], [ -58.0929337063, -34.9846776434 ], [ -58.0931921796, -34.9849139474 ], [ -58.0932414867, -34.9849598272 ], [ -58.0932907938, -34.9850057079 ], [ -58.0934561369, -34.9851570054 ], [ -58.0935931, -34.9852761341 ], [ -58.0937559817, -34.9854250492 ], [ -58.0943288858, -34.9859595091 ], [ -58.0944759996, -34.9861037946 ], [ -58.0946337541, -34.9862519974 ], [ -58.0948144234, -34.9861201919 ], [ -58.0953238714, -34.9857357992 ], [ -58.0953853302, -34.9856904652 ], [ -58.0954484797, -34.9856445674 ], [ -58.0952967928, -34.9855055646 ], [ -58.0952113356, -34.9854271698 ], [ -58.0951233028, -34.9853464818 ], [ -58.0950354858, -34.9852659771 ], [ -58.0949477776, -34.9851854734 ], [ -58.0947722515, -34.985024555 ], [ -58.0946424029, -34.9849055397 ], [ -58.0945090164, -34.9847832238 ], [ -58.0943334921, -34.9846223054 ], [ -58.094245676, -34.9845417999 ], [ -58.0941579696, -34.9844612962 ], [ -58.0940701526, -34.9843808806 ], [ -58.0939824462, -34.9843003769 ], [ -58.0938946292, -34.9842199613 ], [ -58.0938069238, -34.9841394576 ], [ -58.0937191068, -34.984059042 ], [ -58.0936314022, -34.9839785374 ], [ -58.093543587, -34.9838980319 ], [ -58.0934558806, -34.9838176181 ], [ -58.0934269926, -34.9837884153 ], [ -58.0933390667, -34.9837079979 ], [ -58.093251194, -34.9836276237 ], [ -58.0931633491, -34.9835472297 ], [ -58.0930755555, -34.9834668034 ], [ -58.0929877223, -34.9833863995 ], [ -58.0928998774, -34.9833060055 ], [ -58.0928157063, -34.9832289812 ], [ -58.0927315378, -34.9831518671 ], [ -58.0915093349, -34.9820334072 ], [ -58.0912700226, -34.9822141611 ], [ -58.0910733418, -34.9823502734 ], [ -58.0908531419, -34.9825026618 ], [ -58.0907632609, -34.9825679382 ], [ -58.0906893924, -34.9826235307 ], [ -58.0908558362, -34.9827733388 ], [ -58.0909842801, -34.9828911644 ], [ -58.0910781918, -34.982977716 ], [ -58.0911704056, -34.9830619879 ], [ -58.0912674352, -34.9831510217 ], [ -58.0913650045, -34.9832404242 ], [ -58.0914498061, -34.9833185411 ], [ -58.0915230406, -34.9833854813 ], [ -58.0915784712, -34.9834363703 ], [ -58.0916641856, -34.9835216764 ] ] ] ] } },
{ "type": "Feature", "properties": { "ZONA_COD": "AU-CLo5", "ZONA_DESC": "CENTRAL LOCALIDADES 5", "AREA_TIPO": "Urbana", "DENOM": "Central Loc. 5", "FOS_MAX": "0.6", "FOT_RES": "0.8", "FOT_COM": "1.2", "FOT_MIN": "NO", "DENS_RES": "150", "DENS_COM": "150", "ALTURA_M": 9.0, "NIVELES": 3.0, "CUF_AV": "200", "CUF_CAL": "200", "RET_FRENTE": "SI", "RET_FONDO": "SI", "RET_LATERA": "SI", "PARC_SUP_M": "300", "PARC_ANC_M": 12.0, "INC_PRM": "No aplica", "COLOR_HEX": "#A80000" }, "bbox": [ -58.0933416568, -34.9912668438, -58.0834027911, -34.981427292 ], "geometry": { "type": "MultiPolygon", "coordinates": [ [ [ [ -58.0933416568, -34.98990956 ], [ -58.0932495689, -34.9898257836 ], [ -58.0924516697, -34.9890998904 ], [ -58.0923535834, -34.9889926103 ], [ -58.0915867818, -34.9882723199 ], [ -58.0914092098, -34.9881381042 ], [ -58.0887234888, -34.9856804072 ], [ -58.0901401423, -34.984625158 ], [ -58.0902842721, -34.9845496051 ], [ -58.0909303783, -34.9840683113 ], [ -58.0910597395, -34.9839719471 ], [ -58.0916641856, -34.9835216764 ], [ -58.0915784712, -34.9834363703 ], [ -58.0915230406, -34.9833854813 ], [ -58.0914498061, -34.9833185411 ], [ -58.0913650045, -34.9832404242 ], [ -58.0912674352, -34.9831510217 ], [ -58.0911704056, -34.9830619879 ], [ -58.0910781918, -34.982977716 ], [ -58.0909842801, -34.9828911644 ], [ -58.0908558362, -34.9827733388 ], [ -58.0906893924, -34.9826235307 ], [ -58.0907632609, -34.9825679382 ], [ -58.0908531419, -34.9825026618 ], [ -58.0910733418, -34.9823502734 ], [ -58.0900519979, -34.981427292 ], [ -58.0869633276, -34.9837429735 ], [ -58.085872494, -34.9827372787 ], [ -58.0848626615, -34.9834914169 ], [ -58.0837192167, -34.9843453079 ], [ -58.0834027911, -34.9845815994 ], [ -58.083463936, -34.984635547 ], [ -58.0837621179, -34.984907645 ], [ -58.0841250555, -34.9852344757 ], [ -58.0844200691, -34.9855017452 ], [ -58.0844834498, -34.9855590716 ], [ -58.0845631261, -34.9856313438 ], [ -58.0846394812, -34.9857005008 ], [ -58.0855160684, -34.9864945095 ], [ -58.085576126, -34.9865489149 ], [ -58.08583052, -34.9863568071 ], [ -58.0876488736, -34.988012522 ], [ -58.0901713694, -34.9903092457 ], [ -58.0901726671, -34.9903104265 ], [ -58.0912185004, -34.9912668438 ], [ -58.0921994234, -34.9905339908 ], [ -58.09233565, -34.9906578463 ], [ -58.0924637791, -34.9905624453 ], [ -58.093286067, -34.9899508874 ], [ -58.0933416568, -34.98990956 ] ] ] ] } },
{ "type": "Feature", "properties": { "ZONA_COD": "AC-IM", "ZONA_DESC": "INDUSTRIAL MIXTA", "AREA_TIPO": "Complem.", "DENOM": "Industrial Mixta", "FOS_MAX": "0.5", "FOT_RES": "0.8", "FOT_COM": null, "FOT_MIN": null, "DENS_RES": "1 vivienda asociada al uso principal", "DENS_COM": null, "ALTURA_M": 0.0, "NIVELES": 0.0, "CUF_AV": "1 UF por parcela", "CUF_CAL": "1 UF por parcela", "RET_FRENTE": "SI", "RET_FONDO": "SI", "RET_LATERA": "SI", "PARC_SUP_M": "2000", "PARC_ANC_M": 40.0, "INC_PRM": "No aplica", "COLOR_HEX": "#9C7CB5" }, "bbox": [ -58.0877922516, -34.9798336934, -58.0797794289, -34.9733591178 ], "geometry": { "type": "MultiPolygon", "coordinates": [ [ [ [ -58.0846616387, -34.9733591178 ], [ -58.0797794289, -34.9769826177 ], [ -58.0828537442, -34.9798336934 ], [ -58.0877922516, -34.9761255799 ], [ -58.0846616387, -34.9733591178 ] ] ] ] } },
{ "type": "Feature", "properties": { "ZONA_COD": "UE", "ZONA_DESC": "USO ESPECÍFICO", "AREA_TIPO": "General", "DENOM": "Usos Específicos", "FOS_MAX": null, "FOT_RES": null, "FOT_COM": null, "FOT_MIN": null, "DENS_RES": null, "DENS_COM": null, "ALTURA_M": 0.0, "NIVELES": 0.0, "CUF_AV": null, "CUF_CAL": null, "RET_FRENTE": null, "RET_FONDO": null, "RET_LATERA": null, "PARC_SUP_M": null, "PARC_ANC_M": 0.0, "INC_PRM": null, "COLOR_HEX": "#D4D4D4" }, "bbox": [ -58.0555486829, -34.9498287666, -58.0498483985, -34.9443695562 ], "geometry": { "type": "MultiPolygon", "coordinates": [ [ [ [ -58.0555486829, -34.949127415 ], [ -58.0545429891, -34.9481805233 ], [ -58.0527023286, -34.9464066555 ], [ -58.0515295111, -34.9451656001 ], [ -58.0515295111, -34.9451656001 ], [ -58.0515295111, -34.9451656001 ], [ -58.0512642318, -34.9449111711 ], [ -58.0511233071, -34.9447766532 ], [ -58.0509826261, -34.9446419618 ], [ -58.0506981643, -34.9443695562 ], [ -58.0498483985, -34.9449848679 ], [ -58.0502845058, -34.9453841677 ], [ -58.0505133248, -34.9455937673 ], [ -58.0501998652, -34.9458247618 ], [ -58.0503997081, -34.9460101058 ], [ -58.0505277572, -34.946128917 ], [ -58.050533922, -34.9461244609 ], [ -58.0506492268, -34.946228507 ], [ -58.0507646377, -34.9463326494 ], [ -58.0508762984, -34.9464334392 ], [ -58.0509879591, -34.9465342298 ], [ -58.0510945297, -34.946630432 ], [ -58.0512011003, -34.9467266343 ], [ -58.0513085845, -34.9468235723 ], [ -58.0514160697, -34.9469205102 ], [ -58.0515892818, -34.9470890224 ], [ -58.0516419524, -34.9471365498 ], [ -58.0516946221, -34.9471840781 ], [ -58.0517500248, -34.9472340822 ], [ -58.0518054285, -34.9472840872 ], [ -58.0518603231, -34.9473335886 ], [ -58.0519152177, -34.9473830891 ], [ -58.0520250087, -34.9474820918 ], [ -58.0520792873, -34.9475310419 ], [ -58.0521335659, -34.947579992 ], [ -58.0522398712, -34.9476759641 ], [ -58.052342, -34.9477680834 ], [ -58.0524370538, -34.9478538716 ], [ -58.0525376313, -34.9479443523 ], [ -58.0526129846, -34.9480121414 ], [ -58.0526257352, -34.9480025331 ], [ -58.0527763078, -34.9481381464 ], [ -58.0528570057, -34.948210817 ], [ -58.052927848, -34.9482744962 ], [ -58.0530030799, -34.9483423024 ], [ -58.0530779944, -34.9484096526 ], [ -58.0531491568, -34.9484736978 ], [ -58.0532224623, -34.9485396703 ], [ -58.0532995181, -34.9486090368 ], [ -58.053519968, -34.9488075927 ], [ -58.0536226067, -34.9489199072 ], [ -58.0538209657, -34.949094587 ], [ -58.0540656505, -34.9493098425 ], [ -58.0542859961, -34.9495037084 ], [ -58.0545171372, -34.9497079265 ], [ -58.054651647, -34.9498287666 ], [ -58.0555486829, -34.949127415 ] ] ] ] } },
{ "type": "Feature", "properties": { "ZONA_COD": "AU-CLo5", "ZONA_DESC": "CENTRAL LOCALIDADES 5", "AREA_TIPO": "Urbana", "DENOM": "Central Loc. 5", "FOS_MAX": "0.6", "FOT_RES": "0.8", "FOT_COM": "1.2", "FOT_MIN": "NO", "DENS_RES": "150", "DENS_COM": "150", "ALTURA_M": 9.0, "NIVELES": 3.0, "CUF_AV": "200", "CUF_CAL": "200", "RET_FRENTE": "SI", "RET_FONDO": "SI", "RET_LATERA": "SI", "PARC_SUP_M": "300", "PARC_ANC_M": 12.0, "INC_PRM": "No aplica", "COLOR_HEX": "#A80000" }, "bbox": [ -58.054651647, -34.9533494127, -58.0435284083, -34.9458510382 ], "geometry": { "type": "MultiPolygon", "coordinates": [ [ [ [ -58.0435284083, -34.947868901 ], [ -58.0448233844, -34.9490059085 ], [ -58.0460829227, -34.9501672453 ], [ -58.0462561528, -34.9500411676 ], [ -58.0481388628, -34.9517458181 ], [ -58.0489859882, -34.952518539 ], [ -58.0490044027, -34.9525050339 ], [ -58.0499394917, -34.9533494127 ], [ -58.050886994, -34.9526415339 ], [ -58.054651647, -34.9498287666 ], [ -58.0545171372, -34.9497079265 ], [ -58.0542859961, -34.9495037084 ], [ -58.0540656505, -34.9493098425 ], [ -58.0538209657, -34.949094587 ], [ -58.0536226067, -34.9489199072 ], [ -58.053519968, -34.9488075927 ], [ -58.0532995181, -34.9486090368 ], [ -58.0532224623, -34.9485396703 ], [ -58.0531491568, -34.9484736978 ], [ -58.0530779944, -34.9484096526 ], [ -58.0530030799, -34.9483423024 ], [ -58.052927848, -34.9482744962 ], [ -58.0528570057, -34.948210817 ], [ -58.0527763078, -34.9481381464 ], [ -58.0526257352, -34.9480025331 ], [ -58.0526129846, -34.9480121414 ], [ -58.0525376313, -34.9479443523 ], [ -58.0522422472, -34.9481671252 ], [ -58.0525625111, -34.9484518892 ], [ -58.0506745949, -34.9498753973 ], [ -58.0498180635, -34.9491074788 ], [ -58.0488326808, -34.9481993902 ], [ -58.0486529899, -34.9480596086 ], [ -58.0481201165, -34.9475718711 ], [ -58.0471475257, -34.9466907739 ], [ -58.0462289573, -34.9458510382 ], [ -58.0449782872, -34.9467784425 ], [ -58.0435468777, -34.9478549903 ], [ -58.0435284083, -34.947868901 ] ] ] ] } },
{ "type": "Feature", "properties": { "ZONA_COD": "AC-IM", "ZONA_DESC": "INDUSTRIAL MIXTA", "AREA_TIPO": "Complem.", "DENOM": "Industrial Mixta", "FOS_MAX": "0.5", "FOT_RES": "0.8", "FOT_COM": null, "FOT_MIN": null, "DENS_RES": "1 vivienda asociada al uso principal", "DENS_COM": null, "ALTURA_M": 0.0, "NIVELES": 0.0, "CUF_AV": "1 UF por parcela", "CUF_CAL": "1 UF por parcela", "RET_FRENTE": "SI", "RET_FONDO": "SI", "RET_LATERA": "SI", "PARC_SUP_M": "2000", "PARC_ANC_M": 40.0, "INC_PRM": "No aplica", "COLOR_HEX": "#9C7CB5" }, "bbox": [ -58.0507336569, -34.9467784425, -58.022113222, -34.9183805619 ], "geometry": { "type": "MultiPolygon", "coordinates": [ [ [ [ -58.0447520942, -34.9367952501 ], [ -58.0448355738, -34.9367318164 ], [ -58.0427340273, -34.9349488709 ], [ -58.0425786577, -34.9348158135 ], [ -58.0406281954, -34.9331720309 ], [ -58.0405122944, -34.9330461357 ], [ -58.0386045221, -34.9314489712 ], [ -58.0369273341, -34.9296326509 ], [ -58.0339928364, -34.9258320962 ], [ -58.029545232, -34.9202799642 ], [ -58.0279955041, -34.9183805619 ], [ -58.02786264, -34.9184829965 ], [ -58.0272390313, -34.9189540344 ], [ -58.0264724617, -34.919533044 ], [ -58.025529269, -34.9202869772 ], [ -58.0255788198, -34.9203290331 ], [ -58.022113222, -34.9229422651 ], [ -58.0222394383, -34.9230547424 ], [ -58.0224256879, -34.92321916 ], [ -58.0225008793, -34.9232855633 ], [ -58.0225754547, -34.9233513937 ], [ -58.0226126848, -34.9233842657 ], [ -58.0226499231, -34.9234171323 ], [ -58.0227989677, -34.9235487022 ], [ -58.0228734433, -34.9236144355 ], [ -58.0229486536, -34.9236809124 ], [ -58.0231349904, -34.9238452617 ], [ -58.0232590231, -34.9239658788 ], [ -58.0234079517, -34.9240978067 ], [ -58.0236315645, -34.9242956557 ], [ -58.0236555621, -34.9243169283 ], [ -58.023706086, -34.9243616192 ], [ -58.0244572411, -34.9250003132 ], [ -58.0252012502, -34.9256446109 ], [ -58.0253037271, -34.9255679797 ], [ -58.0258146391, -34.9260163133 ], [ -58.0263255566, -34.9264646451 ], [ -58.0269096357, -34.9270052231 ], [ -58.0283455598, -34.9283341612 ], [ -58.0284422765, -34.9284236698 ], [ -58.0285301636, -34.9285031933 ], [ -58.0294900208, -34.9293711694 ], [ -58.0306020254, -34.9303767482 ], [ -58.030567727, -34.9304008185 ], [ -58.0315336672, -34.9312701932 ], [ -58.0315475366, -34.9312598285 ], [ -58.0324737547, -34.9321030652 ], [ -58.0326620421, -34.9322373142 ], [ -58.0335939871, -34.9330840025 ], [ -58.0347568869, -34.9341194738 ], [ -58.0366677133, -34.9358634886 ], [ -58.0366537073, -34.9358738956 ], [ -58.0387655187, -34.9378067356 ], [ -58.0376749235, -34.9386089452 ], [ -58.0369877587, -34.9391143894 ], [ -58.0370600489, -34.9391781693 ], [ -58.0374924007, -34.9395796159 ], [ -58.0375676847, -34.9396489644 ], [ -58.0379387279, -34.9399918319 ], [ -58.0378935361, -34.9402211806 ], [ -58.038336775, -34.9406208177 ], [ -58.0385049258, -34.9404947507 ], [ -58.038956336, -34.9409053317 ], [ -58.0397671836, -34.9406575226 ], [ -58.0402072722, -34.9410704409 ], [ -58.0403542484, -34.941204028 ], [ -58.0406412176, -34.9414749659 ], [ -58.0407798418, -34.9416008485 ], [ -58.0410051292, -34.9418056331 ], [ -58.0404330228, -34.9422366179 ], [ -58.041556794, -34.9432614233 ], [ -58.041742879, -34.9434305165 ], [ -58.0417527761, -34.9435236422 ], [ -58.0425082471, -34.9442043777 ], [ -58.0427051761, -34.9441788945 ], [ -58.0428921721, -34.9443328612 ], [ -58.0434323059, -34.9439270079 ], [ -58.0442865656, -34.9447044538 ], [ -58.0437429074, -34.9451019623 ], [ -58.0438154, -34.9451694591 ], [ -58.0437335356, -34.9452292424 ], [ -58.0438787437, -34.9453640598 ], [ -58.0437149043, -34.9454836247 ], [ -58.0437875093, -34.9455510325 ], [ -58.0437055343, -34.945610814 ], [ -58.043865199, -34.9457591122 ], [ -58.0443194538, -34.9456375553 ], [ -58.0447580873, -34.9460400694 ], [ -58.0445951032, -34.9461604607 ], [ -58.0447413168, -34.9462945721 ], [ -58.0446598787, -34.9463548132 ], [ -58.0447329306, -34.9464218676 ], [ -58.0446514943, -34.9464820187 ], [ -58.0448707589, -34.9466832744 ], [ -58.0449782872, -34.9467784425 ], [ -58.0462289573, -34.9458510382 ], [ -58.0487371827, -34.9440275701 ], [ -58.0491026096, -34.9438270968 ], [ -58.0507336569, -34.9426796527 ], [ -58.0447520942, -34.9367952501 ] ] ] ] } },
{ "type": "Feature", "properties": { "ZONA_COD": "AU-RM", "ZONA_DESC": "RESIDENCIAL MIXTA", "AREA_TIPO": "Urbana", "DENOM": "Residencial Mixta", "FOS_MAX": "0.6", "FOT_RES": "1.0", "FOT_COM": null, "FOT_MIN": "NO", "DENS_RES": "300", "DENS_COM": null, "ALTURA_M": 9.0, "NIVELES": 3.0, "CUF_AV": "100", "CUF_CAL": "125", "RET_FRENTE": "NO", "RET_FONDO": "SI", "RET_LATERA": "SI", "PARC_SUP_M": "375", "PARC_ANC_M": 15.0, "INC_PRM": "No aplica", "COLOR_HEX": "#D9D5F8" }, "bbox": [ -57.9982748152, -34.9004140221, -57.9924241444, -34.8954142115 ], "geometry": { "type": "MultiPolygon", "coordinates": [ [ [ [ -57.9941737907, -34.9004140221 ], [ -57.9982748152, -34.8973831107 ], [ -57.996136285, -34.8954142115 ], [ -57.9946748327, -34.8957890831 ], [ -57.9945928406, -34.8957147397 ], [ -57.9945325015, -34.8957577876 ], [ -57.9943420125, -34.8958950511 ], [ -57.9941536809, -34.8960335215 ], [ -57.9942451708, -34.8962789888 ], [ -57.9940359912, -34.8963256429 ], [ -57.9939517939, -34.8963425466 ], [ -57.9938321283, -34.8963740966 ], [ -57.9936612131, -34.8964125489 ], [ -57.9936191131, -34.8964210466 ], [ -57.9934173511, -34.8964640369 ], [ -57.9933852112, -34.8964722477 ], [ -57.9940342537, -34.8970717223 ], [ -57.9940921835, -34.8971245026 ], [ -57.9924725252, -34.8983146438 ], [ -57.9924503515, -34.8984358517 ], [ -57.9924241444, -34.8986805573 ], [ -57.9924370901, -34.8986920281 ], [ -57.9931935782, -34.899362675 ], [ -57.9933176379, -34.8994698949 ], [ -57.9937610945, -34.8998833915 ], [ -57.9939795776, -34.9000886896 ], [ -57.9938992672, -34.9001480143 ], [ -57.9941156333, -34.9003569601 ], [ -57.9941737907, -34.9004140221 ] ] ] ] } },
{ "type": "Feature", "properties": { "ZONA_COD": "UE", "ZONA_DESC": "USO ESPECÍFICO", "AREA_TIPO": "General", "DENOM": "Usos Específicos", "FOS_MAX": null, "FOT_RES": null, "FOT_COM": null, "FOT_MIN": null, "DENS_RES": null, "DENS_COM": null, "ALTURA_M": 0.0, "NIVELES": 0.0, "CUF_AV": null, "CUF_CAL": null, "RET_FRENTE": null, "RET_FONDO": null, "RET_LATERA": null, "PARC_SUP_M": null, "PARC_ANC_M": 0.0, "INC_PRM": null, "COLOR_HEX": "#D4D4D4" }, "bbox": [ -58.0202305102, -34.9085341465, -58.0169725911, -34.9054126887 ], "geometry": { "type": "MultiPolygon", "coordinates": [ [ [ [ -58.0175905018, -34.9054126887 ], [ -58.0169725911, -34.9058707216 ], [ -58.017187655, -34.9061428537 ], [ -58.0172513054, -34.9062209463 ], [ -58.017309621, -34.9062979598 ], [ -58.0173696841, -34.9063750919 ], [ -58.0174301761, -34.9064525919 ], [ -58.0174938346, -34.9065349195 ], [ -58.0175518849, -34.9066093159 ], [ -58.0176062327, -34.9066785142 ], [ -58.0176433837, -34.9067258033 ], [ -58.0176334642, -34.9067834993 ], [ -58.0176990536, -34.9068432502 ], [ -58.0177636672, -34.9069037251 ], [ -58.0178412193, -34.9068467288 ], [ -58.0179095147, -34.9068545124 ], [ -58.0180138352, -34.9069814823 ], [ -58.0192769923, -34.9084975504 ], [ -58.0193165184, -34.9085341465 ], [ -58.0194592184, -34.9084214849 ], [ -58.0196748749, -34.9082630081 ], [ -58.0198905314, -34.9081045305 ], [ -58.020096853, -34.9079361226 ], [ -58.0201762397, -34.9078738814 ], [ -58.0202305102, -34.907830785 ], [ -58.0200932296, -34.9077134648 ], [ -58.0200134831, -34.9076449347 ], [ -58.0199203988, -34.9075623985 ], [ -58.0198401154, -34.9074934996 ], [ -58.0196580522, -34.9073312233 ], [ -58.0196673395, -34.9073243542 ], [ -58.0195984856, -34.9072611715 ], [ -58.0195104069, -34.9071831562 ], [ -58.0195241215, -34.907172644 ], [ -58.0195182238, -34.9071674216 ], [ -58.0193980231, -34.9070615525 ], [ -58.0192206903, -34.9069022116 ], [ -58.0191085889, -34.9068008004 ], [ -58.0190004049, -34.9067047699 ], [ -58.0189227539, -34.9066356426 ], [ -58.0188554909, -34.9065757864 ], [ -58.0187737254, -34.9065048803 ], [ -58.0187004819, -34.9064389789 ], [ -58.0186321047, -34.9063800058 ], [ -58.0185808199, -34.9063335684 ], [ -58.0185817175, -34.9062916771 ], [ -58.0185066295, -34.9062321123 ], [ -58.0184030878, -34.9061499772 ], [ -58.0182915629, -34.9060474024 ], [ -58.0181630921, -34.905930763 ], [ -58.0180967185, -34.9058703807 ], [ -58.0180290436, -34.9058095272 ], [ -58.0179536642, -34.9057415178 ], [ -58.0178823003, -34.9056748348 ], [ -58.0175905018, -34.9054126887 ] ] ] ] } },
{ "type": "Feature", "properties": { "ZONA_COD": "UE", "ZONA_DESC": "USO ESPECÍFICO", "AREA_TIPO": "General", "DENOM": "Usos Específicos", "FOS_MAX": null, "FOT_RES": null, "FOT_COM": null, "FOT_MIN": null, "DENS_RES": null, "DENS_COM": null, "ALTURA_M": 0.0, "NIVELES": 0.0, "CUF_AV": null, "CUF_CAL": null, "RET_FRENTE": null, "RET_FONDO": null, "RET_LATERA": null, "PARC_SUP_M": null, "PARC_ANC_M": 0.0, "INC_PRM": null, "COLOR_HEX": "#D4D4D4" }, "bbox": [ -58.0136881204, -34.8805746252, -58.0094741626, -34.8785006717 ], "geometry": { "type": "MultiPolygon", "coordinates": [ [ [ [ -58.0134624625, -34.8785006717 ], [ -58.0094741626, -34.8802358776 ], [ -58.0096908857, -34.8805746252 ], [ -58.0136881204, -34.8788378617 ], [ -58.0134624625, -34.8785006717 ] ] ] ] } },
{ "type": "Feature", "properties": { "ZONA_COD": "AU-R6", "ZONA_DESC": "RESIDENCIAL 6", "AREA_TIPO": "Urbana", "DENOM": "Residencial 6", "FOS_MAX": "0.4", "FOT_RES": "0.8", "FOT_COM": null, "FOT_MIN": "NO", "DENS_RES": "150", "DENS_COM": null, "ALTURA_M": 9.0, "NIVELES": 3.0, "CUF_AV": "300", "CUF_CAL": "300", "RET_FRENTE": "SI", "RET_FONDO": "SI", "RET_LATERA": "SI", "PARC_SUP_M": "300", "PARC_ANC_M": 12.0, "INC_PRM": "CUF x 2.0 (por Multifamiliar en Bloque,Ver COT Art 287 Ordenanza 12692) (por Distrito de Interes Urbanistico Ver COT Art 16 , 244 y 286 Ord 12692)", "COLOR_HEX": "#D5EEF9" }, "bbox": [ -58.0581882921, -35.0000761934, -58.0494357032, -34.9903056826 ], "geometry": { "type": "MultiPolygon", "coordinates": [ [ [ [ -58.0494357032, -34.9944828419 ], [ -58.0534875762, -34.9981462384 ], [ -58.0535999869, -34.9982792553 ], [ -58.0555712316, -35.0000761934 ], [ -58.0566761459, -34.9992633888 ], [ -58.0565807161, -34.9991698125 ], [ -58.0536182855, -34.9964629152 ], [ -58.0559298597, -34.9947539021 ], [ -58.0570459678, -34.9939286887 ], [ -58.0581589472, -34.9931057613 ], [ -58.0581882921, -34.9930840634 ], [ -58.0550816524, -34.9903056826 ], [ -58.0494357032, -34.9944828419 ] ] ] ] } },
{ "type": "Feature", "properties": { "ZONA_COD": "AC-REX1", "ZONA_DESC": "RESID. EXTRAURBANO 1", "AREA_TIPO": "Complem.", "DENOM": "Resid. Extraurb. 1", "FOS_MAX": "0.3", "FOT_RES": "0.6", "FOT_COM": null, "FOT_MIN": null, "DENS_RES": "80", "DENS_COM": null, "ALTURA_M": 9.0, "NIVELES": 3.0, "CUF_AV": null, "CUF_CAL": null, "RET_FRENTE": "SI", "RET_FONDO": "SI", "RET_LATERA": "SI", "PARC_SUP_M": "600", "PARC_ANC_M": 20.0, "INC_PRM": "No aplica", "COLOR_HEX": "#F1F8FF" }, "bbox": [ -58.120519571, -34.8959387114, -58.0895761765, -34.8698323421 ], "geometry": { "type": "MultiPolygon", "coordinates": [ [ [ [ -58.1065165845, -34.8712338051 ], [ -58.1064074149, -34.8711335559 ], [ -58.1057414714, -34.8705669605 ], [ -58.1056228634, -34.8704364967 ], [ -58.1049050992, -34.8698323421 ], [ -58.1014269442, -34.8725666687 ], [ -58.1011521563, -34.8723345897 ], [ -58.0998863147, -34.8732751061 ], [ -58.0992116559, -34.8724660103 ], [ -58.0947280616, -34.8755821981 ], [ -58.0961299562, -34.8768057788 ], [ -58.0953091477, -34.8773741899 ], [ -58.0945253229, -34.8779191323 ], [ -58.0936232651, -34.8786112919 ], [ -58.0921212084, -34.8794484528 ], [ -58.0919535478, -34.8798605761 ], [ -58.0920230357, -34.8801253077 ], [ -58.0920615834, -34.8805334983 ], [ -58.0920188917, -34.8808528872 ], [ -58.0920752738, -34.8812724685 ], [ -58.0921092007, -34.8815283688 ], [ -58.0921237661, -34.8819165477 ], [ -58.0920217992, -34.8822544032 ], [ -58.0914095461, -34.8827733723 ], [ -58.0912100864, -34.8832551769 ], [ -58.0908718873, -34.883819666 ], [ -58.0905732773, -34.8839446961 ], [ -58.0903189113, -34.8841286128 ], [ -58.0900865337, -34.8843795525 ], [ -58.0899263743, -34.8845613118 ], [ -58.0898328259, -34.8849162706 ], [ -58.0898441952, -34.8850607179 ], [ -58.0898150409, -34.8852396866 ], [ -58.0897150345, -34.8855557488 ], [ -58.0896912016, -34.8857590477 ], [ -58.0897124607, -34.885857582 ], [ -58.0898364025, -34.8864778255 ], [ -58.0897539752, -34.8867335459 ], [ -58.0896570651, -34.8869793405 ], [ -58.0895761765, -34.8872957031 ], [ -58.0896403188, -34.8875755506 ], [ -58.0896919345, -34.88801523 ], [ -58.0897610726, -34.8881654033 ], [ -58.0898251592, -34.8882329604 ], [ -58.0898563828, -34.8884610617 ], [ -58.0898886432, -34.888733604 ], [ -58.0897915578, -34.889045389 ], [ -58.0898599135, -34.8893479228 ], [ -58.0901202493, -34.8894064578 ], [ -58.0903523229, -34.889550737 ], [ -58.0905038218, -34.8896165143 ], [ -58.0911696798, -34.8903443266 ], [ -58.0912346037, -34.8904608176 ], [ -58.091260666, -34.8909889841 ], [ -58.0914302404, -34.8912425488 ], [ -58.0915638842, -34.8914323732 ], [ -58.0918155001, -34.8919363245 ], [ -58.0918304324, -34.8920568337 ], [ -58.0919252659, -34.8926383901 ], [ -58.0919910136, -34.8927479653 ], [ -58.0923480435, -34.8929116105 ], [ -58.0929049334, -34.8932411877 ], [ -58.0930670146, -34.893511756 ], [ -58.093057989, -34.8939479613 ], [ -58.0931761168, -34.8943377284 ], [ -58.0937426492, -34.8951120285 ], [ -58.094478836, -34.8953801542 ], [ -58.0945750824, -34.8958493988 ], [ -58.0945938764, -34.8959387114 ], [ -58.1041573471, -34.893710981 ], [ -58.1026895645, -34.8898664305 ], [ -58.105520302, -34.891666071 ], [ -58.1079681982, -34.8896977752 ], [ -58.1042500204, -34.8865117398 ], [ -58.1043405893, -34.8864471901 ], [ -58.1052593233, -34.8858062702 ], [ -58.1056957831, -34.8855012067 ], [ -58.1061605842, -34.8851763293 ], [ -58.1066539199, -34.8849370278 ], [ -58.1079414352, -34.8839993245 ], [ -58.1079884752, -34.8840313772 ], [ -58.1094189881, -34.8853070692 ], [ -58.1095422384, -34.8853886557 ], [ -58.1105334621, -34.8862291531 ], [ -58.1113668162, -34.8868815222 ], [ -58.1121244537, -34.8875261382 ], [ -58.1122279081, -34.8876127312 ], [ -58.1131516162, -34.8884055978 ], [ -58.116609611, -34.8860426472 ], [ -58.1169532321, -34.8858084772 ], [ -58.117142972, -34.885965327 ], [ -58.1175280527, -34.8856651055 ], [ -58.1188109698, -34.8846358305 ], [ -58.120519571, -34.8832670488 ], [ -58.1190234472, -34.8819524981 ], [ -58.1182448861, -34.8812805328 ], [ -58.1174663376, -34.880608562 ], [ -58.1159323784, -34.8792931686 ], [ -58.1143984677, -34.8779777564 ], [ -58.1142988795, -34.8778923514 ], [ -58.114237999, -34.8778868394 ], [ -58.1141807733, -34.8778370673 ], [ -58.113494346, -34.8772440193 ], [ -58.1128261812, -34.8766723796 ], [ -58.1126505706, -34.8765376225 ], [ -58.1119516498, -34.8759356505 ], [ -58.1112607817, -34.875335872 ], [ -58.1110483771, -34.8751414196 ], [ -58.1095661451, -34.8738843518 ], [ -58.1080761942, -34.8726018691 ], [ -58.1079536804, -34.8724646649 ], [ -58.1065165845, -34.8712338051 ] ], [ [ -58.0948120196, -34.8812451966 ], [ -58.0937345166, -34.8818565503 ], [ -58.0928785482, -34.8816276693 ], [ -58.0944036464, -34.8807571966 ], [ -58.0948120196, -34.8812451966 ] ], [ [ -58.0920829261, -34.8868694677 ], [ -58.0914579072, -34.8853931361 ], [ -58.0922242033, -34.8851624204 ], [ -58.0928460233, -34.8866477191 ], [ -58.0920829261, -34.8868694677 ] ] ] ] } },
{ "type": "Feature", "properties": { "ZONA_COD": "AU-CLo4", "ZONA_DESC": "CENTRAL LOCALIDADES 4", "AREA_TIPO": "Urbana", "DENOM": "Central Loc. 4", "FOS_MAX": "0.6", "FOT_RES": "1.2", "FOT_COM": null, "FOT_MIN": "NO", "DENS_RES": "300", "DENS_COM": null, "ALTURA_M": 9.0, "NIVELES": 3.0, "CUF_AV": "60", "CUF_CAL": "100", "RET_FRENTE": "NO", "RET_FONDO": "SI", "RET_LATERA": "NO", "PARC_SUP_M": "375", "PARC_ANC_M": 15.0, "INC_PRM": "No aplica", "COLOR_HEX": "#A80000" }, "bbox": [ -57.9699834693, -34.8973506776, -57.9601902407, -34.8890416389 ], "geometry": { "type": "MultiPolygon", "coordinates": [ [ [ [ -57.9640312236, -34.8952741079 ], [ -57.9662822078, -34.8973506776 ], [ -57.9668886611, -34.8968712031 ], [ -57.9699834693, -34.8946029906 ], [ -57.9689928561, -34.8936949766 ], [ -57.964920144, -34.8899716925 ], [ -57.9638798758, -34.8890416389 ], [ -57.9608628329, -34.8912659213 ], [ -57.9601902407, -34.8917557415 ], [ -57.9624836657, -34.8938639062 ], [ -57.9641193868, -34.8926396042 ], [ -57.9656639032, -34.8940688212 ], [ -57.9646520876, -34.8948157765 ], [ -57.9638846242, -34.8941053526 ], [ -57.9632502388, -34.8945624483 ], [ -57.9640312236, -34.8952741079 ] ] ] ] } },
{ "type": "Feature", "properties": { "ZONA_COD": "AU-R4", "ZONA_DESC": "RESIDENCIAL 4", "AREA_TIPO": "Urbana", "DENOM": "Residencial 4", "FOS_MAX": "0.6", "FOT_RES": "0.8", "FOT_COM": null, "FOT_MIN": "NO", "DENS_RES": "250", "DENS_COM": null, "ALTURA_M": 9.0, "NIVELES": 3.0, "CUF_AV": null, "CUF_CAL": "200", "RET_FRENTE": "SI", "RET_FONDO": "SI", "RET_LATERA": "SI", "PARC_SUP_M": "375", "PARC_ANC_M": 15.0, "INC_PRM": "No aplica", "COLOR_HEX": "#6EBDEC" }, "bbox": [ -57.9837128578, -34.8826237638, -57.9712843179, -34.8763436316 ], "geometry": { "type": "MultiPolygon", "coordinates": [ [ [ [ -57.9716145103, -34.8804153751 ], [ -57.9740631664, -34.8785462898 ], [ -57.9786198468, -34.8826237638 ], [ -57.9803832564, -34.8813049404 ], [ -57.9805096552, -34.8812109828 ], [ -57.9807143148, -34.8813979492 ], [ -57.9807421947, -34.8814114678 ], [ -57.9811956221, -34.881169739 ], [ -57.9813821127, -34.8810858251 ], [ -57.9815686033, -34.8810019111 ], [ -57.9817716747, -34.8809152533 ], [ -57.9819747452, -34.8808285956 ], [ -57.9821630381, -34.880749171 ], [ -57.9823513309, -34.8806697465 ], [ -57.9825393018, -34.8806012667 ], [ -57.9827272718, -34.8805327861 ], [ -57.9829262864, -34.8804777808 ], [ -57.9831253001, -34.8804227765 ], [ -57.9834863995, -34.8802620452 ], [ -57.9837128578, -34.8801601807 ], [ -57.9830773608, -34.8795875536 ], [ -57.9828939189, -34.8797281608 ], [ -57.9816068883, -34.8786226413 ], [ -57.9811972615, -34.8782682428 ], [ -57.9803337226, -34.8775194574 ], [ -57.9794352199, -34.8767343519 ], [ -57.9789906328, -34.8763436316 ], [ -57.9784423827, -34.8767565481 ], [ -57.9778941272, -34.8771694628 ], [ -57.9767675699, -34.8780872461 ], [ -57.9756378829, -34.8770761177 ], [ -57.9755358827, -34.8769857403 ], [ -57.9754634684, -34.8769197373 ], [ -57.9712843179, -34.8801149763 ], [ -57.9716145103, -34.8804153751 ] ] ] ] } },
{ "type": "Feature", "properties": { "ZONA_COD": "AU-R4", "ZONA_DESC": "RESIDENCIAL 4", "AREA_TIPO": "Urbana", "DENOM": "Residencial 4", "FOS_MAX": "0.6", "FOT_RES": "0.8", "FOT_COM": null, "FOT_MIN": "NO", "DENS_RES": "250", "DENS_COM": null, "ALTURA_M": 9.0, "NIVELES": 3.0, "CUF_AV": null, "CUF_CAL": "200", "RET_FRENTE": "SI", "RET_FONDO": "SI", "RET_LATERA": "SI", "PARC_SUP_M": "375", "PARC_ANC_M": 15.0, "INC_PRM": "No aplica", "COLOR_HEX": "#6EBDEC" }, "bbox": [ -58.0091326253, -34.8862996662, -57.9913982292, -34.8729635764 ], "geometry": { "type": "MultiPolygon", "coordinates": [ [ [ [ -58.0070630487, -34.8787050219 ], [ -58.0060882754, -34.8778706615 ], [ -58.0052249424, -34.8771670976 ], [ -58.0050325405, -34.8769950447 ], [ -58.0040562626, -34.8761533602 ], [ -58.0038203138, -34.8759636239 ], [ -58.0035843658, -34.8757738886 ], [ -58.0035702033, -34.8757584238 ], [ -58.0035277148, -34.8757120296 ], [ -58.0028372648, -34.8751415779 ], [ -58.0028378755, -34.8751037318 ], [ -58.001821772, -34.8742828738 ], [ -58.000262799, -34.8729635764 ], [ -58.0002154317, -34.8729986769 ], [ -58.0000590963, -34.873114524 ], [ -57.9999027599, -34.8732303702 ], [ -57.9998617841, -34.8732606971 ], [ -57.9998208074, -34.873291025 ], [ -57.9997801095, -34.8733211765 ], [ -57.9997394106, -34.8733513281 ], [ -57.999699434, -34.8733809958 ], [ -57.9996594582, -34.8734106636 ], [ -57.9996169778, -34.873442138 ], [ -57.9995744975, -34.8734736116 ], [ -57.9994275788, -34.8735820878 ], [ -57.9992806602, -34.8736905632 ], [ -57.9990709796, -34.8738370726 ], [ -57.9987636687, -34.8740638942 ], [ -57.9986831686, -34.8741232207 ], [ -57.9986031118, -34.8741822837 ], [ -57.9985210487, -34.8742429349 ], [ -57.9984375395, -34.8743045546 ], [ -57.9981352378, -34.874527582 ], [ -57.9979416776, -34.874604421 ], [ -57.9978929415, -34.8746029874 ], [ -57.9975864813, -34.8748305411 ], [ -57.9975063005, -34.8748901419 ], [ -57.9974264542, -34.8749494782 ], [ -57.9973444945, -34.8750103111 ], [ -57.9972613072, -34.8750721152 ], [ -57.9969599659, -34.8752958764 ], [ -57.9969482963, -34.8753306505 ], [ -57.9967897, -34.8754356409 ], [ -57.99629877, -34.8757930792 ], [ -57.9958065009, -34.8761514842 ], [ -57.9956785633, -34.8762727506 ], [ -57.9951929735, -34.8766350479 ], [ -57.9947060419, -34.8769984037 ], [ -57.9945593067, -34.8771100752 ], [ -57.9943149015, -34.8772897984 ], [ -57.9940704955, -34.8774695216 ], [ -57.9938254221, -34.8776496837 ], [ -57.993580347, -34.8778298449 ], [ -57.9934548888, -34.8779523208 ], [ -57.9929918414, -34.8782960732 ], [ -57.9927481377, -34.8784769512 ], [ -57.9925043612, -34.8786578606 ], [ -57.9922606791, -34.8788387592 ], [ -57.992017006, -34.8790196659 ], [ -57.9913982292, -34.8794789704 ], [ -57.9914055039, -34.8795036028 ], [ -57.9916298559, -34.8795462433 ], [ -57.9918430034, -34.879593249 ], [ -57.9920561499, -34.8796402539 ], [ -57.9922128325, -34.8796819546 ], [ -57.9924901591, -34.8797588133 ], [ -57.9926356397, -34.879809205 ], [ -57.9927811204, -34.8798595976 ], [ -57.9929492081, -34.879918023 ], [ -57.9931277047, -34.8799801356 ], [ -57.9932683613, -34.8800288249 ], [ -57.993409018, -34.8800775142 ], [ -57.9935488653, -34.8801257403 ], [ -57.9936887135, -34.8801739656 ], [ -57.9937664895, -34.8802001223 ], [ -57.9939154119, -34.8802321616 ], [ -57.9938367401, -34.8802910897 ], [ -57.9951538611, -34.8808274157 ], [ -57.9953339566, -34.8810837278 ], [ -57.9967238354, -34.8815866494 ], [ -57.9962580882, -34.8819294827 ], [ -57.996426319, -34.882042129 ], [ -57.9972562134, -34.8827598285 ], [ -57.9973596561, -34.882866248 ], [ -58.0002179768, -34.8854905992 ], [ -58.0010410282, -34.8862996662 ], [ -58.0020479317, -34.8855510948 ], [ -58.0020719723, -34.8855322774 ], [ -58.0022229316, -34.8854202336 ], [ -58.0024789219, -34.8852302329 ], [ -58.002604237, -34.8851577952 ], [ -58.0028267805, -34.8849913945 ], [ -58.0027486052, -34.8849226989 ], [ -58.002955603, -34.8847659561 ], [ -58.0031673754, -34.8847192417 ], [ -58.003329212, -34.8845991211 ], [ -58.0034939876, -34.8844768178 ], [ -58.0036587622, -34.8843545135 ], [ -58.0037422958, -34.8842925116 ], [ -58.0038257915, -34.8842305366 ], [ -58.0038675659, -34.8841995298 ], [ -58.0039093403, -34.8841685221 ], [ -58.0039856901, -34.8841118513 ], [ -58.004133919, -34.8840018273 ], [ -58.0042997235, -34.8838787578 ], [ -58.0044569897, -34.8837620249 ], [ -58.0045394063, -34.8837008494 ], [ -58.0046194837, -34.8836414105 ], [ -58.0047040164, -34.8835786648 ], [ -58.0047877163, -34.883516537 ], [ -58.0048682542, -34.8834567554 ], [ -58.004948498, -34.8833971924 ], [ -58.0050315261, -34.8833355628 ], [ -58.0051140011, -34.8832743432 ], [ -58.0051941604, -34.8832148432 ], [ -58.0052743197, -34.8831553422 ], [ -58.0057363607, -34.8828123678 ], [ -58.0058081941, -34.8827590533 ], [ -58.0058786002, -34.8827067901 ], [ -58.0059508877, -34.882653132 ], [ -58.0060174097, -34.882603753 ], [ -58.0060864138, -34.8825525312 ], [ -58.0061551435, -34.8825015126 ], [ -58.0062292387, -34.8824465119 ], [ -58.0063963471, -34.8823225053 ], [ -58.0065341637, -34.8822201633 ], [ -58.0067331738, -34.8820724353 ], [ -58.0069513997, -34.8819104422 ], [ -58.007021116, -34.8818586898 ], [ -58.0070930141, -34.8818053187 ], [ -58.0071637521, -34.8817528081 ], [ -58.0072345216, -34.8817002742 ], [ -58.0073056597, -34.8816474661 ], [ -58.0075112771, -34.8814948295 ], [ -58.007603481, -34.8814263839 ], [ -58.0078037978, -34.881277681 ], [ -58.0079089357, -34.8812324973 ], [ -58.0079944055, -34.8811957663 ], [ -58.0085453806, -34.8809578749 ], [ -58.0088241119, -34.8808368136 ], [ -58.0091326253, -34.8804578689 ], [ -58.0087805857, -34.8801649768 ], [ -58.007630815, -34.8791887717 ], [ -58.0070630487, -34.8787050219 ] ] ] ] } },
{ "type": "Feature", "properties": { "ZONA_COD": "AU-UE", "ZONA_DESC": "USOS ESPECÍFICOS AU", "AREA_TIPO": "Urbana", "DENOM": "Usos Específicos", "FOS_MAX": null, "FOT_RES": null, "FOT_COM": null, "FOT_MIN": null, "DENS_RES": null, "DENS_COM": null, "ALTURA_M": 0.0, "NIVELES": 0.0, "CUF_AV": null, "CUF_CAL": null, "RET_FRENTE": null, "RET_FONDO": null, "RET_LATERA": null, "PARC_SUP_M": null, "PARC_ANC_M": 0.0, "INC_PRM": null, "COLOR_HEX": "#D4D4D4" }, "bbox": [ -57.9921419767, -34.9121403434, -57.9878370425, -34.9086022243 ], "geometry": { "type": "MultiPolygon", "coordinates": [ [ [ [ -57.9878370425, -34.9103150884 ], [ -57.9898479545, -34.9121403434 ], [ -57.9921419767, -34.910428903 ], [ -57.9901384805, -34.9086022243 ], [ -57.9889810395, -34.9094636741 ], [ -57.9878370425, -34.9103150884 ] ] ] ] } },
{ "type": "Feature", "properties": { "ZONA_COD": "AR-CC", "ZONA_DESC": "CLUB DE CAMPO", "AREA_TIPO": "Rural", "DENOM": "Club de Campo", "FOS_MAX": null, "FOT_RES": null, "FOT_COM": null, "FOT_MIN": null, "DENS_RES": null, "DENS_COM": null, "ALTURA_M": 0.0, "NIVELES": 0.0, "CUF_AV": null, "CUF_CAL": null, "RET_FRENTE": "SI", "RET_FONDO": "SI", "RET_LATERA": "SI", "PARC_SUP_M": null, "PARC_ANC_M": 0.0, "INC_PRM": "No aplica", "COLOR_HEX": "#EBD299" }, "bbox": [ -58.0748071762, -35.2335881727, -58.0425524074, -35.1898711765 ], "geometry": { "type": "MultiPolygon", "coordinates": [ [ [ [ -58.0540550466, -35.2335881727 ], [ -58.0541349298, -35.2335293912 ], [ -58.055866462, -35.2322552982 ], [ -58.0567322087, -35.2316181978 ], [ -58.0601951724, -35.2290697278 ], [ -58.0619266272, -35.2277954541 ], [ -58.0627922795, -35.227158306 ], [ -58.0645236543, -35.2258839919 ], [ -58.0653892662, -35.2252468231 ], [ -58.0662454765, -35.2246165278 ], [ -58.0671016734, -35.2239862254 ], [ -58.0679579656, -35.2233560084 ], [ -58.0688141355, -35.2227256933 ], [ -58.0696702936, -35.222095372 ], [ -58.0705265472, -35.2214650453 ], [ -58.0713826766, -35.2208348004 ], [ -58.0722387943, -35.2202044593 ], [ -58.0730950082, -35.2195741128 ], [ -58.0739510981, -35.2189438481 ], [ -58.0748071762, -35.2183134872 ], [ -58.0740501656, -35.2176467361 ], [ -58.0725361803, -35.2163132196 ], [ -58.0717792092, -35.2156463651 ], [ -58.0710222481, -35.214979596 ], [ -58.0695083617, -35.2136460444 ], [ -58.0687514374, -35.2129792628 ], [ -58.0679945257, -35.2123124757 ], [ -58.0672376257, -35.2116456851 ], [ -58.0664807383, -35.2109788891 ], [ -58.0613325764, -35.2064430954 ], [ -58.0548056774, -35.2006914192 ], [ -58.0446873224, -35.1917727444 ], [ -58.0426988107, -35.1900197229 ], [ -58.0425524074, -35.1898711765 ], [ -58.0453011591, -35.2127491416 ], [ -58.0468372066, -35.216464258 ], [ -58.0540550466, -35.2335881727 ] ] ] ] } },
{ "type": "Feature", "properties": { "ZONA_COD": "AU-CC3", "ZONA_DESC": "CORREDOR CENTRALIDAD 3", "AREA_TIPO": "Urbana", "DENOM": "Corredor Central. 3", "FOS_MAX": "0.6", "FOT_RES": "1.5", "FOT_COM": null, "FOT_MIN": "NO", "DENS_RES": "400", "DENS_COM": null, "ALTURA_M": 18.0, "NIVELES": 6.0, "CUF_AV": "50", "CUF_CAL": "50", "RET_FRENTE": null, "RET_FONDO": "SI", "RET_LATERA": "NO", "PARC_SUP_M": "375", "PARC_ANC_M": 15.0, "INC_PRM": "Art 289 COT Ord 12692 (Art. 47 del Dec.ley 8912/77 por mejora morfológica) - Receptor APU (Ver Titulo 9 Cap 1 y 2- COT Ord 12692)", "COLOR_HEX": "#CD6969" }, "bbox": [ -57.9817994323, -34.8989618571, -57.9782088998, -34.8976864539 ], "geometry": { "type": "MultiPolygon", "coordinates": [ [ [ [ -57.9803076558, -34.8988532307 ], [ -57.9817994323, -34.8976864539 ], [ -57.9782088998, -34.8977612721 ], [ -57.9795903259, -34.8989618571 ], [ -57.9803076558, -34.8988532307 ] ] ] ] } },
{ "type": "Feature", "properties": { "ZONA_COD": "AU-CLo1", "ZONA_DESC": "CENTRAL LOCALIDADES 1", "AREA_TIPO": "Urbana", "DENOM": "Central Loc. 1", "FOS_MAX": "0.6", "FOT_RES": "2.0", "FOT_COM": "2.5", "FOT_MIN": "NO", "DENS_RES": "600", "DENS_COM": "1000", "ALTURA_M": 18.0, "NIVELES": 6.0, "CUF_AV": "40", "CUF_CAL": "50", "RET_FRENTE": "NO", "RET_FONDO": "SI", "RET_LATERA": "NO", "PARC_SUP_M": "600", "PARC_ANC_M": 20.0, "INC_PRM": "No aplica", "COLOR_HEX": "#A80000" }, "bbox": [ -58.0024224292, -34.9308746003, -57.9939324369, -34.9234969372 ], "geometry": { "type": "MultiPolygon", "coordinates": [ [ [ [ -57.9962631379, -34.9234969372 ], [ -57.995212344, -34.9242710233 ], [ -57.9949859477, -34.9244772441 ], [ -57.9939324369, -34.9252508688 ], [ -57.9979682714, -34.9289473181 ], [ -58.000085057, -34.9308746003 ], [ -58.0024224292, -34.9291383817 ], [ -58.0003112662, -34.9272048357 ], [ -57.9962631379, -34.9234969372 ] ] ] ] } },
{ "type": "Feature", "properties": { "ZONA_COD": "AU-CS1", "ZONA_DESC": "CORREDOR SERVICIOS 1", "AREA_TIPO": "Urbana", "DENOM": "Corredor Servicios 1", "FOS_MAX": "0.6", "FOT_RES": "1.0", "FOT_COM": null, "FOT_MIN": "NO", "DENS_RES": "300", "DENS_COM": null, "ALTURA_M": 9.0, "NIVELES": 3.0, "CUF_AV": "100", "CUF_CAL": null, "RET_FRENTE": "NO", "RET_FONDO": "SI", "RET_LATERA": "SI", "PARC_SUP_M": "375", "PARC_ANC_M": 15.0, "INC_PRM": "No aplica", "COLOR_HEX": "#C22B7E" }, "bbox": [ -58.0782968461, -35.0235733425, -58.0744748578, -35.0202712901 ], "geometry": { "type": "MultiPolygon", "coordinates": [ [ [ [ -58.0770748959, -35.0235733425 ], [ -58.0782968461, -35.0226726454 ], [ -58.0756450916, -35.0202712901 ], [ -58.0746710269, -35.0210280282 ], [ -58.0746959148, -35.0210500724 ], [ -58.0744748578, -35.0212147949 ], [ -58.0745667685, -35.0212981378 ], [ -58.075607294, -35.0222420536 ], [ -58.0762507626, -35.0228257631 ], [ -58.0770748959, -35.0235733425 ] ] ] ] } },
{ "type": "Feature", "properties": { "ZONA_COD": "AU-CC3", "ZONA_DESC": "CORREDOR CENTRALIDAD 3", "AREA_TIPO": "Urbana", "DENOM": "Corredor Central. 3", "FOS_MAX": "0.6", "FOT_RES": "1.5", "FOT_COM": null, "FOT_MIN": "NO", "DENS_RES": "400", "DENS_COM": null, "ALTURA_M": 18.0, "NIVELES": 6.0, "CUF_AV": "50", "CUF_CAL": "50", "RET_FRENTE": null, "RET_FONDO": "SI", "RET_LATERA": "NO", "PARC_SUP_M": "375", "PARC_ANC_M": 15.0, "INC_PRM": "Art 289 COT Ord 12692 (Art. 47 del Dec.ley 8912/77 por mejora morfológica) - Receptor APU (Ver Titulo 9 Cap 1 y 2- COT Ord 12692)", "COLOR_HEX": "#CD6969" }, "bbox": [ -57.95593244, -34.8954115099, -57.9460852234, -34.8883239106 ], "geometry": { "type": "MultiPolygon", "coordinates": [ [ [ [ -57.9480860872, -34.8947740156 ], [ -57.9493308874, -34.8939862095 ], [ -57.95593244, -34.8889878423 ], [ -57.9556373896, -34.8888241423 ], [ -57.955068161, -34.8885153169 ], [ -57.954678804, -34.8883239106 ], [ -57.9483855309, -34.8929163976 ], [ -57.9482543207, -34.8931830627 ], [ -57.9460852234, -34.8947877995 ], [ -57.946771576, -34.8954115099 ], [ -57.9480860872, -34.8947740156 ] ] ] ] } },
{ "type": "Feature", "properties": { "ZONA_COD": "AU-CLo3", "ZONA_DESC": "CENTRAL LOCALIDADES 3", "AREA_TIPO": "Urbana", "DENOM": "Central Loc. 3", "FOS_MAX": "0.4", "FOT_RES": "1.2", "FOT_COM": "1.8", "FOT_MIN": "NO", "DENS_RES": "300", "DENS_COM": "400", "ALTURA_M": 9.0, "NIVELES": 3.0, "CUF_AV": "100", "CUF_CAL": "200", "RET_FRENTE": "SI", "RET_FONDO": "SI", "RET_LATERA": "SI", "PARC_SUP_M": "375", "PARC_ANC_M": 15.0, "INC_PRM": "No aplica", "COLOR_HEX": "#A80000" }, "bbox": [ -58.0161531334, -34.8881819032, -58.0056553156, -34.8801364036 ], "geometry": { "type": "MultiPolygon", "coordinates": [ [ [ [ -58.0089267992, -34.8809790872 ], [ -58.0056553156, -34.8834093297 ], [ -58.0067367585, -34.8843764741 ], [ -58.0078715213, -34.8835380919 ], [ -58.012958567, -34.8881819032 ], [ -58.0160977225, -34.8858061371 ], [ -58.0161531334, -34.8857641991 ], [ -58.0160246427, -34.8856073537 ], [ -58.0158237746, -34.8853645772 ], [ -58.0156229075, -34.8851217998 ], [ -58.0154500317, -34.8849134557 ], [ -58.0152771568, -34.8847051107 ], [ -58.0152439395, -34.8845947108 ], [ -58.0148631629, -34.8841566303 ], [ -58.0144821193, -34.8837162017 ], [ -58.0143821308, -34.8835582979 ], [ -58.0143205444, -34.8834815893 ], [ -58.014259171, -34.883405155 ], [ -58.0141967356, -34.883327352 ], [ -58.0141389748, -34.8832553028 ], [ -58.0140759018, -34.8831767677 ], [ -58.0140109204, -34.8830957685 ], [ -58.0139529456, -34.8830235349 ], [ -58.0138913573, -34.8829469163 ], [ -58.0138616815, -34.8829098876 ], [ -58.0138320056, -34.882872858 ], [ -58.0138028056, -34.8828364678 ], [ -58.0137736064, -34.8828000777 ], [ -58.0137429746, -34.882761861 ], [ -58.0137123428, -34.8827236443 ], [ -58.0136972377, -34.8827048556 ], [ -58.0136821327, -34.8826860661 ], [ -58.0136682049, -34.8826687407 ], [ -58.0136519236, -34.882648487 ], [ -58.0135385479, -34.8825016295 ], [ -58.0134196665, -34.8823608991 ], [ -58.013300786, -34.8822201696 ], [ -58.0132416817, -34.8821494496 ], [ -58.0132072088, -34.8821095476 ], [ -58.0131727351, -34.8820696465 ], [ -58.0130964762, -34.8819778725 ], [ -58.0130410357, -34.8819111518 ], [ -58.0130237651, -34.8818886804 ], [ -58.0129203665, -34.8817613157 ], [ -58.0128169678, -34.881633951 ], [ -58.0128054007, -34.8816422095 ], [ -58.0126410101, -34.8815564538 ], [ -58.0126098639, -34.8815169223 ], [ -58.0125787185, -34.8814773899 ], [ -58.0125369918, -34.8814276367 ], [ -58.012495265, -34.8813778835 ], [ -58.0124443499, -34.8813165884 ], [ -58.0124202355, -34.8812827955 ], [ -58.012358453, -34.8811962141 ], [ -58.0122601949, -34.8810620838 ], [ -58.0121619376, -34.8809279536 ], [ -58.0119339559, -34.8806222281 ], [ -58.0118918451, -34.8806516486 ], [ -58.0117605495, -34.8804951135 ], [ -58.0117369819, -34.8804670159 ], [ -58.0117134151, -34.8804389193 ], [ -58.0116555411, -34.8803665689 ], [ -58.0115817715, -34.8802743479 ], [ -58.011554906, -34.8802407618 ], [ -58.0115118096, -34.8801868861 ], [ -58.0114704273, -34.8801364036 ], [ -58.0102972311, -34.8807109723 ], [ -58.0092468383, -34.8809302091 ], [ -58.0089267992, -34.8809790872 ] ] ] ] } },
{ "type": "Feature", "properties": { "ZONA_COD": "AR-CC", "ZONA_DESC": "CLUB DE CAMPO", "AREA_TIPO": "Rural", "DENOM": "Club de Campo", "FOS_MAX": null, "FOT_RES": null, "FOT_COM": null, "FOT_MIN": null, "DENS_RES": null, "DENS_COM": null, "ALTURA_M": 0.0, "NIVELES": 0.0, "CUF_AV": null, "CUF_CAL": null, "RET_FRENTE": "SI", "RET_FONDO": "SI", "RET_LATERA": "SI", "PARC_SUP_M": null, "PARC_ANC_M": 0.0, "INC_PRM": "No aplica", "COLOR_HEX": "#EBD299" }, "bbox": [ -58.058727673, -35.1365895487, -58.0423873854, -35.1166930682 ], "geometry": { "type": "MultiPolygon", "coordinates": [ [ [ [ -58.0505336414, -35.1365895487 ], [ -58.0560563142, -35.1220012177 ], [ -58.0562491882, -35.12153217 ], [ -58.0565526582, -35.1209559402 ], [ -58.0566863235, -35.1204980476 ], [ -58.0586865452, -35.1170600888 ], [ -58.058727673, -35.116939764 ], [ -58.0587065794, -35.1168456031 ], [ -58.058639571, -35.116771892 ], [ -58.0585487889, -35.1167169686 ], [ -58.0584314391, -35.1166930682 ], [ -58.0583036805, -35.1166979084 ], [ -58.0581427693, -35.1167398078 ], [ -58.0528402999, -35.1205425641 ], [ -58.0502777672, -35.1223678578 ], [ -58.0423873854, -35.1294251832 ], [ -58.044823727, -35.1315533488 ], [ -58.0466078588, -35.1299201692 ], [ -58.0466478147, -35.1298925654 ], [ -58.0466901287, -35.1298690355 ], [ -58.0467222372, -35.1298614821 ], [ -58.0467490982, -35.129867968 ], [ -58.0488964877, -35.1315308505 ], [ -58.0489338563, -35.1315602043 ], [ -58.0489719741, -35.1316026577 ], [ -58.0489991678, -35.1316689324 ], [ -58.0490144742, -35.1317359067 ], [ -58.0490228505, -35.1317965723 ], [ -58.049013699, -35.131858469 ], [ -58.0489941514, -35.1319249909 ], [ -58.0489602388, -35.1319984683 ], [ -58.0489045645, -35.1320768927 ], [ -58.0471332814, -35.1336197615 ], [ -58.0505336414, -35.1365895487 ] ] ] ] } },
{ "type": "Feature", "properties": { "ZONA_COD": "AR-RE", "ZONA_DESC": "RURAL EXTENSIVO", "AREA_TIPO": "Rural", "DENOM": "Rural Extensivo", "FOS_MAX": null, "FOT_RES": null, "FOT_COM": null, "FOT_MIN": null, "DENS_RES": null, "DENS_COM": null, "ALTURA_M": 0.0, "NIVELES": 0.0, "CUF_AV": null, "CUF_CAL": null, "RET_FRENTE": "SI", "RET_FONDO": "SI", "RET_LATERA": "SI", "PARC_SUP_M": "30 Ha", "PARC_ANC_M": 0.0, "INC_PRM": "No aplica", "COLOR_HEX": "#EAF0B7" }, "bbox": [ -58.0747760624, -35.2352600051, -57.9579690753, -35.0393063441 ], "geometry": { "type": "MultiPolygon", "coordinates": [ [ [ [ -57.9579690753, -35.0762466698 ], [ -57.9641170926, -35.0970912471 ], [ -57.9642289665, -35.0974896728 ], [ -57.9669948998, -35.1060964033 ], [ -57.9716757883, -35.1208476132 ], [ -57.9722857913, -35.1227333953 ], [ -57.9727468908, -35.1249648166 ], [ -57.9731002623, -35.1278036669 ], [ -57.9733338711, -35.1316283415 ], [ -57.9732101172, -35.133201575 ], [ -57.9699921162, -35.1586337783 ], [ -57.9853235373, -35.1721276173 ], [ -57.985062384, -35.1723300898 ], [ -57.9911157207, -35.1779350128 ], [ -57.9951586077, -35.181677805 ], [ -58.0043195967, -35.1900169215 ], [ -58.0135091454, -35.1981609104 ], [ -58.0236444042, -35.2076969275 ], [ -58.0333219781, -35.2172519904 ], [ -58.0371466977, -35.2209837479 ], [ -58.05178294, -35.2352600051 ], [ -58.0536121494, -35.2339140744 ], [ -58.0536963025, -35.2338521516 ], [ -58.0467344545, -35.217647898 ], [ -58.0450168969, -35.2137357302 ], [ -58.0447713523, -35.2124929148 ], [ -58.0435180139, -35.2017433427 ], [ -58.0424268206, -35.1929939698 ], [ -58.0419601085, -35.1892361706 ], [ -58.0418125864, -35.189068528 ], [ -58.0410627002, -35.1883879031 ], [ -58.0403128275, -35.1877072737 ], [ -58.0395629647, -35.1870267306 ], [ -58.0388131171, -35.1863460931 ], [ -58.0380632813, -35.1856654511 ], [ -58.037313458, -35.1849848046 ], [ -58.0365636474, -35.1843041545 ], [ -58.0358138493, -35.183623499 ], [ -58.0350640639, -35.1829428399 ], [ -58.0343142883, -35.1822622663 ], [ -58.0251263844, -35.1739201613 ], [ -58.0178538017, -35.1673269841 ], [ -58.0180281785, -35.1671925318 ], [ -58.0187185421, -35.1664795538 ], [ -58.0194088923, -35.1657666621 ], [ -58.0200991193, -35.1650537632 ], [ -58.0207894452, -35.1643408625 ], [ -58.0214797576, -35.1636279574 ], [ -58.022170061, -35.1629149578 ], [ -58.0228603491, -35.1622020436 ], [ -58.0235506265, -35.1614891249 ], [ -58.0242407806, -35.1607762 ], [ -58.0249310327, -35.1600632732 ], [ -58.025621275, -35.1593502511 ], [ -58.0263115029, -35.1586373154 ], [ -58.031301313, -35.1531685263 ], [ -58.0358886522, -35.1497126286 ], [ -58.0400306958, -35.1464855437 ], [ -58.0431994417, -35.1444236815 ], [ -58.049034137, -35.1401418258 ], [ -58.0491961283, -35.1400097675 ], [ -58.0505336414, -35.1365895487 ], [ -58.0471332814, -35.1336197615 ], [ -58.044823727, -35.1315533488 ], [ -58.0423873854, -35.1294251832 ], [ -58.0502777672, -35.1223678578 ], [ -58.0528402999, -35.1205425641 ], [ -58.0581427693, -35.1167398078 ], [ -58.0597392377, -35.1156000691 ], [ -58.0606940965, -35.1139578099 ], [ -58.063961239, -35.1082474818 ], [ -58.0643612116, -35.1074276194 ], [ -58.0714741106, -35.0889901577 ], [ -58.0740969789, -35.0821554729 ], [ -58.0747760624, -35.0813294987 ], [ -58.0745232351, -35.0810997758 ], [ -58.0576246483, -35.0657415092 ], [ -58.0575363429, -35.0658040129 ], [ -58.0512270619, -35.0706327572 ], [ -58.0511479854, -35.07071008 ], [ -58.0496921476, -35.0694129042 ], [ -58.0464405498, -35.0665154693 ], [ -58.044234931, -35.0645339904 ], [ -58.0420289381, -35.062552836 ], [ -58.0390839498, -35.0599045673 ], [ -58.0361386701, -35.0572565927 ], [ -58.0339512221, -35.0552961489 ], [ -58.0319303195, -35.0534996029 ], [ -58.0318267698, -35.0533982412 ], [ -58.031208931, -35.0528309318 ], [ -58.0279231527, -35.0549424114 ], [ -58.0246372071, -35.0570537965 ], [ -58.0214186073, -35.0591217111 ], [ -58.0181998464, -35.061189534 ], [ -58.0063314412, -35.0501424787 ], [ -57.9950221194, -35.0396040899 ], [ -57.9946952122, -35.0393063441 ], [ -57.994165838, -35.039737543 ], [ -57.9859141211, -35.0463884459 ], [ -57.981254096, -35.0494534802 ], [ -57.9795557722, -35.0508583022 ], [ -57.9683330541, -35.0660810374 ], [ -57.9579690753, -35.0762466698 ] ] ] ] } },
{ "type": "Feature", "properties": { "ZONA_COD": "AU-R4", "ZONA_DESC": "RESIDENCIAL 4", "AREA_TIPO": "Urbana", "DENOM": "Residencial 4", "FOS_MAX": "0.6", "FOT_RES": "0.8", "FOT_COM": null, "FOT_MIN": "NO", "DENS_RES": "250", "DENS_COM": null, "ALTURA_M": 9.0, "NIVELES": 3.0, "CUF_AV": null, "CUF_CAL": "200", "RET_FRENTE": "SI", "RET_FONDO": "SI", "RET_LATERA": "SI", "PARC_SUP_M": "375", "PARC_ANC_M": 15.0, "INC_PRM": "No aplica", "COLOR_HEX": "#6EBDEC" }, "bbox": [ -58.0974658155, -34.8610614853, -58.0712282288, -34.8499053566 ], "geometry": { "type": "MultiPolygon", "coordinates": [ [ [ [ -58.078389032, -34.855512251 ], [ -58.0775826954, -34.8548090693 ], [ -58.0775179451, -34.8548513986 ], [ -58.0771659756, -34.8551114241 ], [ -58.0768140322, -34.8553749641 ], [ -58.0765095847, -34.8553123785 ], [ -58.0762765758, -34.8554920019 ], [ -58.0763093156, -34.855522711 ], [ -58.0762383717, -34.8555785454 ], [ -58.0764134607, -34.8557312809 ], [ -58.0763375444, -34.8557893798 ], [ -58.0761248593, -34.8556079317 ], [ -58.0760510195, -34.8556660638 ], [ -58.0759309852, -34.8557548278 ], [ -58.0758259336, -34.8556603388 ], [ -58.0757132836, -34.8557465154 ], [ -58.0754275124, -34.8556894507 ], [ -58.075198625, -34.8558656216 ], [ -58.0754296051, -34.8560642144 ], [ -58.0753428412, -34.8561279988 ], [ -58.0753121995, -34.8561011082 ], [ -58.0750980835, -34.856267329 ], [ -58.075056006, -34.856233858 ], [ -58.0749044001, -34.8561056462 ], [ -58.0747569554, -34.856221102 ], [ -58.0744897776, -34.8561824438 ], [ -58.0742954934, -34.8563279784 ], [ -58.0743675552, -34.8563931073 ], [ -58.0742881208, -34.8564519607 ], [ -58.0743622294, -34.8565183837 ], [ -58.0742038022, -34.8566406034 ], [ -58.0741304481, -34.8565746435 ], [ -58.0740506791, -34.8566337622 ], [ -58.0738993808, -34.8565017687 ], [ -58.0737148075, -34.8566387148 ], [ -58.0735028535, -34.8566979909 ], [ -58.0732118086, -34.856923192 ], [ -58.0732912313, -34.8569867255 ], [ -58.0731234367, -34.8571167261 ], [ -58.0730462488, -34.8570510648 ], [ -58.0728134647, -34.8572345597 ], [ -58.0727628895, -34.8572745742 ], [ -58.0733208415, -34.8577546512 ], [ -58.0727672296, -34.857718368 ], [ -58.0725571489, -34.8577587952 ], [ -58.0723054817, -34.8577908893 ], [ -58.0717023981, -34.8578445627 ], [ -58.0715712815, -34.857925659 ], [ -58.0712920771, -34.8581350005 ], [ -58.0712282288, -34.8581797355 ], [ -58.074568444, -34.8610614853 ], [ -58.0759062476, -34.8600076247 ], [ -58.0775419804, -34.8587328644 ], [ -58.0815553156, -34.8555847588 ], [ -58.0818524327, -34.855836766 ], [ -58.0974658155, -34.8518682178 ], [ -58.0966408359, -34.8512455677 ], [ -58.0964719738, -34.8510617967 ], [ -58.0950689019, -34.8499053566 ], [ -58.0949502957, -34.8501416409 ], [ -58.0947667342, -34.8501894138 ], [ -58.0944940921, -34.8502584251 ], [ -58.0944657545, -34.8501852374 ], [ -58.0940133146, -34.8503016141 ], [ -58.0938598192, -34.850337891 ], [ -58.0929488491, -34.8505557374 ], [ -58.0927908292, -34.850516133 ], [ -58.0924997088, -34.8505868188 ], [ -58.0925324729, -34.850673491 ], [ -58.092426138, -34.8507003016 ], [ -58.09245784, -34.850785605 ], [ -58.0923534071, -34.8508105522 ], [ -58.0923224776, -34.8507249007 ], [ -58.092220776, -34.8507498911 ], [ -58.092188386, -34.8506612422 ], [ -58.0918787863, -34.8507367736 ], [ -58.0917664672, -34.8508617245 ], [ -58.0913121882, -34.8509722044 ], [ -58.0913403559, -34.8510542981 ], [ -58.0908760809, -34.8511667817 ], [ -58.0908151869, -34.8514175397 ], [ -58.0903761468, -34.8515260015 ], [ -58.090298994, -34.8513212924 ], [ -58.0898273544, -34.8514448314 ], [ -58.089688447, -34.8514759947 ], [ -58.0893812368, -34.8515566945 ], [ -58.0893871948, -34.8515732807 ], [ -58.0887845501, -34.8517359438 ], [ -58.0887270852, -34.8517506117 ], [ -58.0888429952, -34.8520629633 ], [ -58.0866693725, -34.8526216402 ], [ -58.0866944942, -34.8526901289 ], [ -58.0801381747, -34.854354891 ], [ -58.0800346888, -34.8542514195 ], [ -58.078389032, -34.855512251 ] ] ] ] } },
{ "type": "Feature", "properties": { "ZONA_COD": "AR-P", "ZONA_DESC": "PERIURBANO", "AREA_TIPO": "Rural", "DENOM": "Periurbano", "FOS_MAX": null, "FOT_RES": null, "FOT_COM": null, "FOT_MIN": null, "DENS_RES": null, "DENS_COM": null, "ALTURA_M": 0.0, "NIVELES": 0.0, "CUF_AV": null, "CUF_CAL": null, "RET_FRENTE": "SI", "RET_FONDO": "SI", "RET_LATERA": "SI", "PARC_SUP_M": "4 Ha", "PARC_ANC_M": 0.0, "INC_PRM": "No aplica", "COLOR_HEX": "#83AE7E" }, "bbox": [ -58.0660697931, -34.854970288, -58.0640952929, -34.8532015797 ], "geometry": { "type": "MultiPolygon", "coordinates": [ [ [ [ -58.0660697931, -34.8539952008 ], [ -58.0649694222, -34.8533912458 ], [ -58.0645537942, -34.8532015797 ], [ -58.0641494455, -34.8541784377 ], [ -58.0640952929, -34.854970288 ], [ -58.0660697931, -34.8539952008 ] ] ] ] } },
{ "type": "Feature", "properties": { "ZONA_COD": "AU-R5", "ZONA_DESC": "RESIDENCIAL 5", "AREA_TIPO": "Urbana", "DENOM": "Residencial 5", "FOS_MAX": "0.4", "FOT_RES": "0.8", "FOT_COM": null, "FOT_MIN": "NO", "DENS_RES": "200", "DENS_COM": null, "ALTURA_M": 9.0, "NIVELES": 3.0, "CUF_AV": "100", "CUF_CAL": "250", "RET_FRENTE": "SI", "RET_FONDO": "SI", "RET_LATERA": "SI", "PARC_SUP_M": "300", "PARC_ANC_M": 12.0, "INC_PRM": "No aplica", "COLOR_HEX": "#B3E0F5" }, "bbox": [ -58.0679663446, -34.8810478377, -58.0469766815, -34.8636682611 ], "geometry": { "type": "MultiPolygon", "coordinates": [ [ [ [ -58.050271498, -34.8641333859 ], [ -58.0502490123, -34.8640391181 ], [ -58.0499357424, -34.8639283792 ], [ -58.0497858021, -34.863999333 ], [ -58.0495529793, -34.8640286725 ], [ -58.0493513243, -34.8641271851 ], [ -58.0491400349, -34.864230859 ], [ -58.0489290548, -34.864330663 ], [ -58.0489023117, -34.8641251158 ], [ -58.0486078826, -34.864077762 ], [ -58.0484173055, -34.8641933033 ], [ -58.0482395149, -34.8641702608 ], [ -58.0478976494, -34.8643396086 ], [ -58.0474736811, -34.8643603766 ], [ -58.0472668154, -34.8642629666 ], [ -58.0470831217, -34.864360141 ], [ -58.0469766815, -34.8643574646 ], [ -58.0525035893, -34.8720704804 ], [ -58.0492707468, -34.8736453902 ], [ -58.0545926739, -34.8810478377 ], [ -58.0546514185, -34.8810181798 ], [ -58.0550099539, -34.880849262 ], [ -58.0550372933, -34.8808864696 ], [ -58.0553205267, -34.8807525741 ], [ -58.0554069543, -34.8808719267 ], [ -58.0557154334, -34.8807248264 ], [ -58.0559404951, -34.8807761912 ], [ -58.0562110138, -34.8806434431 ], [ -58.0562062447, -34.880636968 ], [ -58.0566912923, -34.8803990524 ], [ -58.0568130245, -34.8805611453 ], [ -58.056995032, -34.8804716807 ], [ -58.057198232, -34.8805086348 ], [ -58.0574410786, -34.8803898604 ], [ -58.0574122221, -34.880296303 ], [ -58.057615727, -34.8801948334 ], [ -58.0575458209, -34.8800982768 ], [ -58.0577348323, -34.8800038759 ], [ -58.0578068599, -34.88010326 ], [ -58.0578606762, -34.8802794075 ], [ -58.0579625865, -34.8802289456 ], [ -58.0579909187, -34.8803215929 ], [ -58.0582469413, -34.8802005045 ], [ -58.0582847237, -34.8800355536 ], [ -58.0587607411, -34.8797906358 ], [ -58.0588572492, -34.8799233047 ], [ -58.0593180312, -34.8796936421 ], [ -58.0593404288, -34.8793922712 ], [ -58.0602024173, -34.8789779518 ], [ -58.0607089847, -34.8796710548 ], [ -58.0611810614, -34.8794491354 ], [ -58.0613320314, -34.8793910715 ], [ -58.0620146618, -34.8790604862 ], [ -58.0618057152, -34.8787746214 ], [ -58.0621047272, -34.8786293359 ], [ -58.0622764239, -34.8788668414 ], [ -58.0626636639, -34.8786714116 ], [ -58.0628779148, -34.8787220506 ], [ -58.0639366668, -34.8784781077 ], [ -58.0639953179, -34.8786445056 ], [ -58.0640544861, -34.8788121743 ], [ -58.0642927543, -34.8787573903 ], [ -58.0644128291, -34.8786549414 ], [ -58.0649381078, -34.8785327181 ], [ -58.0648719573, -34.8783409665 ], [ -58.065405275, -34.8782162566 ], [ -58.0654492186, -34.8778344773 ], [ -58.0661031588, -34.877686269 ], [ -58.0662546496, -34.8781191936 ], [ -58.066608648, -34.878035063 ], [ -58.066751856, -34.877990658 ], [ -58.0668872112, -34.8779639716 ], [ -58.0667745972, -34.8776407147 ], [ -58.0671856251, -34.8775448731 ], [ -58.0671449254, -34.8774288686 ], [ -58.0674281633, -34.8773635284 ], [ -58.0676074144, -34.8778815172 ], [ -58.0678850486, -34.8778173479 ], [ -58.0679663446, -34.8778624804 ], [ -58.0663937478, -34.8733297794 ], [ -58.0639804359, -34.8739030388 ], [ -58.0628640904, -34.8707108988 ], [ -58.0592614369, -34.8715499699 ], [ -58.0580945072, -34.8717708209 ], [ -58.0578760816, -34.8718792782 ], [ -58.0566056516, -34.8701957213 ], [ -58.0565187564, -34.8700163632 ], [ -58.0553173341, -34.8683491442 ], [ -58.0552429809, -34.8682203946 ], [ -58.0546867565, -34.8674595025 ], [ -58.0539375942, -34.8664650861 ], [ -58.0538306244, -34.8662905493 ], [ -58.0527466427, -34.8647815516 ], [ -58.0526378967, -34.8646296166 ], [ -58.0519641219, -34.8636686379 ], [ -58.0518620057, -34.8636682611 ], [ -58.0515876343, -34.8637995873 ], [ -58.050271498, -34.8641333859 ] ], [ [ -58.0533959587, -34.8686055841 ], [ -58.0533518415, -34.8686716905 ], [ -58.0532988247, -34.8687284665 ], [ -58.0532221943, -34.8687982279 ], [ -58.0531480237, -34.8688496547 ], [ -58.0530427868, -34.8688863857 ], [ -58.0529215987, -34.8689120047 ], [ -58.0528037254, -34.8689259846 ], [ -58.0526840814, -34.8689290792 ], [ -58.052552677, -34.8689152818 ], [ -58.0524438914, -34.8688876483 ], [ -58.0523465622, -34.8688468371 ], [ -58.0522356444, -34.8687807531 ], [ -58.052162007, -34.8687236174 ], [ -58.052103623, -34.8686642208 ], [ -58.0520645834, -34.8686009589 ], [ -58.0520336278, -34.868538661 ], [ -58.0519945991, -34.8684319709 ], [ -58.051981138, -34.8683582615 ], [ -58.0519756629, -34.8682896918 ], [ -58.051982362, -34.8682204809 ], [ -58.0519972638, -34.8681472266 ], [ -58.0520284891, -34.8680692221 ], [ -58.0520686349, -34.8679997126 ], [ -58.0521218495, -34.8679345882 ], [ -58.052183088, -34.8678729325 ], [ -58.0522501288, -34.8678230624 ], [ -58.0523304554, -34.8677683944 ], [ -58.0524440506, -34.8677209408 ], [ -58.0525460112, -34.8676941787 ], [ -58.0526414418, -34.867686521 ], [ -58.0527376684, -34.8676880625 ], [ -58.052853957, -34.867698277 ], [ -58.0529578341, -34.8677191493 ], [ -58.0530393091, -34.8677446739 ], [ -58.0531275596, -34.8677836694 ], [ -58.0531744188, -34.8678161556 ], [ -58.0532441018, -34.867869051 ], [ -58.0533235219, -34.867938806 ], [ -58.0533829581, -34.8679965488 ], [ -58.0534259915, -34.8680623801 ], [ -58.0534546466, -34.8681363322 ], [ -58.05347099, -34.8682167685 ], [ -58.0534765064, -34.8682836691 ], [ -58.053476082, -34.8683446287 ], [ -58.0534704954, -34.8684096812 ], [ -58.0534580739, -34.8684637673 ], [ -58.0534331825, -34.8685310168 ], [ -58.0533959587, -34.8686055841 ] ], [ [ -58.0622384339, -34.8726921475 ], [ -58.0624309472, -34.8732113423 ], [ -58.0608961354, -34.8735810599 ], [ -58.0607077221, -34.8730602571 ], [ -58.0622384339, -34.8726921475 ] ] ] ] } },
{ "type": "Feature", "properties": { "ZONA_COD": "AR-P", "ZONA_DESC": "PERIURBANO", "AREA_TIPO": "Rural", "DENOM": "Periurbano", "FOS_MAX": null, "FOT_RES": null, "FOT_COM": null, "FOT_MIN": null, "DENS_RES": null, "DENS_COM": null, "ALTURA_M": 0.0, "NIVELES": 0.0, "CUF_AV": null, "CUF_CAL": null, "RET_FRENTE": "SI", "RET_FONDO": "SI", "RET_LATERA": "SI", "PARC_SUP_M": "4 Ha", "PARC_ANC_M": 0.0, "INC_PRM": "No aplica", "COLOR_HEX": "#83AE7E" }, "bbox": [ -58.1338197122, -34.9532953365, -58.0246870656, -34.8896985244 ], "geometry": { "type": "MultiPolygon", "coordinates": [ [ [ [ -58.0394936566, -34.9095097383 ], [ -58.0396526531, -34.9100074591 ], [ -58.0393987341, -34.9100441865 ], [ -58.0394284594, -34.9101835427 ], [ -58.039088209, -34.9102321646 ], [ -58.0390883627, -34.9102327581 ], [ -58.0390612635, -34.9102360155 ], [ -58.0390839821, -34.9103571443 ], [ -58.0391120788, -34.9103533626 ], [ -58.0392092613, -34.9108349172 ], [ -58.0382414352, -34.9112416914 ], [ -58.0381348799, -34.9112854389 ], [ -58.0370279026, -34.9100911689 ], [ -58.0368975324, -34.9101232 ], [ -58.0366209828, -34.9098259327 ], [ -58.0365412093, -34.9097233929 ], [ -58.0300944354, -34.9112276475 ], [ -58.029733899, -34.9114359287 ], [ -58.0248215664, -34.9141859602 ], [ -58.0246870656, -34.9142618891 ], [ -58.0247294272, -34.9142905505 ], [ -58.0279955041, -34.9183805619 ], [ -58.029545232, -34.9202799642 ], [ -58.0339928364, -34.9258320962 ], [ -58.0369273341, -34.9296326509 ], [ -58.0386045221, -34.9314489712 ], [ -58.0405122944, -34.9330461357 ], [ -58.0406281954, -34.9331720309 ], [ -58.0425786577, -34.9348158135 ], [ -58.0427340273, -34.9349488709 ], [ -58.0448355738, -34.9367318164 ], [ -58.0447520942, -34.9367952501 ], [ -58.0507336569, -34.9426796527 ], [ -58.0507617733, -34.9426594423 ], [ -58.05206423, -34.9439135343 ], [ -58.0534511051, -34.9452488558 ], [ -58.0545288562, -34.9463286582 ], [ -58.0548378741, -34.9466603228 ], [ -58.056488818, -34.9482249076 ], [ -58.0565389615, -34.9482856828 ], [ -58.0565891041, -34.9483464581 ], [ -58.0576770392, -34.949432349 ], [ -58.0578760223, -34.9496141892 ], [ -58.0604801783, -34.9521375223 ], [ -58.0606482382, -34.9523209813 ], [ -58.0616883824, -34.9532953365 ], [ -58.0895575893, -34.9313583915 ], [ -58.1027848117, -34.9209390477 ], [ -58.1028072965, -34.9208945753 ], [ -58.1026519746, -34.9208267979 ], [ -58.100662373, -34.918498847 ], [ -58.1005622182, -34.9183676854 ], [ -58.0997349129, -34.9173913391 ], [ -58.0995482811, -34.9168018129 ], [ -58.098762548, -34.9144702197 ], [ -58.0987709188, -34.9142686718 ], [ -58.0974903094, -34.9104188674 ], [ -58.0974504137, -34.9103007829 ], [ -58.0998939068, -34.9097198793 ], [ -58.1009468546, -34.9094803296 ], [ -58.1024831746, -34.9092099034 ], [ -58.1027872353, -34.9092987366 ], [ -58.1029608513, -34.90956046 ], [ -58.1028299118, -34.9102254116 ], [ -58.103142231, -34.9107257818 ], [ -58.1031308348, -34.9112210978 ], [ -58.1032660857, -34.9114719475 ], [ -58.1034053439, -34.9119100441 ], [ -58.1035954893, -34.9121430944 ], [ -58.1041710141, -34.9126165686 ], [ -58.104361682, -34.9130316741 ], [ -58.1046134428, -34.9131499673 ], [ -58.1054893896, -34.9131817457 ], [ -58.1059381037, -34.913375386 ], [ -58.1067357187, -34.9144217948 ], [ -58.1071908053, -34.9147528766 ], [ -58.1084712007, -34.9166083444 ], [ -58.1085258507, -34.9166857131 ], [ -58.1113780389, -34.9146136913 ], [ -58.125263234, -34.9044814866 ], [ -58.126865307, -34.9051859993 ], [ -58.1319684209, -34.9013266487 ], [ -58.1338197122, -34.8999525629 ], [ -58.1314158226, -34.8979429918 ], [ -58.1314163064, -34.8979270081 ], [ -58.1299654095, -34.8966978588 ], [ -58.1299287297, -34.8967074204 ], [ -58.1275999964, -34.8947673265 ], [ -58.1275282117, -34.8946974806 ], [ -58.1259948928, -34.8934311677 ], [ -58.1218359564, -34.8899442048 ], [ -58.1215524334, -34.8896985244 ], [ -58.1192782449, -34.8902394684 ], [ -58.1172848814, -34.8907142951 ], [ -58.1166418949, -34.8908656564 ], [ -58.1152568104, -34.8911916948 ], [ -58.1151422304, -34.8912135295 ], [ -58.1108042246, -34.8921625723 ], [ -58.1106178941, -34.892212848 ], [ -58.1073458583, -34.8929547402 ], [ -58.1057750026, -34.893327421 ], [ -58.1041573471, -34.893710981 ], [ -58.0945938764, -34.8959387114 ], [ -58.0945275478, -34.8959541591 ], [ -58.0945393028, -34.8959884214 ], [ -58.0853591871, -34.8982241918 ], [ -58.0803567388, -34.8993762044 ], [ -58.0792791693, -34.8996069615 ], [ -58.0783739279, -34.8998159558 ], [ -58.077468682, -34.9000249439 ], [ -58.0756055278, -34.9004543972 ], [ -58.0754849359, -34.9004821925 ], [ -58.0755166496, -34.9005887748 ], [ -58.0720002653, -34.901452856 ], [ -58.0702992345, -34.9017768116 ], [ -58.0695789063, -34.9019672403 ], [ -58.0650000099, -34.9030578212 ], [ -58.05558034, -34.905211675 ], [ -58.0478173831, -34.9071188358 ], [ -58.0457439835, -34.9076185108 ], [ -58.0456693775, -34.9076363416 ], [ -58.0453656945, -34.9077089232 ], [ -58.0454387896, -34.9079164724 ], [ -58.0454121696, -34.9079228351 ], [ -58.0453871946, -34.907951903 ], [ -58.0454222654, -34.9080369105 ], [ -58.0455458826, -34.9081134257 ], [ -58.0453231502, -34.9081660828 ], [ -58.0451229216, -34.9082134186 ], [ -58.0449043135, -34.9082654156 ], [ -58.0446884807, -34.9083156544 ], [ -58.0444763144, -34.9083638086 ], [ -58.0443690379, -34.9083893242 ], [ -58.0442617677, -34.9084148596 ], [ -58.0441523795, -34.9084397744 ], [ -58.0440429905, -34.9084646892 ], [ -58.0439354604, -34.9084896787 ], [ -58.0438279293, -34.9085146681 ], [ -58.0437212949, -34.9085410695 ], [ -58.0436145499, -34.9085671633 ], [ -58.0434534309, -34.9086094917 ], [ -58.0434438082, -34.9085846354 ], [ -58.0411891206, -34.9091126885 ], [ -58.0394936566, -34.9095097383 ] ] ] ] } },
{ "type": "Feature", "properties": { "ZONA_COD": "AR-DR", "ZONA_DESC": "DISTRITO DEP. RECREAT.", "AREA_TIPO": "Rural", "DENOM": "Deportivo Recreativo", "FOS_MAX": null, "FOT_RES": null, "FOT_COM": null, "FOT_MIN": null, "DENS_RES": null, "DENS_COM": null, "ALTURA_M": 0.0, "NIVELES": 0.0, "CUF_AV": null, "CUF_CAL": null, "RET_FRENTE": null, "RET_FONDO": null, "RET_LATERA": null, "PARC_SUP_M": null, "PARC_ANC_M": 0.0, "INC_PRM": null, "COLOR_HEX": "#BDE697" }, "bbox": [ -58.108110399, -34.9579716816, -58.092407182, -34.94612923 ], "geometry": { "type": "MultiPolygon", "coordinates": [ [ [ [ -58.0946497387, -34.9561329107 ], [ -58.0952839352, -34.9556380138 ], [ -58.0965925657, -34.9551522872 ], [ -58.097196884, -34.9547045463 ], [ -58.09780075, -34.9552162803 ], [ -58.0980097048, -34.9550552216 ], [ -58.099471301, -34.956274151 ], [ -58.0991989269, -34.9564978313 ], [ -58.1002714224, -34.9573853102 ], [ -58.100518834, -34.9571970182 ], [ -58.1012071166, -34.957784271 ], [ -58.102021575, -34.9578566413 ], [ -58.1043803843, -34.9579716816 ], [ -58.1066706186, -34.95728264 ], [ -58.1067176243, -34.9572491079 ], [ -58.106547237, -34.9570899054 ], [ -58.1074387502, -34.9564014177 ], [ -58.1072622151, -34.9562383095 ], [ -58.108110399, -34.9556134173 ], [ -58.1078924096, -34.9550129913 ], [ -58.1076934256, -34.9550562747 ], [ -58.107036487, -34.9532450087 ], [ -58.1078936282, -34.9530343991 ], [ -58.107531178, -34.9520666135 ], [ -58.1054571381, -34.9520342712 ], [ -58.1054380455, -34.9523043259 ], [ -58.1036501591, -34.9522174424 ], [ -58.1025105157, -34.950368796 ], [ -58.1024973623, -34.9488445431 ], [ -58.1041604506, -34.9489142622 ], [ -58.1041588795, -34.9489444767 ], [ -58.1044877067, -34.9489528548 ], [ -58.1048158757, -34.948961312 ], [ -58.104933096, -34.9489662952 ], [ -58.1052642686, -34.9489774117 ], [ -58.1055939097, -34.9489885021 ], [ -58.1055964009, -34.9489464696 ], [ -58.1077362369, -34.9490104483 ], [ -58.1079758937, -34.9488272834 ], [ -58.1077743619, -34.948626641 ], [ -58.106321562, -34.9473779431 ], [ -58.1050288891, -34.9462668325 ], [ -58.1048688053, -34.94612923 ], [ -58.1008576635, -34.9486982585 ], [ -58.0993678241, -34.9496395231 ], [ -58.0968606977, -34.9512894095 ], [ -58.092407182, -34.9541525181 ], [ -58.0925880501, -34.9543127476 ], [ -58.0939532758, -34.9555221658 ], [ -58.0945803488, -34.9560732794 ], [ -58.0946497387, -34.9561329107 ] ] ] ] } },
{ "type": "Feature", "properties": { "ZONA_COD": "AR-DR", "ZONA_DESC": "DISTRITO DEP. RECREAT.", "AREA_TIPO": "Rural", "DENOM": "Deportivo Recreativo", "FOS_MAX": null, "FOT_RES": null, "FOT_COM": null, "FOT_MIN": null, "DENS_RES": null, "DENS_COM": null, "ALTURA_M": 0.0, "NIVELES": 0.0, "CUF_AV": null, "CUF_CAL": null, "RET_FRENTE": null, "RET_FONDO": null, "RET_LATERA": null, "PARC_SUP_M": null, "PARC_ANC_M": 0.0, "INC_PRM": null, "COLOR_HEX": "#BDE697" }, "bbox": [ -58.0755166496, -34.901452856, -58.0635857892, -34.8852676258 ], "geometry": { "type": "MultiPolygon", "coordinates": [ [ [ [ -58.0706416478, -34.8865461848 ], [ -58.0708598701, -34.8871720392 ], [ -58.0686395537, -34.8876602029 ], [ -58.0678291809, -34.8852676258 ], [ -58.0635857892, -34.886294273 ], [ -58.0644364354, -34.8889126896 ], [ -58.0636566845, -34.8890977098 ], [ -58.0642333208, -34.8901117826 ], [ -58.0664686901, -34.8895950502 ], [ -58.0667953535, -34.8905405785 ], [ -58.0667925539, -34.8906600264 ], [ -58.0674554001, -34.8926145986 ], [ -58.0674910277, -34.8926353711 ], [ -58.0675809716, -34.8929048764 ], [ -58.0676691978, -34.8931727187 ], [ -58.0677153582, -34.8933173774 ], [ -58.0678945544, -34.8938577153 ], [ -58.0679362883, -34.893985901 ], [ -58.068216607, -34.8948451844 ], [ -58.0709372783, -34.8942071648 ], [ -58.0721175252, -34.8977024717 ], [ -58.0679353144, -34.8986595365 ], [ -58.0679531254, -34.8986948907 ], [ -58.0690227377, -34.9008179175 ], [ -58.0715698714, -34.9002237273 ], [ -58.0715782953, -34.9002475792 ], [ -58.0717551641, -34.900752821 ], [ -58.0719320346, -34.9012580619 ], [ -58.0720002653, -34.901452856 ], [ -58.0755166496, -34.9005887748 ], [ -58.0754849359, -34.9004821925 ], [ -58.0754707167, -34.9004344043 ], [ -58.0722222899, -34.8910994406 ], [ -58.0717499264, -34.8897202124 ], [ -58.071536618, -34.8890895143 ], [ -58.0716098327, -34.8890729362 ], [ -58.0735247735, -34.8886365653 ], [ -58.0735790719, -34.8886246646 ], [ -58.0727119492, -34.8860486375 ], [ -58.0706416478, -34.8865461848 ] ] ] ] } },
{ "type": "Feature", "properties": { "ZONA_COD": "AC-REX2", "ZONA_DESC": "RESID. EXTRAURBANO 2", "AREA_TIPO": "Complem.", "DENOM": "Resid. Extraurb. 2", "FOS_MAX": "0.3", "FOT_RES": "0.6", "FOT_COM": null, "FOT_MIN": null, "DENS_RES": "80", "DENS_COM": null, "ALTURA_M": 9.0, "NIVELES": 3.0, "CUF_AV": null, "CUF_CAL": null, "RET_FRENTE": "SI", "RET_FONDO": "SI", "RET_LATERA": "SI", "PARC_SUP_M": "600", "PARC_ANC_M": 20.0, "INC_PRM": "No aplica", "COLOR_HEX": "#E6F3D9" }, "bbox": [ -58.080758099, -34.9004821925, -58.0722222899, -34.889621501 ], "geometry": { "type": "MultiPolygon", "coordinates": [ [ [ [ -58.0806352192, -34.8993180102 ], [ -58.0799133883, -34.897303429 ], [ -58.0788483931, -34.8975411864 ], [ -58.0783396314, -34.896135921 ], [ -58.080758099, -34.8955922215 ], [ -58.0802278066, -34.8940613137 ], [ -58.0778280664, -34.8945954067 ], [ -58.0777718912, -34.8944332022 ], [ -58.0801724704, -34.893901559 ], [ -58.0790213139, -34.8905780694 ], [ -58.0781658032, -34.8907668425 ], [ -58.0780825539, -34.890515303 ], [ -58.0789336309, -34.8903249112 ], [ -58.0786900045, -34.889621501 ], [ -58.0722222899, -34.8910994406 ], [ -58.0754707167, -34.9004344043 ], [ -58.0754849359, -34.9004821925 ], [ -58.0756055278, -34.9004543972 ], [ -58.077468682, -34.9000249439 ], [ -58.0783739279, -34.8998159558 ], [ -58.0792791693, -34.8996069615 ], [ -58.0803567388, -34.8993762044 ], [ -58.0806352192, -34.8993180102 ] ] ] ] } },
{ "type": "Feature", "properties": { "ZONA_COD": "AR-IE", "ZONA_DESC": "INDUSTRIAL EXCLUSIVO", "AREA_TIPO": "Rural", "DENOM": "Industrial Exclusivo", "FOS_MAX": "0.6", "FOT_RES": null, "FOT_COM": "1.2", "FOT_MIN": null, "DENS_RES": null, "DENS_COM": null, "ALTURA_M": 6.0, "NIVELES": 2.0, "CUF_AV": null, "CUF_CAL": null, "RET_FRENTE": "SI", "RET_FONDO": "SI", "RET_LATERA": "SI", "PARC_SUP_M": "600", "PARC_ANC_M": 20.0, "INC_PRM": "No aplica", "COLOR_HEX": "#764E88" }, "bbox": [ -58.1625711675, -34.9878775931, -58.1325893362, -34.960069389 ], "geometry": { "type": "MultiPolygon", "coordinates": [ [ [ [ -58.1625711675, -34.9612180382 ], [ -58.1625138133, -34.9611865601 ], [ -58.1604183156, -34.960069389 ], [ -58.1463787895, -34.9700660469 ], [ -58.1325893362, -34.9808758736 ], [ -58.14070793, -34.9878775931 ], [ -58.1411660681, -34.9876071193 ], [ -58.1423502306, -34.9866689627 ], [ -58.1436519902, -34.9856476072 ], [ -58.1449838349, -34.9846309326 ], [ -58.146355043, -34.9835764514 ], [ -58.1476631141, -34.9825427104 ], [ -58.1482460123, -34.9820795433 ], [ -58.14886738, -34.9815896386 ], [ -58.1489519154, -34.9815219987 ], [ -58.1503032646, -34.9804403122 ], [ -58.1516779818, -34.9793842896 ], [ -58.1529962179, -34.9783501924 ], [ -58.1533152731, -34.9780826063 ], [ -58.1538058838, -34.9778451161 ], [ -58.1545280511, -34.9772669662 ], [ -58.1554549797, -34.976507263 ], [ -58.1562404997, -34.9758762618 ], [ -58.1570260071, -34.9752452552 ], [ -58.1578115029, -34.9746142432 ], [ -58.1585968772, -34.9739832248 ], [ -58.1593823487, -34.9733522011 ], [ -58.1594916065, -34.9732597697 ], [ -58.16081477, -34.9715117062 ], [ -58.161056997, -34.9714215582 ], [ -58.1611569728, -34.9714487671 ], [ -58.1617665342, -34.9687626244 ], [ -58.1616067076, -34.9679210712 ], [ -58.1616842984, -34.9641853288 ], [ -58.1621933291, -34.9624658988 ], [ -58.1625711675, -34.9612180382 ] ] ] ] } },
{ "type": "Feature", "properties": { "ZONA_COD": "AR-AI", "ZONA_DESC": "AGROINDUSTRIAL", "AREA_TIPO": "Rural", "DENOM": "Agroindustrial", "FOS_MAX": "0.5", "FOT_RES": null, "FOT_COM": "0.8", "FOT_MIN": null, "DENS_RES": "1 vivienda asociada al uso principal", "DENS_COM": null, "ALTURA_M": 0.0, "NIVELES": 0.0, "CUF_AV": null, "CUF_CAL": null, "RET_FRENTE": "SI", "RET_FONDO": "SI", "RET_LATERA": "SI", "PARC_SUP_M": "4 Ha", "PARC_ANC_M": 0.0, "INC_PRM": "No aplica", "COLOR_HEX": "#B0A0C9" }, "bbox": [ -58.0277037451, -35.039737543, -57.9889211195, -35.0058883229 ], "geometry": { "type": "MultiPolygon", "coordinates": [ [ [ [ -58.0225381427, -35.0058883229 ], [ -58.0207244674, -35.0059734482 ], [ -57.9954266974, -35.024862384 ], [ -57.9941665332, -35.0263235782 ], [ -57.9889211195, -35.0352823663 ], [ -57.9889927307, -35.0353449294 ], [ -57.9939341052, -35.0395350012 ], [ -57.994165838, -35.039737543 ], [ -57.9946952122, -35.0393063441 ], [ -58.0109240262, -35.0260838252 ], [ -58.0110470355, -35.0258799417 ], [ -58.0115771418, -35.0242725052 ], [ -58.011815025, -35.0234825515 ], [ -58.0124819902, -35.0223353664 ], [ -58.0140630361, -35.0208603694 ], [ -58.0277037451, -35.010657613 ], [ -58.0227450731, -35.0060764062 ], [ -58.0225381427, -35.0058883229 ] ] ] ] } },
{ "type": "Feature", "properties": { "ZONA_COD": "AU-R5", "ZONA_DESC": "RESIDENCIAL 5", "AREA_TIPO": "Urbana", "DENOM": "Residencial 5", "FOS_MAX": "0.4", "FOT_RES": "0.8", "FOT_COM": null, "FOT_MIN": "NO", "DENS_RES": "200", "DENS_COM": null, "ALTURA_M": 9.0, "NIVELES": 3.0, "CUF_AV": "100", "CUF_CAL": "250", "RET_FRENTE": "SI", "RET_FONDO": "SI", "RET_LATERA": "SI", "PARC_SUP_M": "300", "PARC_ANC_M": 12.0, "INC_PRM": "No aplica", "COLOR_HEX": "#B3E0F5" }, "bbox": [ -58.0520538824, -34.8880242979, -58.0196469653, -34.8730384567 ], "geometry": { "type": "MultiPolygon", "coordinates": [ [ [ [ -58.0411066519, -34.8835636587 ], [ -58.0412782335, -34.8835319981 ], [ -58.0417384526, -34.8840282692 ], [ -58.0425519046, -34.8838339572 ], [ -58.0426516413, -34.8836662381 ], [ -58.0437125409, -34.8834198041 ], [ -58.0438417276, -34.883372587 ], [ -58.0449110692, -34.8831342091 ], [ -58.044880137, -34.8826995047 ], [ -58.045168948, -34.8826358381 ], [ -58.0449927438, -34.8821194896 ], [ -58.0455325862, -34.881993982 ], [ -58.0457695719, -34.8826777618 ], [ -58.0460591833, -34.8826125735 ], [ -58.0461410153, -34.8828470349 ], [ -58.0466645673, -34.88272144 ], [ -58.0467816986, -34.8827306221 ], [ -58.047546724, -34.8825496938 ], [ -58.0471090087, -34.8816638832 ], [ -58.0473310693, -34.8816108547 ], [ -58.047640651, -34.8821990967 ], [ -58.0478830003, -34.882139093 ], [ -58.0480216848, -34.8823883446 ], [ -58.0483906433, -34.8822974798 ], [ -58.0486355773, -34.8823682394 ], [ -58.0495394319, -34.8819586666 ], [ -58.0497216363, -34.8820696591 ], [ -58.0499079435, -34.8819791927 ], [ -58.0499628363, -34.8820582089 ], [ -58.0500630685, -34.8820096194 ], [ -58.0501158838, -34.882084006 ], [ -58.0506119895, -34.8818420569 ], [ -58.0508614821, -34.8818394767 ], [ -58.0520538824, -34.8815866629 ], [ -58.0471128668, -34.8747003552 ], [ -58.0441039924, -34.8761918422 ], [ -58.0456040814, -34.8782701089 ], [ -58.0455099691, -34.8782940263 ], [ -58.0451457653, -34.8783833371 ], [ -58.0450402244, -34.8784067842 ], [ -58.0449346818, -34.8784303204 ], [ -58.0444505111, -34.8785426628 ], [ -58.0443752288, -34.8785629012 ], [ -58.0442999475, -34.8785831386 ], [ -58.0441286392, -34.8786245416 ], [ -58.0439573301, -34.8786659446 ], [ -58.043781679, -34.8787059698 ], [ -58.0436060279, -34.8787459959 ], [ -58.0423198337, -34.8790531477 ], [ -58.0416767339, -34.8792067186 ], [ -58.0410336305, -34.8793602859 ], [ -58.0393480663, -34.8797442407 ], [ -58.0376624876, -34.8801281712 ], [ -58.0376600334, -34.8799623074 ], [ -58.0376575791, -34.8797964446 ], [ -58.0375420405, -34.8795963112 ], [ -58.0373983163, -34.8794317713 ], [ -58.0372394816, -34.8793278195 ], [ -58.037080647, -34.8792238669 ], [ -58.0368945907, -34.8791149689 ], [ -58.0367085345, -34.8790060709 ], [ -58.0365927863, -34.8789321034 ], [ -58.0364770391, -34.878858136 ], [ -58.0362818745, -34.8787873917 ], [ -58.0361379398, -34.878746764 ], [ -58.0359940051, -34.8787061362 ], [ -58.0357709759, -34.8786574712 ], [ -58.0356431706, -34.8786283691 ], [ -58.0355153661, -34.878599267 ], [ -58.0353992412, -34.8785182174 ], [ -58.0352831171, -34.8784371687 ], [ -58.0351286801, -34.878325535 ], [ -58.0349742441, -34.8782139004 ], [ -58.0348527582, -34.878126095 ], [ -58.0347312742, -34.8780382906 ], [ -58.0346242279, -34.8779250786 ], [ -58.0345171825, -34.8778118674 ], [ -58.034415828, -34.8777650766 ], [ -58.0343657088, -34.8777205575 ], [ -58.0343155887, -34.8776760374 ], [ -58.0342130165, -34.8776804171 ], [ -58.0341302537, -34.8777001671 ], [ -58.0340474909, -34.8777199162 ], [ -58.0339509118, -34.8777206069 ], [ -58.0338496176, -34.877735551 ], [ -58.0337449922, -34.8777205206 ], [ -58.0336289185, -34.8776810619 ], [ -58.0335432896, -34.8776030727 ], [ -58.0333113733, -34.8774686439 ], [ -58.0331114999, -34.8773662758 ], [ -58.0328847304, -34.8772499539 ], [ -58.0326807885, -34.8770889393 ], [ -58.0325639773, -34.8769428543 ], [ -58.0324346351, -34.8766343464 ], [ -58.0324372692, -34.876487131 ], [ -58.0324081752, -34.8763680598 ], [ -58.0323077623, -34.8762222393 ], [ -58.0322007034, -34.8761258787 ], [ -58.0318977416, -34.8759902061 ], [ -58.0316734336, -34.8759955858 ], [ -58.0314212601, -34.8760230448 ], [ -58.0313021961, -34.8759715487 ], [ -58.0311337405, -34.8756984552 ], [ -58.0309194123, -34.8755147399 ], [ -58.03060729, -34.8752511333 ], [ -58.0305549477, -34.8752069272 ], [ -58.0303327, -34.874896912 ], [ -58.0300621237, -34.874550065 ], [ -58.0299098559, -34.8742862444 ], [ -58.0299350513, -34.8741469637 ], [ -58.0299769111, -34.8739966888 ], [ -58.0300187709, -34.8738464139 ], [ -58.0300284279, -34.8736708329 ], [ -58.0300380857, -34.873495252 ], [ -58.0300326286, -34.8733802584 ], [ -58.0300271715, -34.8732652648 ], [ -58.0300263199, -34.8731863951 ], [ -58.0300254673, -34.8731075246 ], [ -58.0300236759, -34.8730780061 ], [ -58.0298894215, -34.8731080228 ], [ -58.0290303297, -34.8733104773 ], [ -58.0289513296, -34.8731933901 ], [ -58.0286251725, -34.8732695698 ], [ -58.0283948193, -34.8730384567 ], [ -58.028173479, -34.8730892998 ], [ -58.0282229732, -34.8731826576 ], [ -58.0276133857, -34.8733269646 ], [ -58.0274777797, -34.8733868576 ], [ -58.0272903924, -34.8734262641 ], [ -58.0273871496, -34.8735826634 ], [ -58.0267171691, -34.8737372506 ], [ -58.0265753307, -34.8739525914 ], [ -58.0261612199, -34.8740436487 ], [ -58.0262548033, -34.8741909855 ], [ -58.026065076, -34.8742366603 ], [ -58.0261530127, -34.8743731801 ], [ -58.0250226125, -34.8746341939 ], [ -58.0248771184, -34.874636426 ], [ -58.0244334576, -34.8747328549 ], [ -58.0245649475, -34.8749456966 ], [ -58.0237026497, -34.8753127117 ], [ -58.02360847, -34.8751676169 ], [ -58.02323428, -34.8753265442 ], [ -58.023142426, -34.875364242 ], [ -58.0231572792, -34.875387431 ], [ -58.0247557387, -34.8778829031 ], [ -58.0220608752, -34.8790392019 ], [ -58.0227078403, -34.8800282421 ], [ -58.0196469653, -34.8813702491 ], [ -58.0203821422, -34.8822569951 ], [ -58.0211630775, -34.8831625287 ], [ -58.0212528793, -34.883295614 ], [ -58.021636031, -34.8837496116 ], [ -58.0217617094, -34.8838764034 ], [ -58.0243581529, -34.8869648264 ], [ -58.0243174901, -34.8870467843 ], [ -58.0245674935, -34.8873535664 ], [ -58.0246443118, -34.8875848945 ], [ -58.0247411661, -34.8878313501 ], [ -58.0247997749, -34.8880242979 ], [ -58.0249079804, -34.8879377696 ], [ -58.0251738776, -34.8878914428 ], [ -58.0255220654, -34.8877656142 ], [ -58.0257461297, -34.8878037706 ], [ -58.0260360666, -34.8877354824 ], [ -58.0260048421, -34.8876462957 ], [ -58.0263883598, -34.8875568159 ], [ -58.0263305002, -34.887396902 ], [ -58.0267606135, -34.8872934881 ], [ -58.02683157, -34.8874911951 ], [ -58.027144821, -34.8874175154 ], [ -58.0273310013, -34.8874528012 ], [ -58.0274473196, -34.8874275626 ], [ -58.0273561005, -34.8871623867 ], [ -58.0274508027, -34.8871400422 ], [ -58.0275129935, -34.8873156168 ], [ -58.0276202458, -34.8872898701 ], [ -58.0276501896, -34.8873777744 ], [ -58.0280676945, -34.8872755925 ], [ -58.0281834192, -34.8872431342 ], [ -58.0286108157, -34.8871434551 ], [ -58.0286138653, -34.8871531471 ], [ -58.0289430838, -34.8870747649 ], [ -58.0283425561, -34.8851970758 ], [ -58.0291344352, -34.8850116536 ], [ -58.0294303958, -34.8858996433 ], [ -58.0295126937, -34.8861172693 ], [ -58.0302721855, -34.8859464557 ], [ -58.0305620847, -34.8864429471 ], [ -58.0310063713, -34.8863410089 ], [ -58.0310290253, -34.8864045514 ], [ -58.0313992717, -34.8863161921 ], [ -58.0315182574, -34.8866649978 ], [ -58.0317101709, -34.8866204319 ], [ -58.0316762377, -34.8862319095 ], [ -58.0322985173, -34.8860911233 ], [ -58.0323206388, -34.8861541154 ], [ -58.0325390733, -34.8861026787 ], [ -58.0326004485, -34.8862807606 ], [ -58.0329344989, -34.8862012741 ], [ -58.032999439, -34.8859224977 ], [ -58.0338609418, -34.8857250138 ], [ -58.0339509676, -34.8859906169 ], [ -58.0341580239, -34.8859438584 ], [ -58.034313246, -34.8859059952 ], [ -58.0346347248, -34.8858307165 ], [ -58.0345412888, -34.8855704662 ], [ -58.0349630835, -34.8854711235 ], [ -58.0350220934, -34.8856385323 ], [ -58.0353277271, -34.8855717918 ], [ -58.0354688001, -34.8855126452 ], [ -58.0358708762, -34.8854237958 ], [ -58.0358413902, -34.8853392352 ], [ -58.0361030326, -34.8852781263 ], [ -58.0361362077, -34.8853639171 ], [ -58.0365236069, -34.8852759095 ], [ -58.0366798164, -34.885237789 ], [ -58.0370742114, -34.8851452964 ], [ -58.0370443368, -34.8850586575 ], [ -58.0373071952, -34.8849969344 ], [ -58.0373371768, -34.885083665 ], [ -58.0377315709, -34.8849911697 ], [ -58.037835037, -34.8847886253 ], [ -58.0386775129, -34.8845900784 ], [ -58.0387713994, -34.88487791 ], [ -58.0389817094, -34.8848275012 ], [ -58.0391331984, -34.8847670407 ], [ -58.0393429734, -34.8847160824 ], [ -58.0392566169, -34.8844564904 ], [ -58.0396789412, -34.8843620067 ], [ -58.039706992, -34.8844518598 ], [ -58.040135509, -34.884354501 ], [ -58.040260334, -34.8843299279 ], [ -58.0405066215, -34.884279556 ], [ -58.0403306916, -34.8837389627 ], [ -58.0411066519, -34.8835636587 ] ] ] ] } },
{ "type": "Feature", "properties": { "ZONA_COD": "AU-R5", "ZONA_DESC": "RESIDENCIAL 5", "AREA_TIPO": "Urbana", "DENOM": "Residencial 5", "FOS_MAX": "0.4", "FOT_RES": "0.8", "FOT_COM": null, "FOT_MIN": "NO", "DENS_RES": "200", "DENS_COM": null, "ALTURA_M": 9.0, "NIVELES": 3.0, "CUF_AV": "100", "CUF_CAL": "250", "RET_FRENTE": "SI", "RET_FONDO": "SI", "RET_LATERA": "SI", "PARC_SUP_M": "300", "PARC_ANC_M": 12.0, "INC_PRM": "No aplica", "COLOR_HEX": "#B3E0F5" }, "bbox": [ -58.0688393632, -34.8952936178, -58.0195117828, -34.8785442771 ], "geometry": { "type": "MultiPolygon", "coordinates": [ [ [ [ -58.0195117828, -34.8899396542 ], [ -58.0213485519, -34.8921530728 ], [ -58.0222086896, -34.893159684 ], [ -58.022330983, -34.8933402382 ], [ -58.0239473327, -34.8952936178 ], [ -58.0253554786, -34.8946479801 ], [ -58.0484382669, -34.8892330173 ], [ -58.0471319648, -34.8855081153 ], [ -58.0498727665, -34.8848698898 ], [ -58.050612002, -34.8846650279 ], [ -58.0598675026, -34.8824976671 ], [ -58.0600914041, -34.8824578128 ], [ -58.0645384059, -34.8814057535 ], [ -58.0647683851, -34.8813429133 ], [ -58.0688393632, -34.8803956646 ], [ -58.06818712, -34.8785442771 ], [ -58.0681704799, -34.8786582203 ], [ -58.0678111378, -34.8787416387 ], [ -58.0679155419, -34.8790421445 ], [ -58.0673458339, -34.879170252 ], [ -58.067458394, -34.8794960314 ], [ -58.0675000029, -34.8796292633 ], [ -58.0675381917, -34.8797404501 ], [ -58.0673496345, -34.8797832344 ], [ -58.0672550132, -34.8794900033 ], [ -58.0671898429, -34.879470943 ], [ -58.0671027031, -34.8794560386 ], [ -58.0670154572, -34.8794456388 ], [ -58.0669443991, -34.8794445084 ], [ -58.0668405445, -34.8794428563 ], [ -58.0667318506, -34.8794610451 ], [ -58.0666056343, -34.8790974663 ], [ -58.0661924237, -34.8791974169 ], [ -58.0661620491, -34.8791122188 ], [ -58.0659503811, -34.8791658984 ], [ -58.0660730333, -34.879508782 ], [ -58.0659149856, -34.8795470023 ], [ -58.0657567193, -34.8792771814 ], [ -58.0653279603, -34.8793778722 ], [ -58.0655328717, -34.8799764816 ], [ -58.0652354686, -34.880039159 ], [ -58.0648946715, -34.8801148432 ], [ -58.0645824979, -34.879240373 ], [ -58.0641929089, -34.8793215872 ], [ -58.0643665644, -34.8798256123 ], [ -58.0639880523, -34.8799146622 ], [ -58.0638909552, -34.8796342779 ], [ -58.0635766215, -34.8797380471 ], [ -58.0634009029, -34.8798348321 ], [ -58.0627038321, -34.8801515877 ], [ -58.0628595111, -34.8806011651 ], [ -58.06204019, -34.8807910579 ], [ -58.0621350145, -34.8810655498 ], [ -58.0618575377, -34.8811316905 ], [ -58.0619712768, -34.881457674 ], [ -58.0614482104, -34.8815871287 ], [ -58.061118366, -34.8806515361 ], [ -58.0603698423, -34.8808302908 ], [ -58.0601103726, -34.8807165607 ], [ -58.0595358866, -34.8809910941 ], [ -58.0596099269, -34.8810933928 ], [ -58.0592360778, -34.8812766801 ], [ -58.0592946515, -34.8813576433 ], [ -58.0591540839, -34.8814242525 ], [ -58.0591671043, -34.8814472608 ], [ -58.0591530074, -34.8814514516 ], [ -58.0588233177, -34.8810079231 ], [ -58.0583475224, -34.8811222575 ], [ -58.0583613783, -34.8811376197 ], [ -58.0581351853, -34.8812504433 ], [ -58.0579224866, -34.8809617177 ], [ -58.0576475054, -34.8810982744 ], [ -58.0576187316, -34.8813171712 ], [ -58.0568349805, -34.8815144473 ], [ -58.0567516593, -34.8812815913 ], [ -58.0563827241, -34.8813720316 ], [ -58.0561515228, -34.8813444521 ], [ -58.0558810094, -34.8814072661 ], [ -58.0560554194, -34.8816450936 ], [ -58.0557887417, -34.8817075183 ], [ -58.0557340872, -34.8817202527 ], [ -58.0556661191, -34.8817536184 ], [ -58.0556250623, -34.8816455091 ], [ -58.0555109842, -34.8817017231 ], [ -58.055473648, -34.8815967641 ], [ -58.0551678371, -34.8817465201 ], [ -58.0548521778, -34.8815623956 ], [ -58.0545693473, -34.8816929619 ], [ -58.0546053795, -34.8818021351 ], [ -58.0542476733, -34.8819680915 ], [ -58.0542135674, -34.8818607502 ], [ -58.0538936354, -34.8820109082 ], [ -58.0538029711, -34.8821361676 ], [ -58.0530544906, -34.8823257824 ], [ -58.0528582018, -34.882046774 ], [ -58.0525108459, -34.8821307896 ], [ -58.0523743594, -34.88214933 ], [ -58.0521230663, -34.8822130749 ], [ -58.0520156486, -34.8822371281 ], [ -58.0525472702, -34.8829925784 ], [ -58.052113511, -34.8830951245 ], [ -58.0516532668, -34.882443376 ], [ -58.0513556604, -34.8825138558 ], [ -58.0511860861, -34.8825672828 ], [ -58.0509636549, -34.8826684376 ], [ -58.0508626476, -34.8827127796 ], [ -58.0507659291, -34.8827515125 ], [ -58.0510635444, -34.8831761642 ], [ -58.0506024827, -34.8832677233 ], [ -58.0503586145, -34.8829395382 ], [ -58.0501681533, -34.8829174806 ], [ -58.0498247859, -34.8830823919 ], [ -58.0498330453, -34.8830938799 ], [ -58.049636065, -34.88313605 ], [ -58.0495244609, -34.8829808711 ], [ -58.0494103369, -34.8830063471 ], [ -58.049351032, -34.8829242848 ], [ -58.0490899076, -34.8829827282 ], [ -58.0491902216, -34.8834350377 ], [ -58.0487585182, -34.8836770237 ], [ -58.0483376508, -34.8837751676 ], [ -58.0480203978, -34.8833258618 ], [ -58.0477242906, -34.8833928424 ], [ -58.0478196287, -34.8836483371 ], [ -58.0478273637, -34.883681987 ], [ -58.0476128062, -34.8837319821 ], [ -58.0475264812, -34.8834838421 ], [ -58.0471049392, -34.8835827819 ], [ -58.0469572841, -34.8837126179 ], [ -58.0465381478, -34.8838161002 ], [ -58.0465519497, -34.8838567865 ], [ -58.0462135465, -34.8839362416 ], [ -58.0459349608, -34.8837480944 ], [ -58.045764783, -34.8837897879 ], [ -58.0458009555, -34.8838879714 ], [ -58.045710589, -34.8839122926 ], [ -58.0457398709, -34.8839873851 ], [ -58.0456424069, -34.8840112315 ], [ -58.0457316223, -34.8842525709 ], [ -58.0452669462, -34.884311517 ], [ -58.0450595913, -34.8843620742 ], [ -58.0448547015, -34.8844147438 ], [ -58.0444328241, -34.8845136684 ], [ -58.0443519607, -34.8842800335 ], [ -58.0440954497, -34.884337278 ], [ -58.0439535106, -34.8844010535 ], [ -58.0436423488, -34.8844707554 ], [ -58.0436543629, -34.8845083498 ], [ -58.0433208529, -34.8845841797 ], [ -58.0434587324, -34.8849684259 ], [ -58.0434640618, -34.8849788751 ], [ -58.0433199185, -34.8849233833 ], [ -58.0432713047, -34.8848979972 ], [ -58.0430496884, -34.8847913934 ], [ -58.0428793766, -34.8847853419 ], [ -58.0425522815, -34.8848627159 ], [ -58.0419929544, -34.8849879861 ], [ -58.0419341558, -34.8848249102 ], [ -58.0417269134, -34.8848705967 ], [ -58.0415746132, -34.8847993803 ], [ -58.0413643958, -34.8848460092 ], [ -58.0413967812, -34.8849468367 ], [ -58.0410887958, -34.8850161331 ], [ -58.0405749259, -34.8851291527 ], [ -58.0404085243, -34.8851635994 ], [ -58.0400938794, -34.885236931 ], [ -58.0401288622, -34.8853250943 ], [ -58.0394001226, -34.8854961058 ], [ -58.0392300959, -34.8855495983 ], [ -58.0390716326, -34.8855812877 ], [ -58.038914861, -34.8856200341 ], [ -58.0387631382, -34.8856534538 ], [ -58.0387125801, -34.8856639031 ], [ -58.0384964308, -34.8857114232 ], [ -58.038335498, -34.885750372 ], [ -58.0381884903, -34.8857878323 ], [ -58.0380100405, -34.8857861227 ], [ -58.037368957, -34.8859270852 ], [ -58.0373581615, -34.8859027585 ], [ -58.0369386413, -34.8859984509 ], [ -58.0368164306, -34.8860601021 ], [ -58.0357343663, -34.8863020773 ], [ -58.0355958087, -34.886347422 ], [ -58.0347732942, -34.8865379775 ], [ -58.0345431118, -34.8865913019 ], [ -58.0344043958, -34.8866203312 ], [ -58.033717973, -34.8867770326 ], [ -58.0333505694, -34.8868608485 ], [ -58.033133884, -34.8867792063 ], [ -58.0329360709, -34.8868234979 ], [ -58.0330409238, -34.8871185412 ], [ -58.0328278744, -34.8871688052 ], [ -58.032767502, -34.8869990303 ], [ -58.0326595897, -34.8870250405 ], [ -58.03268835, -34.8871077871 ], [ -58.0325851959, -34.8871314411 ], [ -58.0325554904, -34.8870470568 ], [ -58.0324487058, -34.8870716433 ], [ -58.0324175488, -34.8869839019 ], [ -58.0323068864, -34.8870105884 ], [ -58.0322961395, -34.8869796832 ], [ -58.032092702, -34.8870258652 ], [ -58.0320733027, -34.8869679632 ], [ -58.0319734501, -34.8869907691 ], [ -58.0318580446, -34.887023687 ], [ -58.0316083335, -34.8870794836 ], [ -58.0316398961, -34.887168494 ], [ -58.0315346367, -34.8871932847 ], [ -58.0315632226, -34.8872741356 ], [ -58.0314598455, -34.8872979658 ], [ -58.0314911401, -34.8873844482 ], [ -58.0308516655, -34.8875303587 ], [ -58.0307394274, -34.8874030012 ], [ -58.0296669247, -34.8876553501 ], [ -58.0295249964, -34.8876767504 ], [ -58.029104254, -34.8877770814 ], [ -58.0292503605, -34.8882080689 ], [ -58.0290351006, -34.888259101 ], [ -58.0288892072, -34.8878283878 ], [ -58.0284651642, -34.8879294743 ], [ -58.0282817691, -34.8879468663 ], [ -58.0279691647, -34.8880255165 ], [ -58.0280567668, -34.8882773851 ], [ -58.0274423509, -34.888426838 ], [ -58.0274314061, -34.888395118 ], [ -58.0271214773, -34.8884669604 ], [ -58.027129046, -34.8884888921 ], [ -58.0269380219, -34.8885371606 ], [ -58.027114575, -34.8890575038 ], [ -58.026682958, -34.8891639583 ], [ -58.0264561453, -34.8884997757 ], [ -58.0260784687, -34.8885917836 ], [ -58.0258891606, -34.8885225592 ], [ -58.0256754295, -34.8885690145 ], [ -58.0256799144, -34.888582695 ], [ -58.0254657364, -34.8886295029 ], [ -58.025509286, -34.8887566509 ], [ -58.0253024671, -34.8888021359 ], [ -58.025321164, -34.8888572338 ], [ -58.0249004036, -34.8889533146 ], [ -58.0246920919, -34.8888583408 ], [ -58.0236373742, -34.8891041319 ], [ -58.0234629677, -34.8892061743 ], [ -58.0217825512, -34.8896102991 ], [ -58.0216535803, -34.8896411152 ], [ -58.0214427999, -34.8896920268 ], [ -58.0215697887, -34.8900429539 ], [ -58.0210330841, -34.8901708384 ], [ -58.0208544149, -34.8896855094 ], [ -58.0207649369, -34.8897315457 ], [ -58.0207324048, -34.8896423365 ], [ -58.0206251624, -34.8897039455 ], [ -58.0205817539, -34.8895940115 ], [ -58.0204003085, -34.8897031667 ], [ -58.0203252655, -34.8898267614 ], [ -58.0200607002, -34.8899767386 ], [ -58.0199976811, -34.8899046067 ], [ -58.0199341413, -34.8899407909 ], [ -58.0198996748, -34.8898547951 ], [ -58.0197946835, -34.8899091393 ], [ -58.019752597, -34.8897942698 ], [ -58.0195815001, -34.8898869197 ], [ -58.019581251, -34.88988698 ], [ -58.0195117828, -34.8899396542 ] ] ] ] } },
{ "type": "Feature", "properties": { "ZONA_COD": "AU-R4", "ZONA_DESC": "RESIDENCIAL 4", "AREA_TIPO": "Urbana", "DENOM": "Residencial 4", "FOS_MAX": "0.6", "FOT_RES": "0.8", "FOT_COM": null, "FOT_MIN": "NO", "DENS_RES": "250", "DENS_COM": null, "ALTURA_M": 9.0, "NIVELES": 3.0, "CUF_AV": null, "CUF_CAL": "200", "RET_FRENTE": "SI", "RET_FONDO": "SI", "RET_LATERA": "SI", "PARC_SUP_M": "375", "PARC_ANC_M": 15.0, "INC_PRM": "No aplica", "COLOR_HEX": "#6EBDEC" }, "bbox": [ -58.0188462656, -34.8925663994, -58.0018989455, -34.8835380919 ], "geometry": { "type": "MultiPolygon", "coordinates": [ [ [ [ -58.0018989455, -34.8871196896 ], [ -58.0034639331, -34.8885828218 ], [ -58.0043786174, -34.8896075552 ], [ -58.0068710165, -34.8925663994 ], [ -58.0082840106, -34.8918137199 ], [ -58.0084335975, -34.8919467566 ], [ -58.0085481838, -34.891866895 ], [ -58.0089664548, -34.891839052 ], [ -58.0092862223, -34.8916008747 ], [ -58.0092798038, -34.8915949113 ], [ -58.0094412294, -34.8914776055 ], [ -58.0094690823, -34.891501853 ], [ -58.0097924372, -34.8912644536 ], [ -58.0099089156, -34.8913690097 ], [ -58.0102350142, -34.8911221008 ], [ -58.0102494609, -34.8911353145 ], [ -58.0104881608, -34.8909657402 ], [ -58.0100294247, -34.8905537652 ], [ -58.0102705491, -34.8903743172 ], [ -58.0112835338, -34.8912835489 ], [ -58.0115646196, -34.8910771743 ], [ -58.0115653418, -34.891077007 ], [ -58.0117121336, -34.891208192 ], [ -58.0119183841, -34.8910552065 ], [ -58.0122931145, -34.8911456001 ], [ -58.0124541858, -34.8910291846 ], [ -58.0124202364, -34.8909356246 ], [ -58.0125149269, -34.8908641752 ], [ -58.0124800647, -34.8907676267 ], [ -58.0126159181, -34.8906673802 ], [ -58.0128323804, -34.890862248 ], [ -58.0131366094, -34.8906328175 ], [ -58.0133006151, -34.8907805041 ], [ -58.013502244, -34.8906285214 ], [ -58.013729527, -34.8906511618 ], [ -58.0139980807, -34.890445119 ], [ -58.0134331338, -34.8899420203 ], [ -58.0139512818, -34.8898175613 ], [ -58.0146924788, -34.8904869267 ], [ -58.0149426495, -34.8902947299 ], [ -58.0150572825, -34.8904034858 ], [ -58.0151631552, -34.8903217635 ], [ -58.0153407964, -34.8903210603 ], [ -58.0155142721, -34.8901933979 ], [ -58.015289679, -34.8899862364 ], [ -58.0154649955, -34.8898548184 ], [ -58.0156141697, -34.8899917159 ], [ -58.0157779398, -34.889867409 ], [ -58.0159579544, -34.8900317556 ], [ -58.0161197784, -34.8899110216 ], [ -58.0162276341, -34.8900105639 ], [ -58.016310816, -34.889949017 ], [ -58.0163839956, -34.8900169015 ], [ -58.0166767079, -34.8898019644 ], [ -58.0170705201, -34.8899448343 ], [ -58.0173215586, -34.8897617485 ], [ -58.0172214722, -34.8894572183 ], [ -58.0176308022, -34.8893593558 ], [ -58.017731663, -34.8894723916 ], [ -58.0180234192, -34.8893060998 ], [ -58.0182333435, -34.8895049066 ], [ -58.0187805702, -34.8891984959 ], [ -58.0188462656, -34.8891625833 ], [ -58.0179272511, -34.8880602033 ], [ -58.0160977225, -34.8858061371 ], [ -58.012958567, -34.8881819032 ], [ -58.0078715213, -34.8835380919 ], [ -58.0067367585, -34.8843764741 ], [ -58.0087381997, -34.8862273292 ], [ -58.0053286846, -34.8887728027 ], [ -58.0026159399, -34.8862403118 ], [ -58.0024812763, -34.8863382507 ], [ -58.0021210295, -34.8866041991 ], [ -58.0023217438, -34.8867974985 ], [ -58.0020468723, -34.8869882717 ], [ -58.0018989455, -34.8871196896 ] ] ] ] } },
{ "type": "Feature", "properties": { "ZONA_COD": "AU-R4", "ZONA_DESC": "RESIDENCIAL 4", "AREA_TIPO": "Urbana", "DENOM": "Residencial 4", "FOS_MAX": "0.6", "FOT_RES": "0.8", "FOT_COM": null, "FOT_MIN": "NO", "DENS_RES": "250", "DENS_COM": null, "ALTURA_M": 9.0, "NIVELES": 3.0, "CUF_AV": null, "CUF_CAL": "200", "RET_FRENTE": "SI", "RET_FONDO": "SI", "RET_LATERA": "SI", "PARC_SUP_M": "375", "PARC_ANC_M": 15.0, "INC_PRM": "No aplica", "COLOR_HEX": "#6EBDEC" }, "bbox": [ -58.0213485519, -34.8989684626, -58.0073228781, -34.8899396542 ], "geometry": { "type": "MultiPolygon", "coordinates": [ [ [ [ -58.0121776901, -34.8989684626 ], [ -58.0144512914, -34.89727957 ], [ -58.0147524168, -34.8971119463 ], [ -58.0213485519, -34.8921530728 ], [ -58.0195117828, -34.8899396542 ], [ -58.0194439218, -34.8899911107 ], [ -58.0191856518, -34.8901748935 ], [ -58.0191416731, -34.890088742 ], [ -58.0190423511, -34.8901575078 ], [ -58.0189924729, -34.8900528752 ], [ -58.018805699, -34.8901833894 ], [ -58.0193528088, -34.8908796625 ], [ -58.0195335698, -34.8910497836 ], [ -58.0190737483, -34.8913779903 ], [ -58.0186012696, -34.8917230215 ], [ -58.0177462977, -34.8909481845 ], [ -58.0166940099, -34.8912023689 ], [ -58.0163417671, -34.890886152 ], [ -58.0161095504, -34.8910595386 ], [ -58.0162157837, -34.8913084754 ], [ -58.015343275, -34.8915137636 ], [ -58.0149193975, -34.8911156239 ], [ -58.0144092562, -34.8912343596 ], [ -58.0139119023, -34.8909990367 ], [ -58.0138445008, -34.891018302 ], [ -58.0115999153, -34.8926511767 ], [ -58.0115141712, -34.8925692053 ], [ -58.011164817, -34.892242657 ], [ -58.0109990818, -34.8923617875 ], [ -58.0108623417, -34.8922355433 ], [ -58.010537655, -34.8924782407 ], [ -58.0101767157, -34.8921378914 ], [ -58.0096895349, -34.8924921991 ], [ -58.0095245372, -34.8923404555 ], [ -58.0090137826, -34.8922799788 ], [ -58.0087723883, -34.8924612219 ], [ -58.0086496291, -34.8925533871 ], [ -58.0085214109, -34.8926496973 ], [ -58.0084431007, -34.8927084347 ], [ -58.008370922, -34.8926400215 ], [ -58.008210241, -34.8927625658 ], [ -58.008571272, -34.8930988664 ], [ -58.0083275261, -34.8932822328 ], [ -58.0079386979, -34.8929284431 ], [ -58.0075999413, -34.8931146666 ], [ -58.0073228781, -34.8929992098 ], [ -58.0121776901, -34.8989684626 ] ] ] ] } },
{ "type": "Feature", "properties": { "ZONA_COD": "AU-CC5", "ZONA_DESC": "CORREDOR CENTRALIDAD 5", "AREA_TIPO": "Urbana", "DENOM": "Corredor Central. 5", "FOS_MAX": "0.6", "FOT_RES": "1.2", "FOT_COM": null, "FOT_MIN": "NO", "DENS_RES": "300", "DENS_COM": null, "ALTURA_M": 9.0, "NIVELES": 3.0, "CUF_AV": "70", "CUF_CAL": "90", "RET_FRENTE": "SI", "RET_FONDO": "SI", "RET_LATERA": "NO", "PARC_SUP_M": "375", "PARC_ANC_M": 15.0, "INC_PRM": "CUF x 2.0 - Art. 49 Del Dec. Ley 8912 en Av 7 entre calle 90 y calle 610 - Según COT Art 288 Ord 12692", "COLOR_HEX": "#B89090" }, "bbox": [ -58.1165111083, -34.8934420684, -58.0039400342, -34.8603056114 ], "geometry": { "type": "MultiPolygon", "coordinates": [ [ [ [ -58.0643665644, -34.8798256123 ], [ -58.0641929089, -34.8793215872 ], [ -58.0645824979, -34.879240373 ], [ -58.0648946715, -34.8801148432 ], [ -58.0652354686, -34.880039159 ], [ -58.0655328717, -34.8799764816 ], [ -58.0653279603, -34.8793778722 ], [ -58.0657567193, -34.8792771814 ], [ -58.0659149856, -34.8795470023 ], [ -58.0660730333, -34.879508782 ], [ -58.0659503811, -34.8791658984 ], [ -58.0661620491, -34.8791122188 ], [ -58.0661924237, -34.8791974169 ], [ -58.0666056343, -34.8790974663 ], [ -58.0667318506, -34.8794610451 ], [ -58.0668405445, -34.8794428563 ], [ -58.0669443991, -34.8794445084 ], [ -58.0670154572, -34.8794456388 ], [ -58.0671027031, -34.8794560386 ], [ -58.0671898429, -34.879470943 ], [ -58.0672550132, -34.8794900033 ], [ -58.0673496345, -34.8797832344 ], [ -58.0675381917, -34.8797404501 ], [ -58.0675000029, -34.8796292633 ], [ -58.067458394, -34.8794960314 ], [ -58.0673458339, -34.879170252 ], [ -58.0679155419, -34.8790421445 ], [ -58.0678111378, -34.8787416387 ], [ -58.0681704799, -34.8786582203 ], [ -58.06818712, -34.8785442771 ], [ -58.0682466048, -34.8785303592 ], [ -58.069919655, -34.8781388996 ], [ -58.0699781019, -34.8781252236 ], [ -58.0706020956, -34.8779792142 ], [ -58.0706897139, -34.8778811881 ], [ -58.0708942781, -34.8778270273 ], [ -58.0709278507, -34.8779206566 ], [ -58.0710367371, -34.8778940861 ], [ -58.0710694778, -34.8779858997 ], [ -58.0714892633, -34.8778848654 ], [ -58.0714563949, -34.8777938612 ], [ -58.071777764, -34.8777205539 ], [ -58.0719187939, -34.8778020082 ], [ -58.0729629842, -34.8775619 ], [ -58.0731723715, -34.8775165543 ], [ -58.0737002538, -34.8773897382 ], [ -58.0738543508, -34.8778157552 ], [ -58.0744099025, -34.8776936111 ], [ -58.0743888458, -34.8773117886 ], [ -58.0749323528, -34.8771853952 ], [ -58.0749001832, -34.8770877342 ], [ -58.0751313099, -34.8770338963 ], [ -58.075100277, -34.876943733 ], [ -58.0754025832, -34.876871646 ], [ -58.075542872, -34.8768249883 ], [ -58.0757608461, -34.8767775535 ], [ -58.075808413, -34.876909074 ], [ -58.075843822, -34.8769007121 ], [ -58.0760191889, -34.8773905099 ], [ -58.0764455845, -34.8772870393 ], [ -58.0763493112, -34.8770258734 ], [ -58.0763833082, -34.8770170385 ], [ -58.0762909883, -34.8767645862 ], [ -58.0764298239, -34.8765883416 ], [ -58.0766181473, -34.87654572 ], [ -58.0768127786, -34.8764904899 ], [ -58.0770838405, -34.8764262864 ], [ -58.0771476573, -34.8766020428 ], [ -58.0773632104, -34.8765500278 ], [ -58.077353612, -34.8765207665 ], [ -58.0775591664, -34.8764707552 ], [ -58.0775079536, -34.8763266506 ], [ -58.0778287508, -34.8762492621 ], [ -58.0779614763, -34.8761661953 ], [ -58.0782821089, -34.8760864605 ], [ -58.0783481354, -34.8762613508 ], [ -58.0787658633, -34.8761587264 ], [ -58.0787001957, -34.8759824899 ], [ -58.079033711, -34.8758989006 ], [ -58.0792096814, -34.875968733 ], [ -58.079562632, -34.8758864405 ], [ -58.0796235062, -34.8760619702 ], [ -58.0799393913, -34.8759888247 ], [ -58.0799087316, -34.8759011912 ], [ -58.0802561838, -34.8758201623 ], [ -58.0802254656, -34.8757303659 ], [ -58.0801100988, -34.8757583743 ], [ -58.0800658818, -34.8756377222 ], [ -58.0801831714, -34.8756116374 ], [ -58.0803310748, -34.8755858547 ], [ -58.0805500687, -34.8755361411 ], [ -58.0806410981, -34.8757975821 ], [ -58.0814833564, -34.8756097263 ], [ -58.0815668045, -34.8754116929 ], [ -58.0817493875, -34.8753664489 ], [ -58.0819195195, -34.875329931 ], [ -58.081964955, -34.8754594325 ], [ -58.0819198693, -34.8754701668 ], [ -58.0820271036, -34.8757780057 ], [ -58.082048422, -34.8757735657 ], [ -58.0820999891, -34.8759121764 ], [ -58.0822892227, -34.8758725343 ], [ -58.0822560521, -34.8757705332 ], [ -58.0827829442, -34.8756523137 ], [ -58.0828909725, -34.875351656 ], [ -58.0842080719, -34.875058977 ], [ -58.0843359969, -34.8750599123 ], [ -58.0849077607, -34.8749257172 ], [ -58.0850234603, -34.8747842458 ], [ -58.0854922247, -34.8746493268 ], [ -58.0856690341, -34.8750745164 ], [ -58.0861837791, -34.8749185991 ], [ -58.0859682188, -34.8744053812 ], [ -58.0862174551, -34.8743433361 ], [ -58.0863532824, -34.8741873091 ], [ -58.0867014846, -34.8740922139 ], [ -58.0868723324, -34.8745201023 ], [ -58.0872053495, -34.8744290918 ], [ -58.0870306715, -34.8740201602 ], [ -58.0874249568, -34.8738947857 ], [ -58.0878703577, -34.8746879338 ], [ -58.0881121036, -34.8746376635 ], [ -58.0883982022, -34.874561053 ], [ -58.0885188661, -34.8745449263 ], [ -58.0885476552, -34.874482293 ], [ -58.0882501747, -34.8737187812 ], [ -58.088663942, -34.873318564 ], [ -58.0889390041, -34.8733790011 ], [ -58.0898901838, -34.8726836085 ], [ -58.0899530014, -34.8726900341 ], [ -58.0900053654, -34.872789992 ], [ -58.0900825569, -34.8729984881 ], [ -58.0900765125, -34.8732597483 ], [ -58.0899848923, -34.8734385542 ], [ -58.0897275998, -34.8735937583 ], [ -58.089464201, -34.8737765321 ], [ -58.0895656355, -34.8738730257 ], [ -58.0907041701, -34.8730199693 ], [ -58.0919854018, -34.8742102427 ], [ -58.093143118, -34.8734159543 ], [ -58.0924378768, -34.8727304991 ], [ -58.0930324159, -34.8723333747 ], [ -58.093327407, -34.8721363071 ], [ -58.0936265611, -34.8719530937 ], [ -58.0935015095, -34.8718279341 ], [ -58.0936660369, -34.8717163291 ], [ -58.0935826706, -34.8716328298 ], [ -58.0936670999, -34.8715755745 ], [ -58.0935976281, -34.8715059912 ], [ -58.0936820565, -34.8714487359 ], [ -58.0936125848, -34.8713791526 ], [ -58.0938700939, -34.8712044773 ], [ -58.094495094, -34.8716236153 ], [ -58.0957262434, -34.8707719619 ], [ -58.0958488192, -34.870885995 ], [ -58.0964015461, -34.8705036096 ], [ -58.0962427843, -34.8703559346 ], [ -58.0965093586, -34.8701835516 ], [ -58.0968611356, -34.8705136055 ], [ -58.0969000682, -34.870484829 ], [ -58.0971234832, -34.8703296204 ], [ -58.0971032313, -34.87030497 ], [ -58.0973112769, -34.8701504215 ], [ -58.0973281761, -34.8701668179 ], [ -58.0975248434, -34.8700220046 ], [ -58.0974896313, -34.8699888295 ], [ -58.0976685856, -34.869858158 ], [ -58.0975645835, -34.869759024 ], [ -58.0978396403, -34.8696162242 ], [ -58.0979103117, -34.8695795337 ], [ -58.0980082245, -34.8696642426 ], [ -58.0981157879, -34.8695938859 ], [ -58.0984380699, -34.8693314431 ], [ -58.0986628113, -34.8695200714 ], [ -58.0987119935, -34.8695553311 ], [ -58.0996550271, -34.8688219007 ], [ -58.0998926711, -34.8687237343 ], [ -58.100184976, -34.8686029877 ], [ -58.1005195813, -34.8688620707 ], [ -58.1005659315, -34.8688302833 ], [ -58.1008492449, -34.8686071498 ], [ -58.1008733701, -34.8686422234 ], [ -58.1013901898, -34.8682317773 ], [ -58.1015397174, -34.8683455748 ], [ -58.1019725476, -34.8680184365 ], [ -58.1021068479, -34.8681524049 ], [ -58.1025562418, -34.8678280185 ], [ -58.1030984898, -34.8682972605 ], [ -58.1043025309, -34.8673508446 ], [ -58.1039468149, -34.867048935 ], [ -58.1039469147, -34.8670488936 ], [ -58.1045176856, -34.8668130869 ], [ -58.1054083607, -34.8675629982 ], [ -58.1059311879, -34.8671434447 ], [ -58.1055171382, -34.866765055 ], [ -58.1060488012, -34.8663539065 ], [ -58.1062586526, -34.8665390445 ], [ -58.1065704907, -34.8663011999 ], [ -58.1063155608, -34.8660702909 ], [ -58.1066661732, -34.8659254299 ], [ -58.1068148617, -34.8658639963 ], [ -58.1070488527, -34.8657673174 ], [ -58.1071397652, -34.8658469236 ], [ -58.1072770764, -34.8657478534 ], [ -58.1078292115, -34.8662177896 ], [ -58.1085947963, -34.8657997263 ], [ -58.1087957831, -34.8656463991 ], [ -58.1085326523, -34.86521413 ], [ -58.1087053491, -34.8650777299 ], [ -58.1088715735, -34.8650083238 ], [ -58.1093503437, -34.8654199983 ], [ -58.1101895272, -34.8647891032 ], [ -58.1099438549, -34.8645923298 ], [ -58.1100376605, -34.8645214191 ], [ -58.1102837195, -34.8644186743 ], [ -58.1106156548, -34.8646853071 ], [ -58.1111582392, -34.8642613469 ], [ -58.111135087, -34.8642409799 ], [ -58.1115272139, -34.8640868334 ], [ -58.1114396514, -34.8639359893 ], [ -58.1118048715, -34.8637834804 ], [ -58.1118115813, -34.8637806781 ], [ -58.1121395875, -34.8640451822 ], [ -58.1126288223, -34.8636471972 ], [ -58.1129446372, -34.8636694932 ], [ -58.113701083, -34.8630545628 ], [ -58.1137580812, -34.8630964991 ], [ -58.1140621896, -34.8628408147 ], [ -58.1141246403, -34.8628147343 ], [ -58.1142769612, -34.8630518244 ], [ -58.1144746664, -34.8628930302 ], [ -58.1145865834, -34.8630770854 ], [ -58.1155493679, -34.8622726338 ], [ -58.115758713, -34.8624639726 ], [ -58.1165111083, -34.8618788503 ], [ -58.1164622814, -34.8618384555 ], [ -58.1162188646, -34.8616370748 ], [ -58.1160740666, -34.8615618312 ], [ -58.1145293362, -34.8603056114 ], [ -58.1145181198, -34.8603142836 ], [ -58.1133973325, -34.8612321955 ], [ -58.1138951226, -34.8616451138 ], [ -58.1133249686, -34.8621121183 ], [ -58.113448691, -34.8622147957 ], [ -58.1131059495, -34.862495528 ], [ -58.1126465767, -34.8623057171 ], [ -58.1121412557, -34.8626624188 ], [ -58.1118600962, -34.8626644513 ], [ -58.111194141, -34.8632031371 ], [ -58.1112076056, -34.8633793566 ], [ -58.1110674616, -34.8634879407 ], [ -58.1109292637, -34.8634540695 ], [ -58.1108247418, -34.8634250475 ], [ -58.1106863316, -34.863390903 ], [ -58.1105535044, -34.8633564841 ], [ -58.1104033267, -34.8631246065 ], [ -58.1102418912, -34.8632557493 ], [ -58.1101256709, -34.8630737867 ], [ -58.1099530433, -34.8632114244 ], [ -58.1100630664, -34.8633822965 ], [ -58.1096396224, -34.8637438653 ], [ -58.1093596679, -34.8636787688 ], [ -58.1090015929, -34.8639597008 ], [ -58.1089280491, -34.8639005173 ], [ -58.1082891986, -34.8644003146 ], [ -58.1081174461, -34.8644851513 ], [ -58.1079861423, -34.8645942291 ], [ -58.1080075939, -34.864612408 ], [ -58.1078734168, -34.8646941339 ], [ -58.1075956891, -34.8642502798 ], [ -58.1073828133, -34.8644166679 ], [ -58.107231318, -34.8641662903 ], [ -58.1068144579, -34.86449749 ], [ -58.1065965036, -34.8645419507 ], [ -58.1067049304, -34.8647249672 ], [ -58.1062518852, -34.8650842607 ], [ -58.1063598515, -34.8651776886 ], [ -58.1061601724, -34.8653453609 ], [ -58.1059522473, -34.8653623995 ], [ -58.1057394236, -34.8655358148 ], [ -58.1055777004, -34.8653977491 ], [ -58.1053347701, -34.8655917832 ], [ -58.1049131571, -34.8652337308 ], [ -58.1046502142, -34.8654421414 ], [ -58.1047681333, -34.8655401415 ], [ -58.1042030938, -34.8659857313 ], [ -58.1037769096, -34.8656221066 ], [ -58.1036356791, -34.8657345398 ], [ -58.1038224414, -34.8658963404 ], [ -58.1039790583, -34.86602811 ], [ -58.1038712628, -34.8661130366 ], [ -58.1036393736, -34.8661022096 ], [ -58.1034338731, -34.8662611351 ], [ -58.1032132766, -34.8660680741 ], [ -58.1008912909, -34.8677971097 ], [ -58.1003665761, -34.8674525219 ], [ -58.0996388168, -34.8680443397 ], [ -58.099185759, -34.8677835354 ], [ -58.0989449197, -34.8680482697 ], [ -58.099128152, -34.8682159699 ], [ -58.0987760513, -34.8684392859 ], [ -58.0986952823, -34.8683663743 ], [ -58.0985063554, -34.8685124827 ], [ -58.0981329749, -34.8684014677 ], [ -58.0973381001, -34.8690243948 ], [ -58.0971404165, -34.8690188675 ], [ -58.0969191815, -34.869176453 ], [ -58.0968612436, -34.869123545 ], [ -58.0966343356, -34.8692947409 ], [ -58.096322198, -34.8689746928 ], [ -58.0960258228, -34.8691709348 ], [ -58.0957171224, -34.8688868983 ], [ -58.0954386177, -34.8690668365 ], [ -58.0957684396, -34.8693643628 ], [ -58.0953483959, -34.8696266177 ], [ -58.0950277354, -34.8693349118 ], [ -58.0930856468, -34.8705921352 ], [ -58.093248353, -34.8707581708 ], [ -58.093164109, -34.8708074077 ], [ -58.0931234408, -34.8707690984 ], [ -58.0930517576, -34.8708284465 ], [ -58.0929308807, -34.8709250543 ], [ -58.0927023908, -34.8707892082 ], [ -58.0910816011, -34.8718543013 ], [ -58.0902734236, -34.8717721222 ], [ -58.0903482822, -34.8718923508 ], [ -58.0902570793, -34.8719681528 ], [ -58.0900761384, -34.8721131109 ], [ -58.0894499252, -34.8717188958 ], [ -58.0891521596, -34.8719362772 ], [ -58.0894096823, -34.872182035 ], [ -58.0889685154, -34.8724861128 ], [ -58.0886744865, -34.8724427376 ], [ -58.0884011835, -34.8726377008 ], [ -58.0882499805, -34.8725041038 ], [ -58.0881121297, -34.8726014311 ], [ -58.0873671861, -34.872116657 ], [ -58.0843386562, -34.8728341046 ], [ -58.084648353, -34.8735972774 ], [ -58.0841995716, -34.873700605 ], [ -58.0842981328, -34.8739442277 ], [ -58.0840728643, -34.8739960125 ], [ -58.0837786457, -34.8738004945 ], [ -58.0824526214, -34.8741580973 ], [ -58.0824596136, -34.8745773676 ], [ -58.0819438929, -34.8746998174 ], [ -58.0818831428, -34.8745328529 ], [ -58.0816769085, -34.8745842123 ], [ -58.0817057614, -34.8746696533 ], [ -58.0817345973, -34.8747511292 ], [ -58.08141582, -34.8748266668 ], [ -58.0811830673, -34.8747801746 ], [ -58.0811208109, -34.8746088699 ], [ -58.0806468772, -34.8747212501 ], [ -58.0806158937, -34.8746334322 ], [ -58.0804061178, -34.874681849 ], [ -58.0802856204, -34.8743521701 ], [ -58.0798993499, -34.8744427705 ], [ -58.079950444, -34.8748883324 ], [ -58.07894309, -34.8751314273 ], [ -58.0787299713, -34.8750038692 ], [ -58.0781549421, -34.8751416777 ], [ -58.0782185206, -34.8753183325 ], [ -58.0777089809, -34.8754425747 ], [ -58.0775783804, -34.8755893908 ], [ -58.0772496602, -34.8756736834 ], [ -58.0771799817, -34.8754866577 ], [ -58.0768598158, -34.8755699124 ], [ -58.0769287677, -34.8757552141 ], [ -58.0766009415, -34.8758386173 ], [ -58.076423972, -34.875882139 ], [ -58.0759750376, -34.8759864244 ], [ -58.0759078385, -34.8757963743 ], [ -58.0756864155, -34.8758469423 ], [ -58.0757522854, -34.876037693 ], [ -58.0754160712, -34.8761149214 ], [ -58.0752125258, -34.8759990455 ], [ -58.0740811472, -34.8762509492 ], [ -58.0739210436, -34.8762979793 ], [ -58.0731332969, -34.8764826811 ], [ -58.0731685341, -34.8765847182 ], [ -58.0729018707, -34.8766524075 ], [ -58.0728032196, -34.8768495632 ], [ -58.0726077277, -34.8768946785 ], [ -58.0723871258, -34.8767085018 ], [ -58.0722759848, -34.8770283862 ], [ -58.0719227428, -34.8770477468 ], [ -58.0717158151, -34.8770954738 ], [ -58.0715557286, -34.8770808571 ], [ -58.0713458871, -34.8771316004 ], [ -58.0713102632, -34.8770321714 ], [ -58.071205342, -34.8770575431 ], [ -58.0711743342, -34.8769711641 ], [ -58.0710694157, -34.8769964458 ], [ -58.0710384089, -34.8769100668 ], [ -58.0704088889, -34.8770621143 ], [ -58.0704504627, -34.8771783112 ], [ -58.0702880856, -34.877373912 ], [ -58.0700946307, -34.8773598457 ], [ -58.0696881533, -34.8775184942 ], [ -58.0694880155, -34.8774908922 ], [ -58.0695194989, -34.877575567 ], [ -58.0693099965, -34.8776257716 ], [ -58.0691809851, -34.8777459282 ], [ -58.0689588822, -34.8776521874 ], [ -58.0684854755, -34.877964959 ], [ -58.0683582134, -34.8778420828 ], [ -58.0680536759, -34.8779109619 ], [ -58.0679663446, -34.8778624804 ], [ -58.0678850486, -34.8778173479 ], [ -58.0676074144, -34.8778815172 ], [ -58.0674281633, -34.8773635284 ], [ -58.0671449254, -34.8774288686 ], [ -58.0671856251, -34.8775448731 ], [ -58.0667745972, -34.8776407147 ], [ -58.0668872112, -34.8779639716 ], [ -58.066751856, -34.877990658 ], [ -58.066608648, -34.878035063 ], [ -58.0662546496, -34.8781191936 ], [ -58.0661031588, -34.877686269 ], [ -58.0654492186, -34.8778344773 ], [ -58.065405275, -34.8782162566 ], [ -58.0648719573, -34.8783409665 ], [ -58.0649381078, -34.8785327181 ], [ -58.0644128291, -34.8786549414 ], [ -58.0642927543, -34.8787573903 ], [ -58.0640544861, -34.8788121743 ], [ -58.0639953179, -34.8786445056 ], [ -58.0639366668, -34.8784781077 ], [ -58.0628779148, -34.8787220506 ], [ -58.0626636639, -34.8786714116 ], [ -58.0622764239, -34.8788668414 ], [ -58.0621047272, -34.8786293359 ], [ -58.0618057152, -34.8787746214 ], [ -58.0620146618, -34.8790604862 ], [ -58.0613320314, -34.8793910715 ], [ -58.0611810614, -34.8794491354 ], [ -58.0607089847, -34.8796710548 ], [ -58.0602024173, -34.8789779518 ], [ -58.0593404288, -34.8793922712 ], [ -58.0593180312, -34.8796936421 ], [ -58.0588572492, -34.8799233047 ], [ -58.0587607411, -34.8797906358 ], [ -58.0582847237, -34.8800355536 ], [ -58.0582469413, -34.8802005045 ], [ -58.0579909187, -34.8803215929 ], [ -58.0579625865, -34.8802289456 ], [ -58.0578606762, -34.8802794075 ], [ -58.0578068599, -34.88010326 ], [ -58.0577348323, -34.8800038759 ], [ -58.0575458209, -34.8800982768 ], [ -58.057615727, -34.8801948334 ], [ -58.0574122221, -34.880296303 ], [ -58.0574410786, -34.8803898604 ], [ -58.057198232, -34.8805086348 ], [ -58.056995032, -34.8804716807 ], [ -58.0568130245, -34.8805611453 ], [ -58.0566912923, -34.8803990524 ], [ -58.0562062447, -34.880636968 ], [ -58.0562110138, -34.8806434431 ], [ -58.0559404951, -34.8807761912 ], [ -58.0557154334, -34.8807248264 ], [ -58.0554069543, -34.8808719267 ], [ -58.0553205267, -34.8807525741 ], [ -58.0550372933, -34.8808864696 ], [ -58.0550099539, -34.880849262 ], [ -58.0546514185, -34.8810181798 ], [ -58.0545926739, -34.8810478377 ], [ -58.0547878601, -34.8813192998 ], [ -58.0522751327, -34.8818958732 ], [ -58.0520538824, -34.8815866629 ], [ -58.0508614821, -34.8818394767 ], [ -58.0506119895, -34.8818420569 ], [ -58.0501158838, -34.882084006 ], [ -58.0500630685, -34.8820096194 ], [ -58.0499628363, -34.8820582089 ], [ -58.0499079435, -34.8819791927 ], [ -58.0497216363, -34.8820696591 ], [ -58.0495394319, -34.8819586666 ], [ -58.0486355773, -34.8823682394 ], [ -58.0483906433, -34.8822974798 ], [ -58.0480216848, -34.8823883446 ], [ -58.0478830003, -34.882139093 ], [ -58.047640651, -34.8821990967 ], [ -58.0473310693, -34.8816108547 ], [ -58.0471090087, -34.8816638832 ], [ -58.047546724, -34.8825496938 ], [ -58.0467816986, -34.8827306221 ], [ -58.0466645673, -34.88272144 ], [ -58.0461410153, -34.8828470349 ], [ -58.0460591833, -34.8826125735 ], [ -58.0457695719, -34.8826777618 ], [ -58.0455325862, -34.881993982 ], [ -58.0449927438, -34.8821194896 ], [ -58.045168948, -34.8826358381 ], [ -58.044880137, -34.8826995047 ], [ -58.0449110692, -34.8831342091 ], [ -58.0438417276, -34.883372587 ], [ -58.0437125409, -34.8834198041 ], [ -58.0426516413, -34.8836662381 ], [ -58.0425519046, -34.8838339572 ], [ -58.0417384526, -34.8840282692 ], [ -58.0412782335, -34.8835319981 ], [ -58.0411066519, -34.8835636587 ], [ -58.0403306916, -34.8837389627 ], [ -58.0405066215, -34.884279556 ], [ -58.040260334, -34.8843299279 ], [ -58.040135509, -34.884354501 ], [ -58.039706992, -34.8844518598 ], [ -58.0396789412, -34.8843620067 ], [ -58.0392566169, -34.8844564904 ], [ -58.0393429734, -34.8847160824 ], [ -58.0391331984, -34.8847670407 ], [ -58.0389817094, -34.8848275012 ], [ -58.0387713994, -34.88487791 ], [ -58.0386775129, -34.8845900784 ], [ -58.037835037, -34.8847886253 ], [ -58.0377315709, -34.8849911697 ], [ -58.0373371768, -34.885083665 ], [ -58.0373071952, -34.8849969344 ], [ -58.0370443368, -34.8850586575 ], [ -58.0370742114, -34.8851452964 ], [ -58.0366798164, -34.885237789 ], [ -58.0365236069, -34.8852759095 ], [ -58.0361362077, -34.8853639171 ], [ -58.0361030326, -34.8852781263 ], [ -58.0358413902, -34.8853392352 ], [ -58.0358708762, -34.8854237958 ], [ -58.0354688001, -34.8855126452 ], [ -58.0353277271, -34.8855717918 ], [ -58.0350220934, -34.8856385323 ], [ -58.0349630835, -34.8854711235 ], [ -58.0345412888, -34.8855704662 ], [ -58.0346347248, -34.8858307165 ], [ -58.034313246, -34.8859059952 ], [ -58.0341580239, -34.8859438584 ], [ -58.0339509676, -34.8859906169 ], [ -58.0338609418, -34.8857250138 ], [ -58.032999439, -34.8859224977 ], [ -58.0329344989, -34.8862012741 ], [ -58.0326004485, -34.8862807606 ], [ -58.0325390733, -34.8861026787 ], [ -58.0323206388, -34.8861541154 ], [ -58.0322985173, -34.8860911233 ], [ -58.0316762377, -34.8862319095 ], [ -58.0317101709, -34.8866204319 ], [ -58.0315182574, -34.8866649978 ], [ -58.0313992717, -34.8863161921 ], [ -58.0310290253, -34.8864045514 ], [ -58.0310063713, -34.8863410089 ], [ -58.0305620847, -34.8864429471 ], [ -58.0302721855, -34.8859464557 ], [ -58.0295126937, -34.8861172693 ], [ -58.0294303958, -34.8858996433 ], [ -58.0291344352, -34.8850116536 ], [ -58.0283425561, -34.8851970758 ], [ -58.0289430838, -34.8870747649 ], [ -58.0286138653, -34.8871531471 ], [ -58.0286108157, -34.8871434551 ], [ -58.0281834192, -34.8872431342 ], [ -58.0280676945, -34.8872755925 ], [ -58.0276501896, -34.8873777744 ], [ -58.0276202458, -34.8872898701 ], [ -58.0275129935, -34.8873156168 ], [ -58.0274508027, -34.8871400422 ], [ -58.0273561005, -34.8871623867 ], [ -58.0274473196, -34.8874275626 ], [ -58.0273310013, -34.8874528012 ], [ -58.027144821, -34.8874175154 ], [ -58.02683157, -34.8874911951 ], [ -58.0267606135, -34.8872934881 ], [ -58.0263305002, -34.887396902 ], [ -58.0263883598, -34.8875568159 ], [ -58.0260048421, -34.8876462957 ], [ -58.0260360666, -34.8877354824 ], [ -58.0257461297, -34.8878037706 ], [ -58.0255220654, -34.8877656142 ], [ -58.0251738776, -34.8878914428 ], [ -58.0249079804, -34.8879377696 ], [ -58.0247997749, -34.8880242979 ], [ -58.024890378, -34.8883232307 ], [ -58.0192909444, -34.8897022422 ], [ -58.0188462656, -34.8891625833 ], [ -58.0187805702, -34.8891984959 ], [ -58.0182333435, -34.8895049066 ], [ -58.0180234192, -34.8893060998 ], [ -58.017731663, -34.8894723916 ], [ -58.0176308022, -34.8893593558 ], [ -58.0172214722, -34.8894572183 ], [ -58.0173215586, -34.8897617485 ], [ -58.0170705201, -34.8899448343 ], [ -58.0166767079, -34.8898019644 ], [ -58.0163839956, -34.8900169015 ], [ -58.016310816, -34.889949017 ], [ -58.0162276341, -34.8900105639 ], [ -58.0161197784, -34.8899110216 ], [ -58.0159579544, -34.8900317556 ], [ -58.0157779398, -34.889867409 ], [ -58.0156141697, -34.8899917159 ], [ -58.0154649955, -34.8898548184 ], [ -58.015289679, -34.8899862364 ], [ -58.0155142721, -34.8901933979 ], [ -58.0153407964, -34.8903210603 ], [ -58.0151631552, -34.8903217635 ], [ -58.0150572825, -34.8904034858 ], [ -58.0149426495, -34.8902947299 ], [ -58.0146924788, -34.8904869267 ], [ -58.0139512818, -34.8898175613 ], [ -58.0134331338, -34.8899420203 ], [ -58.0139980807, -34.890445119 ], [ -58.013729527, -34.8906511618 ], [ -58.013502244, -34.8906285214 ], [ -58.0133006151, -34.8907805041 ], [ -58.0131366094, -34.8906328175 ], [ -58.0128323804, -34.890862248 ], [ -58.0126159181, -34.8906673802 ], [ -58.0124800647, -34.8907676267 ], [ -58.0125149269, -34.8908641752 ], [ -58.0124202364, -34.8909356246 ], [ -58.0124541858, -34.8910291846 ], [ -58.0122931145, -34.8911456001 ], [ -58.0119183841, -34.8910552065 ], [ -58.0117121336, -34.891208192 ], [ -58.0115653418, -34.891077007 ], [ -58.0115646196, -34.8910771743 ], [ -58.0112835338, -34.8912835489 ], [ -58.0102705491, -34.8903743172 ], [ -58.0100294247, -34.8905537652 ], [ -58.0104881608, -34.8909657402 ], [ -58.0102494609, -34.8911353145 ], [ -58.0102350142, -34.8911221008 ], [ -58.0099089156, -34.8913690097 ], [ -58.0097924372, -34.8912644536 ], [ -58.0094690823, -34.891501853 ], [ -58.0094412294, -34.8914776055 ], [ -58.0092798038, -34.8915949113 ], [ -58.0092862223, -34.8916008747 ], [ -58.0089664548, -34.891839052 ], [ -58.0085481838, -34.891866895 ], [ -58.0084335975, -34.8919467566 ], [ -58.0082840106, -34.8918137199 ], [ -58.0068710165, -34.8925663994 ], [ -58.0062652943, -34.8922373474 ], [ -58.0060637976, -34.8923469621 ], [ -58.0060446699, -34.892341872 ], [ -58.0057890565, -34.8922694559 ], [ -58.0057148894, -34.8924779502 ], [ -58.0055720519, -34.8925861845 ], [ -58.0053475191, -34.8926306236 ], [ -58.0051829063, -34.892752738 ], [ -58.005172145, -34.8927228221 ], [ -58.0049455581, -34.8925175015 ], [ -58.0039400342, -34.8931307924 ], [ -58.0042694379, -34.893420098 ], [ -58.0043849189, -34.8933934627 ], [ -58.004475889, -34.8933270055 ], [ -58.0049904657, -34.8934420684 ], [ -58.0050935622, -34.8933942838 ], [ -58.005291244, -34.8933068679 ], [ -58.00558269, -34.8931776416 ], [ -58.0055685032, -34.8931400994 ], [ -58.0057397224, -34.8930161989 ], [ -58.0059879173, -34.8929928759 ], [ -58.0061022068, -34.8929073342 ], [ -58.0061076683, -34.8929438323 ], [ -58.0061970385, -34.8930249655 ], [ -58.006771413, -34.8929755505 ], [ -58.0070898395, -34.8929020993 ], [ -58.0075999413, -34.8931146666 ], [ -58.0079386979, -34.8929284431 ], [ -58.0083275261, -34.8932822328 ], [ -58.008571272, -34.8930988664 ], [ -58.008210241, -34.8927625658 ], [ -58.008370922, -34.8926400215 ], [ -58.0084431007, -34.8927084347 ], [ -58.0085214109, -34.8926496973 ], [ -58.0086496291, -34.8925533871 ], [ -58.0087723883, -34.8924612219 ], [ -58.0090137826, -34.8922799788 ], [ -58.0095245372, -34.8923404555 ], [ -58.0096895349, -34.8924921991 ], [ -58.0101767157, -34.8921378914 ], [ -58.010537655, -34.8924782407 ], [ -58.0108623417, -34.8922355433 ], [ -58.0109990818, -34.8923617875 ], [ -58.011164817, -34.892242657 ], [ -58.0115141712, -34.8925692053 ], [ -58.0115999153, -34.8926511767 ], [ -58.0138445008, -34.891018302 ], [ -58.0139119023, -34.8909990367 ], [ -58.0144092562, -34.8912343596 ], [ -58.0149193975, -34.8911156239 ], [ -58.015343275, -34.8915137636 ], [ -58.0162157837, -34.8913084754 ], [ -58.0161095504, -34.8910595386 ], [ -58.0163417671, -34.890886152 ], [ -58.0166940099, -34.8912023689 ], [ -58.0177462977, -34.8909481845 ], [ -58.0186012696, -34.8917230215 ], [ -58.0190737483, -34.8913779903 ], [ -58.0195335698, -34.8910497836 ], [ -58.0193528088, -34.8908796625 ], [ -58.018805699, -34.8901833894 ], [ -58.0189924729, -34.8900528752 ], [ -58.0190423511, -34.8901575078 ], [ -58.0191416731, -34.890088742 ], [ -58.0191856518, -34.8901748935 ], [ -58.0194439218, -34.8899911107 ], [ -58.019581251, -34.88988698 ], [ -58.0195815001, -34.8898869197 ], [ -58.019752597, -34.8897942698 ], [ -58.0197946835, -34.8899091393 ], [ -58.0198996748, -34.8898547951 ], [ -58.0199341413, -34.8899407909 ], [ -58.0199976811, -34.8899046067 ], [ -58.0200607002, -34.8899767386 ], [ -58.0203252655, -34.8898267614 ], [ -58.0204003085, -34.8897031667 ], [ -58.0205817539, -34.8895940115 ], [ -58.0206251624, -34.8897039455 ], [ -58.0207324048, -34.8896423365 ], [ -58.0207649369, -34.8897315457 ], [ -58.0208544149, -34.8896855094 ], [ -58.0210330841, -34.8901708384 ], [ -58.0215697887, -34.8900429539 ], [ -58.0214427999, -34.8896920268 ], [ -58.0216535803, -34.8896411152 ], [ -58.0217825512, -34.8896102991 ], [ -58.0234629677, -34.8892061743 ], [ -58.0236373742, -34.8891041319 ], [ -58.0246920919, -34.8888583408 ], [ -58.0249004036, -34.8889533146 ], [ -58.025321164, -34.8888572338 ], [ -58.0253024671, -34.8888021359 ], [ -58.025509286, -34.8887566509 ], [ -58.0254657364, -34.8886295029 ], [ -58.0256799144, -34.888582695 ], [ -58.0256754295, -34.8885690145 ], [ -58.0258891606, -34.8885225592 ], [ -58.0260784687, -34.8885917836 ], [ -58.0264561453, -34.8884997757 ], [ -58.026682958, -34.8891639583 ], [ -58.027114575, -34.8890575038 ], [ -58.0269380219, -34.8885371606 ], [ -58.027129046, -34.8884888921 ], [ -58.0271214773, -34.8884669604 ], [ -58.0274314061, -34.888395118 ], [ -58.0274423509, -34.888426838 ], [ -58.0280567668, -34.8882773851 ], [ -58.0279691647, -34.8880255165 ], [ -58.0282817691, -34.8879468663 ], [ -58.0284651642, -34.8879294743 ], [ -58.0288892072, -34.8878283878 ], [ -58.0290351006, -34.888259101 ], [ -58.0292503605, -34.8882080689 ], [ -58.029104254, -34.8877770814 ], [ -58.0295249964, -34.8876767504 ], [ -58.0296669247, -34.8876553501 ], [ -58.0307394274, -34.8874030012 ], [ -58.0308516655, -34.8875303587 ], [ -58.0314911401, -34.8873844482 ], [ -58.0314598455, -34.8872979658 ], [ -58.0315632226, -34.8872741356 ], [ -58.0315346367, -34.8871932847 ], [ -58.0316398961, -34.887168494 ], [ -58.0316083335, -34.8870794836 ], [ -58.0318580446, -34.887023687 ], [ -58.0319734501, -34.8869907691 ], [ -58.0320733027, -34.8869679632 ], [ -58.032092702, -34.8870258652 ], [ -58.0322961395, -34.8869796832 ], [ -58.0323068864, -34.8870105884 ], [ -58.0324175488, -34.8869839019 ], [ -58.0324487058, -34.8870716433 ], [ -58.0325554904, -34.8870470568 ], [ -58.0325851959, -34.8871314411 ], [ -58.03268835, -34.8871077871 ], [ -58.0326595897, -34.8870250405 ], [ -58.032767502, -34.8869990303 ], [ -58.0328278744, -34.8871688052 ], [ -58.0330409238, -34.8871185412 ], [ -58.0329360709, -34.8868234979 ], [ -58.033133884, -34.8867792063 ], [ -58.0333505694, -34.8868608485 ], [ -58.033717973, -34.8867770326 ], [ -58.0344043958, -34.8866203312 ], [ -58.0345431118, -34.8865913019 ], [ -58.0347732942, -34.8865379775 ], [ -58.0355958087, -34.886347422 ], [ -58.0357343663, -34.8863020773 ], [ -58.0368164306, -34.8860601021 ], [ -58.0369386413, -34.8859984509 ], [ -58.0373581615, -34.8859027585 ], [ -58.037368957, -34.8859270852 ], [ -58.0380100405, -34.8857861227 ], [ -58.0381884903, -34.8857878323 ], [ -58.038335498, -34.885750372 ], [ -58.0384964308, -34.8857114232 ], [ -58.0387125801, -34.8856639031 ], [ -58.0387631382, -34.8856534538 ], [ -58.038914861, -34.8856200341 ], [ -58.0390716326, -34.8855812877 ], [ -58.0392300959, -34.8855495983 ], [ -58.0394001226, -34.8854961058 ], [ -58.0401288622, -34.8853250943 ], [ -58.0400938794, -34.885236931 ], [ -58.0404085243, -34.8851635994 ], [ -58.0405749259, -34.8851291527 ], [ -58.0410887958, -34.8850161331 ], [ -58.0413967812, -34.8849468367 ], [ -58.0413643958, -34.8848460092 ], [ -58.0415746132, -34.8847993803 ], [ -58.0417269134, -34.8848705967 ], [ -58.0419341558, -34.8848249102 ], [ -58.0419929544, -34.8849879861 ], [ -58.0425522815, -34.8848627159 ], [ -58.0428793766, -34.8847853419 ], [ -58.0430496884, -34.8847913934 ], [ -58.0432713047, -34.8848979972 ], [ -58.0433199185, -34.8849233833 ], [ -58.0434640618, -34.8849788751 ], [ -58.0434587324, -34.8849684259 ], [ -58.0433208529, -34.8845841797 ], [ -58.0434283884, -34.8845599556 ], [ -58.0436543629, -34.8845083498 ], [ -58.0436423488, -34.8844707554 ], [ -58.0439535106, -34.8844010535 ], [ -58.0440954497, -34.884337278 ], [ -58.0443519607, -34.8842800335 ], [ -58.0444328241, -34.8845136684 ], [ -58.0448547015, -34.8844147438 ], [ -58.0450595913, -34.8843620742 ], [ -58.0452669462, -34.884311517 ], [ -58.0457316223, -34.8842525709 ], [ -58.0456424069, -34.8840112315 ], [ -58.0457398709, -34.8839873851 ], [ -58.045710589, -34.8839122926 ], [ -58.0458009555, -34.8838879714 ], [ -58.045764783, -34.8837897879 ], [ -58.0459349608, -34.8837480944 ], [ -58.0462135465, -34.8839362416 ], [ -58.0465519497, -34.8838567865 ], [ -58.0465381478, -34.8838161002 ], [ -58.0469572841, -34.8837126179 ], [ -58.0471049392, -34.8835827819 ], [ -58.0475264812, -34.8834838421 ], [ -58.0476128062, -34.8837319821 ], [ -58.0478273637, -34.883681987 ], [ -58.0478196287, -34.8836483371 ], [ -58.0477242906, -34.8833928424 ], [ -58.0480203978, -34.8833258618 ], [ -58.0483376508, -34.8837751676 ], [ -58.0487585182, -34.8836770237 ], [ -58.0491902216, -34.8834350377 ], [ -58.0490899076, -34.8829827282 ], [ -58.049351032, -34.8829242848 ], [ -58.0494103369, -34.8830063471 ], [ -58.0495244609, -34.8829808711 ], [ -58.049636065, -34.88313605 ], [ -58.0498330453, -34.8830938799 ], [ -58.0498247859, -34.8830823919 ], [ -58.0501681533, -34.8829174806 ], [ -58.0503586145, -34.8829395382 ], [ -58.0506024827, -34.8832677233 ], [ -58.0510635444, -34.8831761642 ], [ -58.0507659291, -34.8827515125 ], [ -58.0508626476, -34.8827127796 ], [ -58.0509636549, -34.8826684376 ], [ -58.0511860861, -34.8825672828 ], [ -58.0513556604, -34.8825138558 ], [ -58.0516532668, -34.882443376 ], [ -58.052113511, -34.8830951245 ], [ -58.0525472702, -34.8829925784 ], [ -58.0520156486, -34.8822371281 ], [ -58.0521230663, -34.8822130749 ], [ -58.0523743594, -34.88214933 ], [ -58.0525108459, -34.8821307896 ], [ -58.0528582018, -34.882046774 ], [ -58.0530544906, -34.8823257824 ], [ -58.0538029711, -34.8821361676 ], [ -58.0538936354, -34.8820109082 ], [ -58.0542135674, -34.8818607502 ], [ -58.0542476733, -34.8819680915 ], [ -58.0546053795, -34.8818021351 ], [ -58.0545693473, -34.8816929619 ], [ -58.0548521778, -34.8815623956 ], [ -58.0551678371, -34.8817465201 ], [ -58.055473648, -34.8815967641 ], [ -58.0555109842, -34.8817017231 ], [ -58.0556250623, -34.8816455091 ], [ -58.0556661191, -34.8817536184 ], [ -58.0557340872, -34.8817202527 ], [ -58.0557887417, -34.8817075183 ], [ -58.0560554194, -34.8816450936 ], [ -58.0558810094, -34.8814072661 ], [ -58.0561515228, -34.8813444521 ], [ -58.0563827241, -34.8813720316 ], [ -58.0567516593, -34.8812815913 ], [ -58.0568349805, -34.8815144473 ], [ -58.0576187316, -34.8813171712 ], [ -58.0576475054, -34.8810982744 ], [ -58.0579224866, -34.8809617177 ], [ -58.0581351853, -34.8812504433 ], [ -58.0583613783, -34.8811376197 ], [ -58.0583475224, -34.8811222575 ], [ -58.0588233177, -34.8810079231 ], [ -58.0591530074, -34.8814514516 ], [ -58.0591671043, -34.8814472608 ], [ -58.0591540839, -34.8814242525 ], [ -58.0592946515, -34.8813576433 ], [ -58.0592360778, -34.8812766801 ], [ -58.0596099269, -34.8810933928 ], [ -58.0595358866, -34.8809910941 ], [ -58.0601103726, -34.8807165607 ], [ -58.0603698423, -34.8808302908 ], [ -58.061118366, -34.8806515361 ], [ -58.0614482104, -34.8815871287 ], [ -58.0619712768, -34.881457674 ], [ -58.0618575377, -34.8811316905 ], [ -58.0621350145, -34.8810655498 ], [ -58.06204019, -34.8807910579 ], [ -58.0628595111, -34.8806011651 ], [ -58.0627038321, -34.8801515877 ], [ -58.0634009029, -34.8798348321 ], [ -58.0635766215, -34.8797380471 ], [ -58.0638909552, -34.8796342779 ], [ -58.0639880523, -34.8799146622 ], [ -58.0643665644, -34.8798256123 ] ] ] ] } },
{ "type": "Feature", "properties": { "ZONA_COD": "AU-CC2", "ZONA_DESC": "CORREDOR CENTRALIDAD 2", "AREA_TIPO": "Urbana", "DENOM": "Corredor Central. 2", "FOS_MAX": "0.6", "FOT_RES": "2.5", "FOT_COM": "3.0", "FOT_MIN": "0.75", "DENS_RES": "1000", "DENS_COM": "2000", "ALTURA_M": 18.0, "NIVELES": 6.0, "CUF_AV": "20", "CUF_CAL": "30", "RET_FRENTE": "NO", "RET_FONDO": "SI", "RET_LATERA": "NO", "PARC_SUP_M": "900", "PARC_ANC_M": 30.0, "INC_PRM": "Art 289 COT Ord 12692 (Art. 47 del Dec.ley 8912/77 por mejora morfológica) - Receptor APU (Ver Titulo 9 Cap 1 y 2- COT Ord 12692)", "COLOR_HEX": "#F67D44" }, "bbox": [ -57.9873008146, -34.9280116148, -57.9738877338, -34.9169456873 ], "geometry": { "type": "MultiPolygon", "coordinates": [ [ [ [ -57.9873008146, -34.9192299248 ], [ -57.9851933037, -34.9173107545 ], [ -57.9810086108, -34.920420102 ], [ -57.9807199707, -34.9206345552 ], [ -57.980510604, -34.9204445843 ], [ -57.976654731, -34.9169456873 ], [ -57.9743156259, -34.9186937508 ], [ -57.9783617738, -34.9223794972 ], [ -57.9738877338, -34.9257102578 ], [ -57.974654762, -34.9264100869 ], [ -57.9752341709, -34.9269533008 ], [ -57.9759892984, -34.9276456178 ], [ -57.9804663358, -34.9243090997 ], [ -57.9845218582, -34.9280116148 ], [ -57.9868706023, -34.9262808929 ], [ -57.9828132551, -34.922571864 ], [ -57.9873008146, -34.9192299248 ] ], [ [ -57.9807088703, -34.9206912224 ], [ -57.9816307294, -34.9215166697 ], [ -57.9818015259, -34.9217677712 ], [ -57.9826995466, -34.92259583 ], [ -57.9804319843, -34.9242462434 ], [ -57.9783963635, -34.9223835693 ], [ -57.9807088703, -34.9206912224 ] ] ] ] } },
{ "type": "Feature", "properties": { "ZONA_COD": "AC-RU", "ZONA_DESC": "RESERVA URBANA", "AREA_TIPO": "Complem.", "DENOM": "Reserva Urbana", "FOS_MAX": "0.2", "FOT_RES": "0.3", "FOT_COM": null, "FOT_MIN": null, "DENS_RES": "1 vivienda por parcela", "DENS_COM": null, "ALTURA_M": 6.0, "NIVELES": 2.0, "CUF_AV": null, "CUF_CAL": null, "RET_FRENTE": "SI", "RET_FONDO": "SI", "RET_LATERA": "SI", "PARC_SUP_M": "4 Ha", "PARC_ANC_M": 0.0, "INC_PRM": "No aplica", "COLOR_HEX": "#DFDDA1" }, "bbox": [ -58.0720002653, -34.9019672403, -58.0690227377, -34.9002237273 ], "geometry": { "type": "MultiPolygon", "coordinates": [ [ [ [ -58.0690227377, -34.9008179175 ], [ -58.0695789063, -34.9019672403 ], [ -58.0702992345, -34.9017768116 ], [ -58.0720002653, -34.901452856 ], [ -58.0719320346, -34.9012580619 ], [ -58.0717551641, -34.900752821 ], [ -58.0715782953, -34.9002475792 ], [ -58.0715698714, -34.9002237273 ], [ -58.0690227377, -34.9008179175 ] ] ] ] } },
{ "type": "Feature", "properties": { "ZONA_COD": "AU-EV", "ZONA_DESC": "ESPACIO VERDE", "AREA_TIPO": "Urbana", "DENOM": "Espacio Verde", "FOS_MAX": null, "FOT_RES": null, "FOT_COM": null, "FOT_MIN": null, "DENS_RES": null, "DENS_COM": null, "ALTURA_M": 0.0, "NIVELES": 0.0, "CUF_AV": null, "CUF_CAL": null, "RET_FRENTE": null, "RET_FONDO": null, "RET_LATERA": null, "PARC_SUP_M": null, "PARC_ANC_M": 0.0, "INC_PRM": null, "COLOR_HEX": "#9AD66E" }, "bbox": [ -57.9563330826, -34.9001272625, -57.9553409244, -34.89916119 ], "geometry": { "type": "MultiPolygon", "coordinates": [ [ [ [ -57.9559482978, -34.8991626092 ], [ -57.9559335507, -34.8991640283 ], [ -57.9559194062, -34.8991675752 ], [ -57.9559052625, -34.8991711221 ], [ -57.9558921072, -34.8991767141 ], [ -57.955878952, -34.8991823052 ], [ -57.9558553942, -34.8991971395 ], [ -57.9556772448, -34.899330178 ], [ -57.9554990945, -34.8994632157 ], [ -57.9554732228, -34.8994831473 ], [ -57.9554614678, -34.8994940345 ], [ -57.9554497127, -34.8995049217 ], [ -57.9554391394, -34.8995166399 ], [ -57.955428567, -34.8995283571 ], [ -57.9554099024, -34.8995531865 ], [ -57.9553940528, -34.8995792354 ], [ -57.9553811295, -34.8996063239 ], [ -57.9553710292, -34.8996342712 ], [ -57.9553639759, -34.8996629011 ], [ -57.9553599757, -34.8996918521 ], [ -57.9553504501, -34.8998797268 ], [ -57.9553409244, -34.9000676014 ], [ -57.9553423121, -34.9000822244 ], [ -57.9553482009, -34.9000962017 ], [ -57.9553581815, -34.900108356 ], [ -57.9553717262, -34.9001179563 ], [ -57.9553877548, -34.900124444 ], [ -57.9554052961, -34.9001272625 ], [ -57.9554231495, -34.900126302 ], [ -57.9554400019, -34.9001216282 ], [ -57.9554548614, -34.9001134974 ], [ -57.9563086282, -34.8994952198 ], [ -57.9563169982, -34.8994885118 ], [ -57.9563238646, -34.8994806967 ], [ -57.9563288945, -34.8994719499 ], [ -57.9563320781, -34.8994626302 ], [ -57.9563330826, -34.8994530048 ], [ -57.956332007, -34.8994434342 ], [ -57.9563288477, -34.8994340983 ], [ -57.9563237018, -34.8994254504 ], [ -57.9563167869, -34.8994175841 ], [ -57.9562053312, -34.8993135577 ], [ -57.9560938746, -34.8992095322 ], [ -57.9560727505, -34.8991924145 ], [ -57.9560483725, -34.8991785766 ], [ -57.956021383, -34.8991685699 ], [ -57.9559925426, -34.8991626775 ], [ -57.9559630458, -34.89916119 ], [ -57.9559482978, -34.8991626092 ] ] ] ] } },
{ "type": "Feature", "properties": { "ZONA_COD": "AU-EV", "ZONA_DESC": "ESPACIO VERDE", "AREA_TIPO": "Urbana", "DENOM": "Espacio Verde", "FOS_MAX": null, "FOT_RES": null, "FOT_COM": null, "FOT_MIN": null, "DENS_RES": null, "DENS_COM": null, "ALTURA_M": 0.0, "NIVELES": 0.0, "CUF_AV": null, "CUF_CAL": null, "RET_FRENTE": null, "RET_FONDO": null, "RET_LATERA": null, "PARC_SUP_M": null, "PARC_ANC_M": 0.0, "INC_PRM": null, "COLOR_HEX": "#9AD66E" }, "bbox": [ -57.9619858244, -34.9167677771, -57.9608393848, -34.9158540578 ], "geometry": { "type": "MultiPolygon", "coordinates": [ [ [ [ -57.9618410938, -34.9158917412 ], [ -57.9610562626, -34.9158540578 ], [ -57.961019591, -34.9158548834 ], [ -57.9609905438, -34.9158615159 ], [ -57.9609611503, -34.915873279 ], [ -57.9609441523, -34.9158837175 ], [ -57.9609275148, -34.915897317 ], [ -57.9609184721, -34.9159068076 ], [ -57.9609094303, -34.915916299 ], [ -57.9608967805, -34.9159411401 ], [ -57.9608895202, -34.9159648651 ], [ -57.9608397742, -34.916586972 ], [ -57.9608393848, -34.9166115685 ], [ -57.9608480255, -34.9166426248 ], [ -57.9608614893, -34.9166644792 ], [ -57.9608796214, -34.9166833488 ], [ -57.9608979613, -34.9166982559 ], [ -57.9609279033, -34.9167129967 ], [ -57.9609700437, -34.9167255099 ], [ -57.9609888926, -34.9167287106 ], [ -57.9617492137, -34.9167667942 ], [ -57.9617755575, -34.9167677771 ], [ -57.9618180586, -34.9167612804 ], [ -57.9618501086, -34.9167483005 ], [ -57.9618747815, -34.9167327629 ], [ -57.9618949524, -34.9167134554 ], [ -57.9619062407, -34.9166949896 ], [ -57.9619160865, -34.9166728959 ], [ -57.9619286203, -34.9166129058 ], [ -57.9619858244, -34.9160251134 ], [ -57.9619830347, -34.915996318 ], [ -57.961971321, -34.915965661 ], [ -57.9619544686, -34.91594366 ], [ -57.9619352294, -34.9159253129 ], [ -57.9619146511, -34.9159124409 ], [ -57.9618871733, -34.9158998135 ], [ -57.9618410938, -34.9158917412 ] ] ] ] } },
{ "type": "Feature", "properties": { "ZONA_COD": "AU-EV", "ZONA_DESC": "ESPACIO VERDE", "AREA_TIPO": "Urbana", "DENOM": "Espacio Verde", "FOS_MAX": null, "FOT_RES": null, "FOT_COM": null, "FOT_MIN": null, "DENS_RES": null, "DENS_COM": null, "ALTURA_M": 0.0, "NIVELES": 0.0, "CUF_AV": null, "CUF_CAL": null, "RET_FRENTE": null, "RET_FONDO": null, "RET_LATERA": null, "PARC_SUP_M": null, "PARC_ANC_M": 0.0, "INC_PRM": null, "COLOR_HEX": "#9AD66E" }, "bbox": [ -57.9685451628, -34.9227186648, -57.9666513219, -34.9211451759 ], "geometry": { "type": "MultiPolygon", "coordinates": [ [ [ [ -57.9674188249, -34.9211560055 ], [ -57.9670299545, -34.9212895441 ], [ -57.9669026536, -34.9213803261 ], [ -57.9666671041, -34.921756419 ], [ -57.9666513219, -34.9220279558 ], [ -57.9668485567, -34.9224819462 ], [ -57.967494135, -34.9227028206 ], [ -57.9675489577, -34.9227159039 ], [ -57.9675955012, -34.9227186648 ], [ -57.9676729419, -34.9227108587 ], [ -57.9681696491, -34.9225706508 ], [ -57.9682240176, -34.9225533569 ], [ -57.9682739624, -34.9225158012 ], [ -57.9685332666, -34.9220990985 ], [ -57.9685451628, -34.9218384903 ], [ -57.9684014889, -34.9214838993 ], [ -57.9683739013, -34.9214268427 ], [ -57.9683367593, -34.921388912 ], [ -57.9682544111, -34.9213517565 ], [ -57.9675837552, -34.9211498434 ], [ -57.9674879144, -34.9211451759 ], [ -57.9674188249, -34.9211560055 ] ] ] ] } },
{ "type": "Feature", "properties": { "ZONA_COD": "AU-EV", "ZONA_DESC": "ESPACIO VERDE", "AREA_TIPO": "Urbana", "DENOM": "Espacio Verde", "FOS_MAX": null, "FOT_RES": null, "FOT_COM": null, "FOT_MIN": null, "DENS_RES": null, "DENS_COM": null, "ALTURA_M": 0.0, "NIVELES": 0.0, "CUF_AV": null, "CUF_CAL": null, "RET_FRENTE": null, "RET_FONDO": null, "RET_LATERA": null, "PARC_SUP_M": null, "PARC_ANC_M": 0.0, "INC_PRM": null, "COLOR_HEX": "#9AD66E" }, "bbox": [ -57.9482746265, -34.9269776481, -57.9471651787, -34.926052288 ], "geometry": { "type": "MultiPolygon", "coordinates": [ [ [ [ -57.9473495514, -34.926052288 ], [ -57.9473230997, -34.9260555354 ], [ -57.9472826428, -34.9260675585 ], [ -57.9472558915, -34.9260828775 ], [ -57.9472309848, -34.9261031842 ], [ -57.947210152, -34.9261356354 ], [ -57.9472003845, -34.9261675532 ], [ -57.9471922106, -34.9262804244 ], [ -57.9471651787, -34.9268032003 ], [ -57.9471664135, -34.92683269 ], [ -57.9471719632, -34.9268602704 ], [ -57.9471853325, -34.9268858201 ], [ -57.9472001408, -34.9269019315 ], [ -57.9472195311, -34.9269185707 ], [ -57.9472436967, -34.9269324068 ], [ -57.9472678723, -34.9269414666 ], [ -57.9472928087, -34.926946304 ], [ -57.9481024054, -34.9269776481 ], [ -57.948141489, -34.9269680343 ], [ -57.9481691792, -34.9269546237 ], [ -57.948206448, -34.9269256043 ], [ -57.9482268923, -34.9268955796 ], [ -57.948235041, -34.9268671493 ], [ -57.9482387534, -34.92682792 ], [ -57.9482746265, -34.9262134609 ], [ -57.9482708835, -34.9261748269 ], [ -57.9482564791, -34.9261469164 ], [ -57.9482308933, -34.9261198091 ], [ -57.9481989072, -34.9260992623 ], [ -57.9481514328, -34.9260854829 ], [ -57.9473495514, -34.926052288 ] ] ] ] } },
{ "type": "Feature", "properties": { "ZONA_COD": "AU-EV", "ZONA_DESC": "ESPACIO VERDE", "AREA_TIPO": "Urbana", "DENOM": "Espacio Verde", "FOS_MAX": null, "FOT_RES": null, "FOT_COM": null, "FOT_MIN": null, "DENS_RES": null, "DENS_COM": null, "ALTURA_M": 0.0, "NIVELES": 0.0, "CUF_AV": null, "CUF_CAL": null, "RET_FRENTE": null, "RET_FONDO": null, "RET_LATERA": null, "PARC_SUP_M": null, "PARC_ANC_M": 0.0, "INC_PRM": null, "COLOR_HEX": "#9AD66E" }, "bbox": [ -57.9424168069, -34.921580142, -57.9407247837, -34.9201897371 ], "geometry": { "type": "MultiPolygon", "coordinates": [ [ [ [ -57.9416145981, -34.9201897371 ], [ -57.9409836662, -34.9203829672 ], [ -57.9407247837, -34.9208571168 ], [ -57.9409356208, -34.9213585931 ], [ -57.9417176748, -34.921580142 ], [ -57.9421124295, -34.9214408487 ], [ -57.9424168069, -34.9209444895 ], [ -57.942207683, -34.920430339 ], [ -57.9416145981, -34.9201897371 ] ] ] ] } },
{ "type": "Feature", "properties": { "ZONA_COD": "AU-EV", "ZONA_DESC": "ESPACIO VERDE", "AREA_TIPO": "Urbana", "DENOM": "Espacio Verde", "FOS_MAX": null, "FOT_RES": null, "FOT_COM": null, "FOT_MIN": null, "DENS_RES": null, "DENS_COM": null, "ALTURA_M": 0.0, "NIVELES": 0.0, "CUF_AV": null, "CUF_CAL": null, "RET_FRENTE": null, "RET_FONDO": null, "RET_LATERA": null, "PARC_SUP_M": null, "PARC_ANC_M": 0.0, "INC_PRM": null, "COLOR_HEX": "#9AD66E" }, "bbox": [ -57.9493552761, -34.9164005066, -57.9464305396, -34.9141373743 ], "geometry": { "type": "MultiPolygon", "coordinates": [ [ [ [ -57.9489647437, -34.9152949511 ], [ -57.9491326795, -34.9151693374 ], [ -57.9492576403, -34.9150369914 ], [ -57.9493414832, -34.9148744137 ], [ -57.9493552761, -34.9146936824 ], [ -57.9493022539, -34.9145140401 ], [ -57.9491720563, -34.9143438767 ], [ -57.94899178, -34.9142175039 ], [ -57.9487954643, -34.9141507104 ], [ -57.9486327095, -34.9141407045 ], [ -57.9485785542, -34.9141373743 ], [ -57.9483564873, -34.9141739282 ], [ -57.948156469, -34.9142731225 ], [ -57.9479754229, -34.9144105101 ], [ -57.946755918, -34.9153078861 ], [ -57.9466860856, -34.9153608489 ], [ -57.9466180609, -34.9154154189 ], [ -57.9465605285, -34.9154661353 ], [ -57.9465122089, -34.9155349433 ], [ -57.9464697681, -34.9156083846 ], [ -57.9464425285, -34.9156804707 ], [ -57.9464324372, -34.9157516376 ], [ -57.9464310819, -34.9158060376 ], [ -57.9464305396, -34.9158277796 ], [ -57.946440871, -34.9158929886 ], [ -57.9464576614, -34.9159568072 ], [ -57.9464908752, -34.9160288725 ], [ -57.9465361146, -34.9160966706 ], [ -57.9465866332, -34.9161613121 ], [ -57.9466383523, -34.9162108504 ], [ -57.9467061477, -34.9162642926 ], [ -57.9467845362, -34.9163093468 ], [ -57.9468545592, -34.9163400002 ], [ -57.9469502767, -34.9163730152 ], [ -57.9470457461, -34.9163920916 ], [ -57.9471465475, -34.9164005066 ], [ -57.9472296718, -34.9163929433 ], [ -57.9473124328, -34.9163803366 ], [ -57.9474016725, -34.9163611388 ], [ -57.9474891343, -34.9163347311 ], [ -57.9475703368, -34.9162999561 ], [ -57.9476542444, -34.9162560323 ], [ -57.9477504611, -34.9161948973 ], [ -57.9489647437, -34.9152949511 ] ] ] ] } },
{ "type": "Feature", "properties": { "ZONA_COD": "AU-EV", "ZONA_DESC": "ESPACIO VERDE", "AREA_TIPO": "Urbana", "DENOM": "Espacio Verde", "FOS_MAX": null, "FOT_RES": null, "FOT_COM": null, "FOT_MIN": null, "DENS_RES": null, "DENS_COM": null, "ALTURA_M": 0.0, "NIVELES": 0.0, "CUF_AV": null, "CUF_CAL": null, "RET_FRENTE": null, "RET_FONDO": null, "RET_LATERA": null, "PARC_SUP_M": null, "PARC_ANC_M": 0.0, "INC_PRM": null, "COLOR_HEX": "#9AD66E" }, "bbox": [ -57.9561023732, -34.9113880146, -57.9544425377, -34.9099454427 ], "geometry": { "type": "MultiPolygon", "coordinates": [ [ [ [ -57.9557522995, -34.9100933218 ], [ -57.9553799604, -34.9099587257 ], [ -57.9553233445, -34.9099477693 ], [ -57.955265421, -34.9099454427 ], [ -57.9552078266, -34.909951863 ], [ -57.9547599507, -34.9100663458 ], [ -57.9546710419, -34.9101090978 ], [ -57.9546027357, -34.910172473 ], [ -57.9545615333, -34.9102501834 ], [ -57.954457354, -34.9105953 ], [ -57.9544440513, -34.9106552758 ], [ -57.9544425377, -34.9107162615 ], [ -57.9544529644, -34.9107766375 ], [ -57.9545331696, -34.9110185174 ], [ -57.9547717615, -34.911239452 ], [ -57.9551084938, -34.9113675038 ], [ -57.9551941047, -34.9113871486 ], [ -57.9552830261, -34.9113880146 ], [ -57.9553692441, -34.9113700003 ], [ -57.9557838585, -34.9112471152 ], [ -57.9558483246, -34.9112150354 ], [ -57.9559049145, -34.9111741721 ], [ -57.9559519535, -34.9111257588 ], [ -57.9560708664, -34.9109583339 ], [ -57.9560916668, -34.910926872 ], [ -57.9561023732, -34.9108921761 ], [ -57.9561021682, -34.9108563049 ], [ -57.9559693113, -34.9103198395 ], [ -57.9557522995, -34.9100933218 ] ] ] ] } },
{ "type": "Feature", "properties": { "ZONA_COD": "AU-UE", "ZONA_DESC": "USOS ESPECÍFICOS AU", "AREA_TIPO": "Urbana", "DENOM": "Usos Específicos", "FOS_MAX": null, "FOT_RES": null, "FOT_COM": null, "FOT_MIN": null, "DENS_RES": null, "DENS_COM": null, "ALTURA_M": 0.0, "NIVELES": 0.0, "CUF_AV": null, "CUF_CAL": null, "RET_FRENTE": null, "RET_FONDO": null, "RET_LATERA": null, "PARC_SUP_M": null, "PARC_ANC_M": 0.0, "INC_PRM": null, "COLOR_HEX": "#D4D4D4" }, "bbox": [ -57.9536911119, -34.9051252429, -57.9491273654, -34.9007344298 ], "geometry": { "type": "MultiPolygon", "coordinates": [ [ [ [ -57.9491273654, -34.9051252429 ], [ -57.9536911119, -34.9017535956 ], [ -57.9525665942, -34.9007344298 ], [ -57.9492315105, -34.9032319479 ], [ -57.9491273654, -34.9051252429 ] ] ] ] } },
{ "type": "Feature", "properties": { "ZONA_COD": "AU-EV", "ZONA_DESC": "ESPACIO VERDE", "AREA_TIPO": "Urbana", "DENOM": "Espacio Verde", "FOS_MAX": null, "FOT_RES": null, "FOT_COM": null, "FOT_MIN": null, "DENS_RES": null, "DENS_COM": null, "ALTURA_M": 0.0, "NIVELES": 0.0, "CUF_AV": null, "CUF_CAL": null, "RET_FRENTE": null, "RET_FONDO": null, "RET_LATERA": null, "PARC_SUP_M": null, "PARC_ANC_M": 0.0, "INC_PRM": null, "COLOR_HEX": "#9AD66E" }, "bbox": [ -57.9355514175, -34.926634144, -57.9338826085, -34.9252776012 ], "geometry": { "type": "MultiPolygon", "coordinates": [ [ [ [ -57.9348555895, -34.9252979789 ], [ -57.9348117647, -34.9252828146 ], [ -57.9347648443, -34.9252776012 ], [ -57.9347177774, -34.9252826581 ], [ -57.9346738563, -34.9252975023 ], [ -57.9346362763, -34.9253212848 ], [ -57.9339423702, -34.9258174849 ], [ -57.9339119893, -34.9258465276 ], [ -57.9338916494, -34.9258809671 ], [ -57.9338826085, -34.9259185732 ], [ -57.9338855888, -34.9259568348 ], [ -57.9339002163, -34.9259931306 ], [ -57.9339256707, -34.9260252858 ], [ -57.934521941, -34.9265736187 ], [ -57.9345615454, -34.9266043917 ], [ -57.9346097203, -34.9266250374 ], [ -57.9346629988, -34.926634144 ], [ -57.9347172405, -34.9266310116 ], [ -57.9347683903, -34.92661593 ], [ -57.9348127008, -34.926589918 ], [ -57.935513038, -34.9260903986 ], [ -57.9355376407, -34.9260561209 ], [ -57.9355507475, -34.926017772 ], [ -57.9355514175, -34.9259779509 ], [ -57.9355394727, -34.9259393574 ], [ -57.9355159419, -34.925904622 ], [ -57.935482301, -34.9258760227 ], [ -57.9348930688, -34.9253218667 ], [ -57.9348555895, -34.9252979789 ] ] ] ] } },
{ "type": "Feature", "properties": { "ZONA_COD": "AU-EV", "ZONA_DESC": "ESPACIO VERDE", "AREA_TIPO": "Urbana", "DENOM": "Espacio Verde", "FOS_MAX": null, "FOT_RES": null, "FOT_COM": null, "FOT_MIN": null, "DENS_RES": null, "DENS_COM": null, "ALTURA_M": 0.0, "NIVELES": 0.0, "CUF_AV": null, "CUF_CAL": null, "RET_FRENTE": null, "RET_FONDO": null, "RET_LATERA": null, "PARC_SUP_M": null, "PARC_ANC_M": 0.0, "INC_PRM": null, "COLOR_HEX": "#9AD66E" }, "bbox": [ -57.947887507, -34.9379343782, -57.9462025228, -34.9365377859 ], "geometry": { "type": "MultiPolygon", "coordinates": [ [ [ [ -57.947076359, -34.9365377859 ], [ -57.947043549, -34.9365396142 ], [ -57.9470059583, -34.9365461883 ], [ -57.946969685, -34.9365570206 ], [ -57.9469357185, -34.9365718567 ], [ -57.9469276228, -34.9365761357 ], [ -57.9463113174, -34.9370006301 ], [ -57.9462816479, -34.9370231086 ], [ -57.946255948, -34.9370487186 ], [ -57.9462348876, -34.9370770203 ], [ -57.946218698, -34.9371074767 ], [ -57.9462079412, -34.9371394674 ], [ -57.9462025228, -34.93717245 ], [ -57.9462027773, -34.9372040504 ], [ -57.9462086445, -34.9372385205 ], [ -57.9462199985, -34.9372703449 ], [ -57.9462366431, -34.9373006358 ], [ -57.9462581576, -34.9373287558 ], [ -57.9468178534, -34.9378756911 ], [ -57.9468333523, -34.9378861367 ], [ -57.9468496408, -34.9378956039 ], [ -57.946866718, -34.9379041843 ], [ -57.9468843663, -34.9379117818 ], [ -57.9469026981, -34.93791831 ], [ -57.9469216045, -34.9379237662 ], [ -57.9469408653, -34.9379281477 ], [ -57.946960484, -34.9379313627 ], [ -57.9469802403, -34.9379334096 ], [ -57.9470002431, -34.9379343782 ], [ -57.9470201657, -34.937934174 ], [ -57.9470401154, -34.9379328898 ], [ -57.9470598771, -34.9379303393 ], [ -57.9470793384, -34.9379267034 ], [ -57.9470984976, -34.937921981 ], [ -57.9471171378, -34.9379161678 ], [ -57.9471352574, -34.9379092646 ], [ -57.9471527447, -34.9379013596 ], [ -57.9478049834, -34.9374359226 ], [ -57.9478245814, -34.9374180045 ], [ -57.9478307562, -34.937411756 ], [ -57.947841915, -34.937398697 ], [ -57.9478521079, -34.9373849005 ], [ -57.9478609995, -34.9373706318 ], [ -57.9478686995, -34.937355892 ], [ -57.9478750973, -34.9373406799 ], [ -57.9478801892, -34.9373251756 ], [ -57.9478839754, -34.9373093781 ], [ -57.9478864512, -34.9372934691 ], [ -57.947887507, -34.9372774459 ], [ -57.9478871428, -34.9372613085 ], [ -57.9478855717, -34.9372453302 ], [ -57.9478825751, -34.9372294194 ], [ -57.9478782602, -34.937213755 ], [ -57.9478725135, -34.9371984279 ], [ -57.9478655572, -34.9371833507 ], [ -57.9478573842, -34.9371687934 ], [ -57.9478479944, -34.9371547568 ], [ -57.9478373869, -34.93714124 ], [ -57.9478256714, -34.9371283347 ], [ -57.9478129496, -34.9371162244 ], [ -57.9472870863, -34.9366124017 ], [ -57.9472593989, -34.9365904853 ], [ -57.9472282374, -34.936571845 ], [ -57.9471941342, -34.9365570296 ], [ -57.9471900998, -34.9365558254 ], [ -57.9471579617, -34.936546235 ], [ -57.9471203709, -34.9365396511 ], [ -57.947076359, -34.9365377859 ] ] ] ] } },
{ "type": "Feature", "properties": { "ZONA_COD": "AU-EV", "ZONA_DESC": "ESPACIO VERDE", "AREA_TIPO": "Urbana", "DENOM": "Espacio Verde", "FOS_MAX": null, "FOT_RES": null, "FOT_COM": null, "FOT_MIN": null, "DENS_RES": null, "DENS_COM": null, "ALTURA_M": 0.0, "NIVELES": 0.0, "CUF_AV": null, "CUF_CAL": null, "RET_FRENTE": null, "RET_FONDO": null, "RET_LATERA": null, "PARC_SUP_M": null, "PARC_ANC_M": 0.0, "INC_PRM": null, "COLOR_HEX": "#9AD66E" }, "bbox": [ -57.9695221485, -34.9349850632, -57.9642787952, -34.9304052621 ], "geometry": { "type": "MultiPolygon", "coordinates": [ [ [ [ -57.9642787952, -34.9312055778 ], [ -57.9644177908, -34.9325107288 ], [ -57.9645661664, -34.9326560134 ], [ -57.9666813044, -34.9345887455 ], [ -57.9669860649, -34.9348653724 ], [ -57.9684325066, -34.9349850632 ], [ -57.9694903908, -34.934167075 ], [ -57.9695221485, -34.9329007971 ], [ -57.9692702268, -34.9326741707 ], [ -57.9671549261, -34.9307636347 ], [ -57.9668830538, -34.9305182853 ], [ -57.965384268, -34.9304052621 ], [ -57.9642787952, -34.9312055778 ] ] ] ] } },
{ "type": "Feature", "properties": { "ZONA_COD": "AU-EV", "ZONA_DESC": "ESPACIO VERDE", "AREA_TIPO": "Urbana", "DENOM": "Espacio Verde", "FOS_MAX": null, "FOT_RES": null, "FOT_COM": null, "FOT_MIN": null, "DENS_RES": null, "DENS_COM": null, "ALTURA_M": 0.0, "NIVELES": 0.0, "CUF_AV": null, "CUF_CAL": null, "RET_FRENTE": null, "RET_FONDO": null, "RET_LATERA": null, "PARC_SUP_M": null, "PARC_ANC_M": 0.0, "INC_PRM": null, "COLOR_HEX": "#9AD66E" }, "bbox": [ -57.9743401072, -34.9280263385, -57.9731630952, -34.9270877737 ], "geometry": { "type": "MultiPolygon", "coordinates": [ [ [ [ -57.9732319617, -34.9270877737 ], [ -57.9731630952, -34.9279744845 ], [ -57.9742779407, -34.9280263385 ], [ -57.9743401072, -34.9271223913 ], [ -57.9732319617, -34.9270877737 ] ] ] ] } },
{ "type": "Feature", "properties": { "ZONA_COD": "AU-EV", "ZONA_DESC": "ESPACIO VERDE", "AREA_TIPO": "Urbana", "DENOM": "Espacio Verde", "FOS_MAX": null, "FOT_RES": null, "FOT_COM": null, "FOT_MIN": null, "DENS_RES": null, "DENS_COM": null, "ALTURA_M": 0.0, "NIVELES": 0.0, "CUF_AV": null, "CUF_CAL": null, "RET_FRENTE": null, "RET_FONDO": null, "RET_LATERA": null, "PARC_SUP_M": null, "PARC_ANC_M": 0.0, "INC_PRM": null, "COLOR_HEX": "#9AD66E" }, "bbox": [ -57.975315734, -34.9176231655, -57.9734761501, -34.916094738 ], "geometry": { "type": "MultiPolygon", "coordinates": [ [ [ [ -57.974424416, -34.916094738 ], [ -57.9734761501, -34.9168303304 ], [ -57.9743698928, -34.9176231655 ], [ -57.975315734, -34.9168931012 ], [ -57.974424416, -34.916094738 ] ] ] ] } },
{ "type": "Feature", "properties": { "ZONA_COD": "AU-EV", "ZONA_DESC": "ESPACIO VERDE", "AREA_TIPO": "Urbana", "DENOM": "Espacio Verde", "FOS_MAX": null, "FOT_RES": null, "FOT_COM": null, "FOT_MIN": null, "DENS_RES": null, "DENS_COM": null, "ALTURA_M": 0.0, "NIVELES": 0.0, "CUF_AV": null, "CUF_CAL": null, "RET_FRENTE": null, "RET_FONDO": null, "RET_LATERA": null, "PARC_SUP_M": null, "PARC_ANC_M": 0.0, "INC_PRM": null, "COLOR_HEX": "#9AD66E" }, "bbox": [ -57.9606479722, -34.9382242441, -57.9594810002, -34.9373043824 ], "geometry": { "type": "MultiPolygon", "coordinates": [ [ [ [ -57.9606479722, -34.937323609 ], [ -57.959503423, -34.9373043824 ], [ -57.9594810002, -34.9382051101 ], [ -57.960625669, -34.9382242441 ], [ -57.9606479722, -34.937323609 ] ] ] ] } },
{ "type": "Feature", "properties": { "ZONA_COD": "AU-EV", "ZONA_DESC": "ESPACIO VERDE", "AREA_TIPO": "Urbana", "DENOM": "Espacio Verde", "FOS_MAX": null, "FOT_RES": null, "FOT_COM": null, "FOT_MIN": null, "DENS_RES": null, "DENS_COM": null, "ALTURA_M": 0.0, "NIVELES": 0.0, "CUF_AV": null, "CUF_CAL": null, "RET_FRENTE": null, "RET_FONDO": null, "RET_LATERA": null, "PARC_SUP_M": null, "PARC_ANC_M": 0.0, "INC_PRM": null, "COLOR_HEX": "#9AD66E" }, "bbox": [ -57.9553778416, -34.9446172295, -57.9510434241, -34.9410542981 ], "geometry": { "type": "MultiPolygon", "coordinates": [ [ [ [ -57.9553778416, -34.9429247018 ], [ -57.953374698, -34.9410542981 ], [ -57.9510434241, -34.9427677701 ], [ -57.9531219102, -34.9446172295 ], [ -57.9553778416, -34.9429247018 ] ] ] ] } },
{ "type": "Feature", "properties": { "ZONA_COD": "AU-R3", "ZONA_DESC": "RESIDENCIAL 3", "AREA_TIPO": "Urbana", "DENOM": "Residencial 3", "FOS_MAX": "0.6", "FOT_RES": "1.2", "FOT_COM": null, "FOT_MIN": "NO", "DENS_RES": "300", "DENS_COM": null, "ALTURA_M": 9.0, "NIVELES": 3.0, "CUF_AV": "80", "CUF_CAL": "100", "RET_FRENTE": "NO", "RET_FONDO": "SI", "RET_LATERA": "SI", "PARC_SUP_M": "375", "PARC_ANC_M": 15.0, "INC_PRM": "CUF x 2.0 (por Distrito de interes urbanistico Ver COT Art 16 , 244 y 286 Ord 12692)", "COLOR_HEX": "#5290CE" }, "bbox": [ -57.976331619, -34.9475695626, -57.9689025507, -34.941359635 ], "geometry": { "type": "MultiPolygon", "coordinates": [ [ [ [ -57.972956735, -34.9475695626 ], [ -57.976331619, -34.9450588695 ], [ -57.9722753196, -34.941359635 ], [ -57.9689025507, -34.9438829834 ], [ -57.972956735, -34.9475695626 ] ] ] ] } },
{ "type": "Feature", "properties": { "ZONA_COD": "AU-UE", "ZONA_DESC": "USOS ESPECÍFICOS AU", "AREA_TIPO": "Urbana", "DENOM": "Usos Específicos", "FOS_MAX": null, "FOT_RES": null, "FOT_COM": null, "FOT_MIN": null, "DENS_RES": null, "DENS_COM": null, "ALTURA_M": 0.0, "NIVELES": 0.0, "CUF_AV": null, "CUF_CAL": null, "RET_FRENTE": null, "RET_FONDO": null, "RET_LATERA": null, "PARC_SUP_M": null, "PARC_ANC_M": 0.0, "INC_PRM": null, "COLOR_HEX": "#D4D4D4" }, "bbox": [ -57.959218695, -34.9612550956, -57.9486554687, -34.953909989 ], "geometry": { "type": "MultiPolygon", "coordinates": [ [ [ [ -57.959218695, -34.9595407207 ], [ -57.9530670345, -34.953909989 ], [ -57.9530565655, -34.9539177735 ], [ -57.9518816399, -34.9539798546 ], [ -57.9511285396, -34.9545401763 ], [ -57.9486554687, -34.9563824294 ], [ -57.9532007412, -34.9605731334 ], [ -57.9548331285, -34.9593593059 ], [ -57.9569114816, -34.9612550956 ], [ -57.9580128345, -34.9604367495 ], [ -57.9591582884, -34.9595856077 ], [ -57.959218695, -34.9595407207 ] ] ] ] } },
{ "type": "Feature", "properties": { "ZONA_COD": "AU-R3", "ZONA_DESC": "RESIDENCIAL 3", "AREA_TIPO": "Urbana", "DENOM": "Residencial 3", "FOS_MAX": "0.6", "FOT_RES": "1.2", "FOT_COM": null, "FOT_MIN": "NO", "DENS_RES": "300", "DENS_COM": null, "ALTURA_M": 9.0, "NIVELES": 3.0, "CUF_AV": "80", "CUF_CAL": "100", "RET_FRENTE": "NO", "RET_FONDO": "SI", "RET_LATERA": "SI", "PARC_SUP_M": "375", "PARC_ANC_M": 15.0, "INC_PRM": "CUF x 2.0 (por Distrito de interes urbanistico Ver COT Art 16 , 244 y 286 Ord 12692)", "COLOR_HEX": "#5290CE" }, "bbox": [ -57.9699623766, -34.9633694764, -57.9613954698, -34.9563039564 ], "geometry": { "type": "MultiPolygon", "coordinates": [ [ [ [ -57.9613954698, -34.9596556109 ], [ -57.9634347905, -34.9614890983 ], [ -57.9654964764, -34.9633694764 ], [ -57.9699623766, -34.9600017932 ], [ -57.9659054889, -34.9563039564 ], [ -57.9613954698, -34.9596556109 ] ] ] ] } },
{ "type": "Feature", "properties": { "ZONA_COD": "AC-UE", "ZONA_DESC": "USO ESPECÍFICO", "AREA_TIPO": "Complem.", "DENOM": "Usos Específicos", "FOS_MAX": null, "FOT_RES": null, "FOT_COM": null, "FOT_MIN": null, "DENS_RES": null, "DENS_COM": null, "ALTURA_M": 0.0, "NIVELES": 0.0, "CUF_AV": null, "CUF_CAL": null, "RET_FRENTE": null, "RET_FONDO": null, "RET_LATERA": null, "PARC_SUP_M": null, "PARC_ANC_M": 0.0, "INC_PRM": null, "COLOR_HEX": "#D4D4D4" }, "bbox": [ -57.9082946192, -34.9870235798, -57.8756505518, -34.957690541 ], "geometry": { "type": "MultiPolygon", "coordinates": [ [ [ [ -57.8983012447, -34.9623856496 ], [ -57.8968193266, -34.9610429905 ], [ -57.8933735382, -34.9579068117 ], [ -57.893142076, -34.957690541 ], [ -57.8931240608, -34.9577038375 ], [ -57.8843532049, -34.9641764183 ], [ -57.8837659989, -34.9646111991 ], [ -57.8817237213, -34.9661232842 ], [ -57.8756505518, -34.9706192604 ], [ -57.8765687704, -34.9714426104 ], [ -57.878363801, -34.9730521154 ], [ -57.878367133, -34.9730552918 ], [ -57.8791745111, -34.9738250179 ], [ -57.8807462257, -34.9752664099 ], [ -57.8835923164, -34.9779135374 ], [ -57.8857532137, -34.9799098983 ], [ -57.8908284703, -34.9845332023 ], [ -57.8945675528, -34.9817484498 ], [ -57.8961730899, -34.9870235798 ], [ -57.9007881409, -34.9860785866 ], [ -57.8985849269, -34.9788382536 ], [ -57.8985897562, -34.9786909905 ], [ -57.9082946192, -34.9714779223 ], [ -57.9059970672, -34.969404591 ], [ -57.9058615673, -34.9692596527 ], [ -57.903549011, -34.9671521194 ], [ -57.8983012447, -34.9623856496 ] ] ] ] } },
{ "type": "Feature", "properties": { "ZONA_COD": "AU-EV", "ZONA_DESC": "ESPACIO VERDE", "AREA_TIPO": "Urbana", "DENOM": "Espacio Verde", "FOS_MAX": null, "FOT_RES": null, "FOT_COM": null, "FOT_MIN": null, "DENS_RES": null, "DENS_COM": null, "ALTURA_M": 0.0, "NIVELES": 0.0, "CUF_AV": null, "CUF_CAL": null, "RET_FRENTE": null, "RET_FONDO": null, "RET_LATERA": null, "PARC_SUP_M": null, "PARC_ANC_M": 0.0, "INC_PRM": null, "COLOR_HEX": "#9AD66E" }, "bbox": [ -57.8727881797, -34.9775567664, -57.8720325019, -34.9769490963 ], "geometry": { "type": "MultiPolygon", "coordinates": [ [ [ [ -57.8727881797, -34.9769861916 ], [ -57.8720779824, -34.9769490963 ], [ -57.8720325019, -34.9775288038 ], [ -57.8727512266, -34.9775567664 ], [ -57.8727881797, -34.9769861916 ] ] ] ] } },
{ "type": "Feature", "properties": { "ZONA_COD": "UE", "ZONA_DESC": "USO ESPECÍFICO", "AREA_TIPO": "General", "DENOM": "Usos Específicos", "FOS_MAX": null, "FOT_RES": null, "FOT_COM": null, "FOT_MIN": null, "DENS_RES": null, "DENS_COM": null, "ALTURA_M": 0.0, "NIVELES": 0.0, "CUF_AV": null, "CUF_CAL": null, "RET_FRENTE": null, "RET_FONDO": null, "RET_LATERA": null, "PARC_SUP_M": null, "PARC_ANC_M": 0.0, "INC_PRM": null, "COLOR_HEX": "#D4D4D4" }, "bbox": [ -57.9827515904, -34.9487707547, -57.9712262028, -34.9386848705 ], "geometry": { "type": "MultiPolygon", "coordinates": [ [ [ [ -57.9735350845, -34.9386848705 ], [ -57.9712262028, -34.940402796 ], [ -57.9722753196, -34.941359635 ], [ -57.976331619, -34.9450588695 ], [ -57.9774056425, -34.9460382734 ], [ -57.9774592268, -34.9459985099 ], [ -57.9784692455, -34.9469555208 ], [ -57.9804564261, -34.9487707547 ], [ -57.9827515904, -34.947061639 ], [ -57.9807624555, -34.9452439428 ], [ -57.9786483544, -34.9433250719 ], [ -57.9745857453, -34.9396335357 ], [ -57.9735350845, -34.9386848705 ] ] ] ] } },
{ "type": "Feature", "properties": { "ZONA_COD": "AU-R3", "ZONA_DESC": "RESIDENCIAL 3", "AREA_TIPO": "Urbana", "DENOM": "Residencial 3", "FOS_MAX": "0.6", "FOT_RES": "1.2", "FOT_COM": null, "FOT_MIN": "NO", "DENS_RES": "300", "DENS_COM": null, "ALTURA_M": 9.0, "NIVELES": 3.0, "CUF_AV": "80", "CUF_CAL": "100", "RET_FRENTE": "NO", "RET_FONDO": "SI", "RET_LATERA": "SI", "PARC_SUP_M": "375", "PARC_ANC_M": 15.0, "INC_PRM": "CUF x 2.0 (por Distrito de interes urbanistico Ver COT Art 16 , 244 y 286 Ord 12692)", "COLOR_HEX": "#5290CE" }, "bbox": [ -57.9843270767, -34.9433250719, -57.9745857453, -34.9354169168 ], "geometry": { "type": "MultiPolygon", "coordinates": [ [ [ [ -57.983301489, -34.9381791673 ], [ -57.9821734037, -34.9390221549 ], [ -57.9801489047, -34.9371707153 ], [ -57.981277366, -34.9363510947 ], [ -57.9802638075, -34.9354169168 ], [ -57.9758459725, -34.9386843804 ], [ -57.9756882953, -34.9388197274 ], [ -57.9745857453, -34.9396335357 ], [ -57.9786483544, -34.9433250719 ], [ -57.9819785305, -34.9408697716 ], [ -57.9821772591, -34.9407049133 ], [ -57.9843270767, -34.9391139919 ], [ -57.983301489, -34.9381791673 ] ] ] ] } },
{ "type": "Feature", "properties": { "ZONA_COD": "AU-R3", "ZONA_DESC": "RESIDENCIAL 3", "AREA_TIPO": "Urbana", "DENOM": "Residencial 3", "FOS_MAX": "0.6", "FOT_RES": "1.2", "FOT_COM": null, "FOT_MIN": "NO", "DENS_RES": "300", "DENS_COM": null, "ALTURA_M": 9.0, "NIVELES": 3.0, "CUF_AV": "80", "CUF_CAL": "100", "RET_FRENTE": "NO", "RET_FONDO": "SI", "RET_LATERA": "SI", "PARC_SUP_M": "375", "PARC_ANC_M": 15.0, "INC_PRM": "CUF x 2.0 (por Distrito de interes urbanistico Ver COT Art 16 , 244 y 286 Ord 12692)", "COLOR_HEX": "#5290CE" }, "bbox": [ -57.9911500568, -34.9373665849, -57.9826033983, -34.9303330816 ], "geometry": { "type": "MultiPolygon", "coordinates": [ [ [ [ -57.987088142, -34.9303352535 ], [ -57.9870857822, -34.9303330816 ], [ -57.9826038273, -34.9336737536 ], [ -57.9826033983, -34.9336740792 ], [ -57.9826846026, -34.9337430635 ], [ -57.9835198633, -34.9345180597 ], [ -57.9836927939, -34.9346785113 ], [ -57.9845236434, -34.9354493904 ], [ -57.9847010085, -34.935613951 ], [ -57.9855418027, -34.936362874 ], [ -57.9857194098, -34.9365278736 ], [ -57.9865997229, -34.9373178506 ], [ -57.9866540303, -34.9373665849 ], [ -57.9876827486, -34.9366131698 ], [ -57.9878429502, -34.9364725778 ], [ -57.9888940913, -34.9357055847 ], [ -57.9899438843, -34.9349168406 ], [ -57.9911500568, -34.9340379521 ], [ -57.9881492368, -34.9313302652 ], [ -57.9880146649, -34.9311881246 ], [ -57.987088142, -34.9303352535 ] ] ] ] } },
{ "type": "Feature", "properties": { "ZONA_COD": "AU-R3", "ZONA_DESC": "RESIDENCIAL 3", "AREA_TIPO": "Urbana", "DENOM": "Residencial 3", "FOS_MAX": "0.6", "FOT_RES": "1.2", "FOT_COM": null, "FOT_MIN": "NO", "DENS_RES": "300", "DENS_COM": null, "ALTURA_M": 9.0, "NIVELES": 3.0, "CUF_AV": "80", "CUF_CAL": "100", "RET_FRENTE": "NO", "RET_FONDO": "SI", "RET_LATERA": "SI", "PARC_SUP_M": "375", "PARC_ANC_M": 15.0, "INC_PRM": "CUF x 2.0 (por Distrito de interes urbanistico Ver COT Art 16 , 244 y 286 Ord 12692)", "COLOR_HEX": "#5290CE" }, "bbox": [ -57.9979682714, -34.9320192835, -57.9894289865, -34.9252419826 ], "geometry": { "type": "MultiPolygon", "coordinates": [ [ [ [ -57.9979682714, -34.9289473181 ], [ -57.9939228223, -34.9252419826 ], [ -57.9894289865, -34.9285913493 ], [ -57.9925288632, -34.9314321143 ], [ -57.9931507579, -34.9319761942 ], [ -57.9938694502, -34.9320192835 ], [ -57.9979682714, -34.9289473181 ] ] ] ] } },
{ "type": "Feature", "properties": { "ZONA_COD": "AU-R3", "ZONA_DESC": "RESIDENCIAL 3", "AREA_TIPO": "Urbana", "DENOM": "Residencial 3", "FOS_MAX": "0.6", "FOT_RES": "1.2", "FOT_COM": null, "FOT_MIN": "NO", "DENS_RES": "300", "DENS_COM": null, "ALTURA_M": 9.0, "NIVELES": 3.0, "CUF_AV": "80", "CUF_CAL": "100", "RET_FRENTE": "NO", "RET_FONDO": "SI", "RET_LATERA": "SI", "PARC_SUP_M": "375", "PARC_ANC_M": 15.0, "INC_PRM": "CUF x 2.0 (por Distrito de interes urbanistico Ver COT Art 16 , 244 y 286 Ord 12692)", "COLOR_HEX": "#5290CE" }, "bbox": [ -58.0041482363, -34.9379277079, -57.9955367726, -34.9308746003 ], "geometry": { "type": "MultiPolygon", "coordinates": [ [ [ [ -58.000085057, -34.9308746003 ], [ -57.9965983485, -34.9334650237 ], [ -57.9955367726, -34.9342570458 ], [ -57.9960009172, -34.9347142441 ], [ -57.9964650672, -34.9351714396 ], [ -57.9967842645, -34.9349331777 ], [ -57.9969055507, -34.9350446604 ], [ -57.9978460203, -34.9359091004 ], [ -57.9976127155, -34.936079727 ], [ -57.9981163862, -34.9365593588 ], [ -57.9985427323, -34.9369652579 ], [ -57.9985702425, -34.9369454935 ], [ -57.9987082129, -34.9370727953 ], [ -57.9991375385, -34.9374689188 ], [ -57.9996346189, -34.9379277079 ], [ -57.9996696664, -34.9379025979 ], [ -58.0002127679, -34.9375134847 ], [ -58.000691861, -34.9371717962 ], [ -58.0006131011, -34.937099247 ], [ -58.0029489786, -34.9353768924 ], [ -58.0030012706, -34.9354249909 ], [ -58.0041482363, -34.9345618908 ], [ -58.0032318343, -34.933702531 ], [ -58.0030481837, -34.9335754092 ], [ -58.000085057, -34.9308746003 ] ] ] ] } },
{ "type": "Feature", "properties": { "ZONA_COD": "AU-R3", "ZONA_DESC": "RESIDENCIAL 3", "AREA_TIPO": "Urbana", "DENOM": "Residencial 3", "FOS_MAX": "0.6", "FOT_RES": "1.2", "FOT_COM": null, "FOT_MIN": "NO", "DENS_RES": "300", "DENS_COM": null, "ALTURA_M": 9.0, "NIVELES": 3.0, "CUF_AV": "80", "CUF_CAL": "100", "RET_FRENTE": "NO", "RET_FONDO": "SI", "RET_LATERA": "SI", "PARC_SUP_M": "375", "PARC_ANC_M": 15.0, "INC_PRM": "CUF x 2.0 (por Distrito de interes urbanistico Ver COT Art 16 , 244 y 286 Ord 12692)", "COLOR_HEX": "#5290CE" }, "bbox": [ -57.9972918688, -34.943019628, -57.9887771174, -34.9359817872 ], "geometry": { "type": "MultiPolygon", "coordinates": [ [ [ [ -57.9887771174, -34.9392931773 ], [ -57.9917033917, -34.9420078475 ], [ -57.9918819485, -34.94213734 ], [ -57.9928194773, -34.943019628 ], [ -57.9938671408, -34.9422252487 ], [ -57.9951582722, -34.9412665156 ], [ -57.995691679, -34.9408665125 ], [ -57.9962250813, -34.9404665057 ], [ -57.9972918688, -34.9396664859 ], [ -57.994359543, -34.936976227 ], [ -57.994159514, -34.9368316151 ], [ -57.9932354668, -34.9359817872 ], [ -57.9887771174, -34.9392931773 ] ] ] ] } },
{ "type": "Feature", "properties": { "ZONA_COD": "AU-R3", "ZONA_DESC": "RESIDENCIAL 3", "AREA_TIPO": "Urbana", "DENOM": "Residencial 3", "FOS_MAX": "0.6", "FOT_RES": "1.2", "FOT_COM": null, "FOT_MIN": "NO", "DENS_RES": "300", "DENS_COM": null, "ALTURA_M": 9.0, "NIVELES": 3.0, "CUF_AV": "80", "CUF_CAL": "100", "RET_FRENTE": "NO", "RET_FONDO": "SI", "RET_LATERA": "SI", "PARC_SUP_M": "375", "PARC_ANC_M": 15.0, "INC_PRM": "CUF x 2.0 (por Distrito de interes urbanistico Ver COT Art 16 , 244 y 286 Ord 12692)", "COLOR_HEX": "#5290CE" }, "bbox": [ -57.9904754808, -34.9531480123, -57.9750698621, -34.9410317377 ], "geometry": { "type": "MultiPolygon", "coordinates": [ [ [ [ -57.9904754808, -34.9447918032 ], [ -57.9904384026, -34.9447575399 ], [ -57.9895584475, -34.9439230464 ], [ -57.989060161, -34.9434540581 ], [ -57.986437478, -34.9410317377 ], [ -57.9807624555, -34.9452439428 ], [ -57.9827515904, -34.947061639 ], [ -57.9804564261, -34.9487707547 ], [ -57.9784692455, -34.9469555208 ], [ -57.9750698621, -34.9494967297 ], [ -57.9770181174, -34.9512477025 ], [ -57.9771936003, -34.9514247377 ], [ -57.9780260946, -34.9521785755 ], [ -57.9781012869, -34.9522466623 ], [ -57.9781442269, -34.9522865688 ], [ -57.9782919738, -34.9524210084 ], [ -57.9784397216, -34.952555449 ], [ -57.9786153691, -34.952708197 ], [ -57.9787910175, -34.9528609451 ], [ -57.9791071957, -34.9531480123 ], [ -57.9801381974, -34.9523798653 ], [ -57.9892635858, -34.9456647337 ], [ -57.9894552404, -34.945545704 ], [ -57.9904754808, -34.9447918032 ] ] ] ] } },
{ "type": "Feature", "properties": { "ZONA_COD": "AU-R3", "ZONA_DESC": "RESIDENCIAL 3", "AREA_TIPO": "Urbana", "DENOM": "Residencial 3", "FOS_MAX": "0.6", "FOT_RES": "1.2", "FOT_COM": null, "FOT_MIN": "NO", "DENS_RES": "300", "DENS_COM": null, "ALTURA_M": 9.0, "NIVELES": 3.0, "CUF_AV": "80", "CUF_CAL": "100", "RET_FRENTE": "NO", "RET_FONDO": "SI", "RET_LATERA": "SI", "PARC_SUP_M": "375", "PARC_ANC_M": 15.0, "INC_PRM": "CUF x 2.0 (por Distrito de interes urbanistico Ver COT Art 16 , 244 y 286 Ord 12692)", "COLOR_HEX": "#5290CE" }, "bbox": [ -57.976799324, -34.9582617544, -57.9682669333, -34.9512337504 ], "geometry": { "type": "MultiPolygon", "coordinates": [ [ [ [ -57.9727280715, -34.9512337504 ], [ -57.9697617549, -34.9534512124 ], [ -57.9696044725, -34.9535691522 ], [ -57.9694798939, -34.9536625675 ], [ -57.9694471891, -34.9536870911 ], [ -57.9682669333, -34.9545705896 ], [ -57.9723032534, -34.9582617544 ], [ -57.976799324, -34.9549187603 ], [ -57.9727280715, -34.9512337504 ] ] ] ] } },
{ "type": "Feature", "properties": { "ZONA_COD": "AU-R3", "ZONA_DESC": "RESIDENCIAL 3", "AREA_TIPO": "Urbana", "DENOM": "Residencial 3", "FOS_MAX": "0.6", "FOT_RES": "1.2", "FOT_COM": null, "FOT_MIN": "NO", "DENS_RES": "300", "DENS_COM": null, "ALTURA_M": 9.0, "NIVELES": 3.0, "CUF_AV": "80", "CUF_CAL": "100", "RET_FRENTE": "NO", "RET_FONDO": "SI", "RET_LATERA": "SI", "PARC_SUP_M": "375", "PARC_ANC_M": 15.0, "INC_PRM": "CUF x 2.0 (por Distrito de interes urbanistico Ver COT Art 16 , 244 y 286 Ord 12692)", "COLOR_HEX": "#5290CE" }, "bbox": [ -57.9829561745, -34.9638674238, -57.974426443, -34.9568416475 ], "geometry": { "type": "MultiPolygon", "coordinates": [ [ [ [ -57.9784692958, -34.9638674238 ], [ -57.9785469001, -34.9638099077 ], [ -57.9795225557, -34.9630867988 ], [ -57.9796349827, -34.9630034721 ], [ -57.9817510569, -34.9614350608 ], [ -57.9829561745, -34.9605386175 ], [ -57.9789270741, -34.9568416475 ], [ -57.974426443, -34.9601934604 ], [ -57.974431124, -34.9601977142 ], [ -57.9784692958, -34.9638674238 ] ] ] ] } },
{ "type": "Feature", "properties": { "ZONA_COD": "AU-R3", "ZONA_DESC": "RESIDENCIAL 3", "AREA_TIPO": "Urbana", "DENOM": "Residencial 3", "FOS_MAX": "0.6", "FOT_RES": "1.2", "FOT_COM": null, "FOT_MIN": "NO", "DENS_RES": "300", "DENS_COM": null, "ALTURA_M": 9.0, "NIVELES": 3.0, "CUF_AV": "80", "CUF_CAL": "100", "RET_FRENTE": "NO", "RET_FONDO": "SI", "RET_LATERA": "SI", "PARC_SUP_M": "375", "PARC_ANC_M": 15.0, "INC_PRM": "CUF x 2.0 (por Distrito de interes urbanistico Ver COT Art 16 , 244 y 286 Ord 12692)", "COLOR_HEX": "#5290CE" }, "bbox": [ -58.00274958, -34.9641554317, -57.9874067547, -34.9522838052 ], "geometry": { "type": "MultiPolygon", "coordinates": [ [ [ [ -57.9987763033, -34.9522838052 ], [ -57.9986879323, -34.9523491715 ], [ -57.9975464822, -34.9531934514 ], [ -57.9964083416, -34.9540252281 ], [ -57.9953257206, -34.954828016 ], [ -57.9953746725, -34.9548725585 ], [ -57.9932783996, -34.9564400022 ], [ -57.9930227403, -34.9566311594 ], [ -57.9927670792, -34.9568223157 ], [ -57.991989725, -34.9574035313 ], [ -57.9919144131, -34.9573384015 ], [ -57.9900095222, -34.9587813152 ], [ -57.9899775603, -34.9593808932 ], [ -57.9892555558, -34.9593473287 ], [ -57.9874067547, -34.9607121929 ], [ -57.9907442485, -34.9637851692 ], [ -57.9907848332, -34.9637868356 ], [ -57.9914187626, -34.9638128647 ], [ -57.9917995733, -34.9641554317 ], [ -57.997174403, -34.9601632485 ], [ -57.9979561387, -34.9595787099 ], [ -57.9979996533, -34.9589964744 ], [ -57.9983559584, -34.9590106333 ], [ -57.9987122635, -34.9590247914 ], [ -57.9995942457, -34.9583784477 ], [ -58.0004763754, -34.9577296471 ], [ -58.0010300205, -34.9573115046 ], [ -58.0015836594, -34.9568933594 ], [ -58.0017611765, -34.9567639398 ], [ -58.00274958, -34.9560305427 ], [ -58.0016769955, -34.9550014745 ], [ -58.0007317046, -34.9540945065 ], [ -58.0007613588, -34.9540722455 ], [ -57.9998543917, -34.9532551242 ], [ -57.9987763033, -34.9522838052 ] ] ] ] } },
{ "type": "Feature", "properties": { "ZONA_COD": "AU-R3", "ZONA_DESC": "RESIDENCIAL 3", "AREA_TIPO": "Urbana", "DENOM": "Residencial 3", "FOS_MAX": "0.6", "FOT_RES": "1.2", "FOT_COM": null, "FOT_MIN": "NO", "DENS_RES": "300", "DENS_COM": null, "ALTURA_M": 9.0, "NIVELES": 3.0, "CUF_AV": "80", "CUF_CAL": "100", "RET_FRENTE": "NO", "RET_FONDO": "SI", "RET_LATERA": "SI", "PARC_SUP_M": "375", "PARC_ANC_M": 15.0, "INC_PRM": "CUF x 2.0 (por Distrito de interes urbanistico Ver COT Art 16 , 244 y 286 Ord 12692)", "COLOR_HEX": "#5290CE" }, "bbox": [ -57.9887921154, -34.9694842827, -57.9805791107, -34.9624722579 ], "geometry": { "type": "MultiPolygon", "coordinates": [ [ [ [ -57.9887594268, -34.9664320556 ], [ -57.9887907691, -34.9658592801 ], [ -57.9887921154, -34.9658346764 ], [ -57.9861989895, -34.9634652281 ], [ -57.9850397769, -34.9624722579 ], [ -57.9838836417, -34.9633313739 ], [ -57.9817712592, -34.9649009922 ], [ -57.9805791107, -34.9657997827 ], [ -57.9815620329, -34.9667062805 ], [ -57.9815879261, -34.9667051779 ], [ -57.9816453173, -34.9667027317 ], [ -57.9836586205, -34.9685472035 ], [ -57.9846679324, -34.9694842827 ], [ -57.9887594268, -34.9664320556 ] ] ] ] } },
{ "type": "Feature", "properties": { "ZONA_COD": "AU-R3", "ZONA_DESC": "RESIDENCIAL 3", "AREA_TIPO": "Urbana", "DENOM": "Residencial 3", "FOS_MAX": "0.6", "FOT_RES": "1.2", "FOT_COM": null, "FOT_MIN": "NO", "DENS_RES": "300", "DENS_COM": null, "ALTURA_M": 9.0, "NIVELES": 3.0, "CUF_AV": "80", "CUF_CAL": "100", "RET_FRENTE": "NO", "RET_FONDO": "SI", "RET_LATERA": "SI", "PARC_SUP_M": "375", "PARC_ANC_M": 15.0, "INC_PRM": "CUF x 2.0 (por Distrito de interes urbanistico Ver COT Art 16 , 244 y 286 Ord 12692)", "COLOR_HEX": "#5290CE" }, "bbox": [ -58.0164962112, -34.9491586988, -58.0079743578, -34.9421139504 ], "geometry": { "type": "MultiPolygon", "coordinates": [ [ [ [ -58.0164962112, -34.9458480965 ], [ -58.0155247375, -34.9449624918 ], [ -58.0135205156, -34.9431654287 ], [ -58.0133932246, -34.9429723866 ], [ -58.0124380295, -34.9421139504 ], [ -58.0113830186, -34.9428969478 ], [ -58.0112895512, -34.9429968679 ], [ -58.0092035134, -34.9445383356 ], [ -58.009035288, -34.9446954912 ], [ -58.0079743578, -34.9454625886 ], [ -58.0089047577, -34.946313984 ], [ -58.0109425154, -34.9481833112 ], [ -58.0110756843, -34.9482843545 ], [ -58.0120294081, -34.9491586988 ], [ -58.0130712349, -34.9483829022 ], [ -58.0131055513, -34.9484146744 ], [ -58.0142139855, -34.9475970917 ], [ -58.0142176817, -34.9475395747 ], [ -58.0154342819, -34.9466248113 ], [ -58.0164962112, -34.9458480965 ] ] ] ] } },
{ "type": "Feature", "properties": { "ZONA_COD": "AU-UE", "ZONA_DESC": "USOS ESPECÍFICOS AU", "AREA_TIPO": "Urbana", "DENOM": "Usos Específicos", "FOS_MAX": null, "FOT_RES": null, "FOT_COM": null, "FOT_MIN": null, "DENS_RES": null, "DENS_COM": null, "ALTURA_M": 0.0, "NIVELES": 0.0, "CUF_AV": null, "CUF_CAL": null, "RET_FRENTE": null, "RET_FONDO": null, "RET_LATERA": null, "PARC_SUP_M": null, "PARC_ANC_M": 0.0, "INC_PRM": null, "COLOR_HEX": "#D4D4D4" }, "bbox": [ -58.0448706662, -35.0004854973, -58.0353690168, -34.9924055366 ], "geometry": { "type": "MultiPolygon", "coordinates": [ [ [ [ -58.0413988092, -35.0004341838 ], [ -58.0448706662, -34.9979006218 ], [ -58.043804412, -34.9969236334 ], [ -58.039755175, -34.9932131044 ], [ -58.0390636539, -34.99257938 ], [ -58.0388739572, -34.9924055366 ], [ -58.0353690168, -34.9950342585 ], [ -58.0354698928, -34.9951265389 ], [ -58.0362337788, -34.9958253328 ], [ -58.0413284885, -35.0004854973 ], [ -58.0413988092, -35.0004341838 ] ] ] ] } },
{ "type": "Feature", "properties": { "ZONA_COD": "AU-R6", "ZONA_DESC": "RESIDENCIAL 6", "AREA_TIPO": "Urbana", "DENOM": "Residencial 6", "FOS_MAX": "0.4", "FOT_RES": "0.8", "FOT_COM": null, "FOT_MIN": "NO", "DENS_RES": "150", "DENS_COM": null, "ALTURA_M": 9.0, "NIVELES": 3.0, "CUF_AV": "300", "CUF_CAL": "300", "RET_FRENTE": "SI", "RET_FONDO": "SI", "RET_LATERA": "SI", "PARC_SUP_M": "300", "PARC_ANC_M": 12.0, "INC_PRM": "CUF x 2.0 (por Multifamiliar en Bloque,Ver COT Art 287 Ordenanza 12692) (por Distrito de Interes Urbanistico Ver COT Art 16 , 244 y 286 Ord 12692)", "COLOR_HEX": "#D5EEF9" }, "bbox": [ -58.0563289131, -35.0079357267, -58.0424731429, -34.9971808027 ], "geometry": { "type": "MultiPolygon", "coordinates": [ [ [ [ -58.0445183236, -35.0032498397 ], [ -58.0467874435, -35.0015187725 ], [ -58.0498934042, -35.0043517637 ], [ -58.0487687192, -35.0051764825 ], [ -58.0497852832, -35.0060924537 ], [ -58.0499481522, -35.0061686416 ], [ -58.0519208915, -35.0079357267 ], [ -58.0563289131, -35.0046601808 ], [ -58.0532636189, -35.0018469872 ], [ -58.0501776277, -34.9990445496 ], [ -58.0495769066, -34.9994677013 ], [ -58.0490846735, -34.9990178019 ], [ -58.0496599527, -34.9985968599 ], [ -58.048157093, -34.9971808027 ], [ -58.0424731429, -35.0013871108 ], [ -58.0445183236, -35.0032498397 ] ] ] ] } },
{ "type": "Feature", "properties": { "ZONA_COD": "AU-R6", "ZONA_DESC": "RESIDENCIAL 6", "AREA_TIPO": "Urbana", "DENOM": "Residencial 6", "FOS_MAX": "0.4", "FOT_RES": "0.8", "FOT_COM": null, "FOT_MIN": "NO", "DENS_RES": "150", "DENS_COM": null, "ALTURA_M": 9.0, "NIVELES": 3.0, "CUF_AV": "300", "CUF_CAL": "300", "RET_FRENTE": "SI", "RET_FONDO": "SI", "RET_LATERA": "SI", "PARC_SUP_M": "300", "PARC_ANC_M": 12.0, "INC_PRM": "CUF x 2.0 (por Multifamiliar en Bloque,Ver COT Art 287 Ordenanza 12692) (por Distrito de Interes Urbanistico Ver COT Art 16 , 244 y 286 Ord 12692)", "COLOR_HEX": "#D5EEF9" }, "bbox": [ -58.079762447, -35.0267842541, -58.0768936771, -35.0243785137 ], "geometry": { "type": "MultiPolygon", "coordinates": [ [ [ [ -58.0768936771, -35.0252124478 ], [ -58.0786472849, -35.0267842541 ], [ -58.079762447, -35.0259586684 ], [ -58.0780123168, -35.0243785137 ], [ -58.0768936771, -35.0252124478 ] ] ] ] } },
{ "type": "Feature", "properties": { "ZONA_COD": "UE", "ZONA_DESC": "USO ESPECÍFICO", "AREA_TIPO": "General", "DENOM": "Usos Específicos", "FOS_MAX": null, "FOT_RES": null, "FOT_COM": null, "FOT_MIN": null, "DENS_RES": null, "DENS_COM": null, "ALTURA_M": 0.0, "NIVELES": 0.0, "CUF_AV": null, "CUF_CAL": null, "RET_FRENTE": null, "RET_FONDO": null, "RET_LATERA": null, "PARC_SUP_M": null, "PARC_ANC_M": 0.0, "INC_PRM": null, "COLOR_HEX": "#D4D4D4" }, "bbox": [ -58.0747161037, -35.0304641342, -58.0677956865, -35.0242917839 ], "geometry": { "type": "MultiPolygon", "coordinates": [ [ [ [ -58.0677956865, -35.0250260228 ], [ -58.070054288, -35.0270744824 ], [ -58.0716216849, -35.0284959643 ], [ -58.0726958396, -35.0294718349 ], [ -58.0727199235, -35.0294938233 ], [ -58.0726345796, -35.0295546201 ], [ -58.0736626288, -35.0304641342 ], [ -58.0740487536, -35.0301778962 ], [ -58.0747161037, -35.0296872863 ], [ -58.0730077965, -35.028107557 ], [ -58.0721811235, -35.0273481407 ], [ -58.0712151985, -35.0264529951 ], [ -58.0695210521, -35.0249029362 ], [ -58.0688452511, -35.0242917839 ], [ -58.0677956865, -35.0250260228 ] ] ] ] } },
{ "type": "Feature", "properties": { "ZONA_COD": "AU-EV", "ZONA_DESC": "ESPACIO VERDE", "AREA_TIPO": "Urbana", "DENOM": "Espacio Verde", "FOS_MAX": null, "FOT_RES": null, "FOT_COM": null, "FOT_MIN": null, "DENS_RES": null, "DENS_COM": null, "ALTURA_M": 0.0, "NIVELES": 0.0, "CUF_AV": null, "CUF_CAL": null, "RET_FRENTE": null, "RET_FONDO": null, "RET_LATERA": null, "PARC_SUP_M": null, "PARC_ANC_M": 0.0, "INC_PRM": null, "COLOR_HEX": "#9AD66E" }, "bbox": [ -58.0489859882, -34.953198833, -58.047198288, -34.9517458181 ], "geometry": { "type": "MultiPolygon", "coordinates": [ [ [ [ -58.0481388628, -34.9517458181 ], [ -58.047198288, -34.9524380308 ], [ -58.048067972, -34.953198833 ], [ -58.0489859882, -34.952518539 ], [ -58.0481388628, -34.9517458181 ] ] ] ] } },
{ "type": "Feature", "properties": { "ZONA_COD": "AU-UE", "ZONA_DESC": "USOS ESPECÍFICOS AU", "AREA_TIPO": "Urbana", "DENOM": "Usos Específicos", "FOS_MAX": null, "FOT_RES": null, "FOT_COM": null, "FOT_MIN": null, "DENS_RES": null, "DENS_COM": null, "ALTURA_M": 0.0, "NIVELES": 0.0, "CUF_AV": null, "CUF_CAL": null, "RET_FRENTE": null, "RET_FONDO": null, "RET_LATERA": null, "PARC_SUP_M": null, "PARC_ANC_M": 0.0, "INC_PRM": null, "COLOR_HEX": "#D4D4D4" }, "bbox": [ -58.0087381997, -34.8887728027, -58.0022856333, -34.8834093297 ], "geometry": { "type": "MultiPolygon", "coordinates": [ [ [ [ -58.0022856333, -34.8859319379 ], [ -58.0026159399, -34.8862403118 ], [ -58.0053286846, -34.8887728027 ], [ -58.0087381997, -34.8862273292 ], [ -58.0067367585, -34.8843764741 ], [ -58.0056553156, -34.8834093297 ], [ -58.0022856333, -34.8859319379 ] ] ] ] } },
{ "type": "Feature", "properties": { "ZONA_COD": "AC-RU", "ZONA_DESC": "RESERVA URBANA", "AREA_TIPO": "Complem.", "DENOM": "Reserva Urbana", "FOS_MAX": "0.2", "FOT_RES": "0.3", "FOT_COM": null, "FOT_MIN": null, "DENS_RES": "1 vivienda por parcela", "DENS_COM": null, "ALTURA_M": 6.0, "NIVELES": 2.0, "CUF_AV": null, "CUF_CAL": null, "RET_FRENTE": "SI", "RET_FONDO": "SI", "RET_LATERA": "SI", "PARC_SUP_M": "4 Ha", "PARC_ANC_M": 0.0, "INC_PRM": "No aplica", "COLOR_HEX": "#DFDDA1" }, "bbox": [ -58.0939059886, -34.9993818997, -58.0812839056, -34.9903104265 ], "geometry": { "type": "MultiPolygon", "coordinates": [ [ [ [ -58.0812839056, -34.9969389453 ], [ -58.0838895087, -34.9993222674 ], [ -58.0839485087, -34.9993818997 ], [ -58.0876106614, -34.996625545 ], [ -58.0882181049, -34.9961694494 ], [ -58.0888252858, -34.9957135407 ], [ -58.0894394966, -34.9952525564 ], [ -58.0900537012, -34.9947915693 ], [ -58.0906591626, -34.9943352901 ], [ -58.0912646177, -34.9938790074 ], [ -58.0920381273, -34.9932960759 ], [ -58.0928117088, -34.9927130759 ], [ -58.0939059886, -34.9918920561 ], [ -58.0924637791, -34.9905624453 ], [ -58.09233565, -34.9906578463 ], [ -58.0921994234, -34.9905339908 ], [ -58.0912185004, -34.9912668438 ], [ -58.0901726671, -34.9903104265 ], [ -58.0901130502, -34.9903547289 ], [ -58.0896256302, -34.9907172762 ], [ -58.0891314087, -34.9910848498 ], [ -58.0889827508, -34.9911954313 ], [ -58.0886225795, -34.9914634572 ], [ -58.0884925375, -34.9915599122 ], [ -58.0879997504, -34.9919266026 ], [ -58.0878847802, -34.9920105867 ], [ -58.0849556532, -34.9941970616 ], [ -58.0849556532, -34.9941970616 ], [ -58.0849556532, -34.9941970616 ], [ -58.0847651804, -34.9943368532 ], [ -58.0845747067, -34.9944766438 ], [ -58.0844936687, -34.9945372833 ], [ -58.0812839056, -34.9969389453 ] ] ] ] } },
{ "type": "Feature", "properties": { "ZONA_COD": "AU-UE", "ZONA_DESC": "USOS ESPECÍFICOS AU", "AREA_TIPO": "Urbana", "DENOM": "Usos Específicos", "FOS_MAX": null, "FOT_RES": null, "FOT_COM": null, "FOT_MIN": null, "DENS_RES": null, "DENS_COM": null, "ALTURA_M": 0.0, "NIVELES": 0.0, "CUF_AV": null, "CUF_CAL": null, "RET_FRENTE": null, "RET_FONDO": null, "RET_LATERA": null, "PARC_SUP_M": null, "PARC_ANC_M": 0.0, "INC_PRM": null, "COLOR_HEX": "#D4D4D4" }, "bbox": [ -58.0456040814, -34.8801281712, -58.0299098559, -34.8681581291 ], "geometry": { "type": "MultiPolygon", "coordinates": [ [ [ [ -58.03060729, -34.8752511333 ], [ -58.0309194123, -34.8755147399 ], [ -58.0311337405, -34.8756984552 ], [ -58.0313021961, -34.8759715487 ], [ -58.0314212601, -34.8760230448 ], [ -58.0316734336, -34.8759955858 ], [ -58.0318977416, -34.8759902061 ], [ -58.0322007034, -34.8761258787 ], [ -58.0323077623, -34.8762222393 ], [ -58.0324081752, -34.8763680598 ], [ -58.0324372692, -34.876487131 ], [ -58.0324346351, -34.8766343464 ], [ -58.0325639773, -34.8769428543 ], [ -58.0326807885, -34.8770889393 ], [ -58.0328847304, -34.8772499539 ], [ -58.0331114999, -34.8773662758 ], [ -58.0333113733, -34.8774686439 ], [ -58.0335432896, -34.8776030727 ], [ -58.0336289185, -34.8776810619 ], [ -58.0337449922, -34.8777205206 ], [ -58.0338496176, -34.877735551 ], [ -58.0339509118, -34.8777206069 ], [ -58.0340474909, -34.8777199162 ], [ -58.0341302537, -34.8777001671 ], [ -58.0342130165, -34.8776804171 ], [ -58.0343155887, -34.8776760374 ], [ -58.0343657088, -34.8777205575 ], [ -58.034415828, -34.8777650766 ], [ -58.0345171825, -34.8778118674 ], [ -58.0346242279, -34.8779250786 ], [ -58.0347312742, -34.8780382906 ], [ -58.0348527582, -34.878126095 ], [ -58.0349742441, -34.8782139004 ], [ -58.0351286801, -34.878325535 ], [ -58.0352831171, -34.8784371687 ], [ -58.0353992412, -34.8785182174 ], [ -58.0355153661, -34.878599267 ], [ -58.0356431706, -34.8786283691 ], [ -58.0357709759, -34.8786574712 ], [ -58.0359940051, -34.8787061362 ], [ -58.0361379398, -34.878746764 ], [ -58.0362818745, -34.8787873917 ], [ -58.0364770391, -34.878858136 ], [ -58.0365927863, -34.8789321034 ], [ -58.0367085345, -34.8790060709 ], [ -58.0368945907, -34.8791149689 ], [ -58.037080647, -34.8792238669 ], [ -58.0372394816, -34.8793278195 ], [ -58.0373983163, -34.8794317713 ], [ -58.0375420405, -34.8795963112 ], [ -58.0376575791, -34.8797964446 ], [ -58.0376600334, -34.8799623074 ], [ -58.0376624876, -34.8801281712 ], [ -58.0393480663, -34.8797442407 ], [ -58.0410336305, -34.8793602859 ], [ -58.0416767339, -34.8792067186 ], [ -58.0423198337, -34.8790531477 ], [ -58.0436060279, -34.8787459959 ], [ -58.043781679, -34.8787059698 ], [ -58.0439573301, -34.8786659446 ], [ -58.0441286392, -34.8786245416 ], [ -58.0442999475, -34.8785831386 ], [ -58.0443752288, -34.8785629012 ], [ -58.0444505111, -34.8785426628 ], [ -58.0449346818, -34.8784303204 ], [ -58.0450402244, -34.8784067842 ], [ -58.0451457653, -34.8783833371 ], [ -58.0455099691, -34.8782940263 ], [ -58.0456040814, -34.8782701089 ], [ -58.0441039924, -34.8761918422 ], [ -58.0420324346, -34.8733152473 ], [ -58.0383150654, -34.8681581291 ], [ -58.0329299313, -34.8706749979 ], [ -58.030337068, -34.8718398133 ], [ -58.0303258247, -34.87197686 ], [ -58.0303057743, -34.8721297412 ], [ -58.0302491854, -34.8722099337 ], [ -58.0302036347, -34.8722857996 ], [ -58.0301963421, -34.8723622843 ], [ -58.0301587216, -34.8724495437 ], [ -58.0301211003, -34.8725368022 ], [ -58.0300865879, -34.8726083406 ], [ -58.0300601119, -34.8726867678 ], [ -58.0300336367, -34.872765195 ], [ -58.0300236651, -34.8728393836 ], [ -58.0300136934, -34.8729135723 ], [ -58.0300195803, -34.8730105489 ], [ -58.0300236759, -34.8730780061 ], [ -58.0300254673, -34.8731075246 ], [ -58.0300263199, -34.8731863951 ], [ -58.0300271715, -34.8732652648 ], [ -58.0300326286, -34.8733802584 ], [ -58.0300380857, -34.873495252 ], [ -58.0300284279, -34.8736708329 ], [ -58.0300187709, -34.8738464139 ], [ -58.0299769111, -34.8739966888 ], [ -58.0299350513, -34.8741469637 ], [ -58.0299098559, -34.8742862444 ], [ -58.0300621237, -34.874550065 ], [ -58.0303327, -34.874896912 ], [ -58.0305549477, -34.8752069272 ], [ -58.03060729, -34.8752511333 ] ] ] ] } },
{ "type": "Feature", "properties": { "ZONA_COD": "UE", "ZONA_DESC": "USO ESPECÍFICO", "AREA_TIPO": "General", "DENOM": "Usos Específicos", "FOS_MAX": null, "FOT_RES": null, "FOT_COM": null, "FOT_MIN": null, "DENS_RES": null, "DENS_COM": null, "ALTURA_M": 0.0, "NIVELES": 0.0, "CUF_AV": null, "CUF_CAL": null, "RET_FRENTE": null, "RET_FONDO": null, "RET_LATERA": null, "PARC_SUP_M": null, "PARC_ANC_M": 0.0, "INC_PRM": null, "COLOR_HEX": "#D4D4D4" }, "bbox": [ -58.0460957407, -34.8675624748, -58.0382068886, -34.8634722538 ], "geometry": { "type": "MultiPolygon", "coordinates": [ [ [ [ -58.0460957407, -34.863843315 ], [ -58.0459054136, -34.8635744654 ], [ -58.0451409449, -34.8635087438 ], [ -58.0447165269, -34.8634722538 ], [ -58.0441709119, -34.8637346832 ], [ -58.0439801666, -34.8638264257 ], [ -58.0438831927, -34.8638730673 ], [ -58.04374786, -34.8639381584 ], [ -58.0432861669, -34.8641602163 ], [ -58.0430066945, -34.8642946317 ], [ -58.042855219, -34.864367484 ], [ -58.0427722745, -34.864407377 ], [ -58.0426607577, -34.8644610117 ], [ -58.0425640176, -34.864507539 ], [ -58.0424787997, -34.8645485247 ], [ -58.0422822366, -34.8646430605 ], [ -58.0422114123, -34.8646771233 ], [ -58.0420944402, -34.8647333812 ], [ -58.0416981387, -34.8649239791 ], [ -58.041587451, -34.8649772126 ], [ -58.0415220154, -34.8650086835 ], [ -58.0413438669, -34.865094361 ], [ -58.0412595231, -34.8651349249 ], [ -58.0411645403, -34.8651806051 ], [ -58.0410676465, -34.8652272044 ], [ -58.0409756584, -34.8652714447 ], [ -58.0409114396, -34.8653023292 ], [ -58.040710943, -34.8653987528 ], [ -58.0405860163, -34.8654588329 ], [ -58.0404397965, -34.8655291535 ], [ -58.0403640708, -34.8655655716 ], [ -58.0402883443, -34.8656019896 ], [ -58.0401474511, -34.8656697482 ], [ -58.0399915339, -34.8657447309 ], [ -58.0398601888, -34.8658078966 ], [ -58.0397180941, -34.8658762325 ], [ -58.0396169069, -34.8659248939 ], [ -58.0395222209, -34.8659704293 ], [ -58.039403424, -34.8660275596 ], [ -58.0393329037, -34.8660614731 ], [ -58.0391737264, -34.8661380225 ], [ -58.0390703898, -34.8661877172 ], [ -58.0389349618, -34.8662528443 ], [ -58.0388039521, -34.8663158472 ], [ -58.0386754408, -34.8663776477 ], [ -58.0382068886, -34.8672852939 ], [ -58.0383971591, -34.8675624748 ], [ -58.0460957407, -34.863843315 ] ] ] ] } },
{ "type": "Feature", "properties": { "ZONA_COD": "UE", "ZONA_DESC": "USO ESPECÍFICO", "AREA_TIPO": "General", "DENOM": "Usos Específicos", "FOS_MAX": null, "FOT_RES": null, "FOT_COM": null, "FOT_MIN": null, "DENS_RES": null, "DENS_COM": null, "ALTURA_M": 0.0, "NIVELES": 0.0, "CUF_AV": null, "CUF_CAL": null, "RET_FRENTE": null, "RET_FONDO": null, "RET_LATERA": null, "PARC_SUP_M": null, "PARC_ANC_M": 0.0, "INC_PRM": null, "COLOR_HEX": "#D4D4D4" }, "bbox": [ -58.1322840326, -34.8899442048, -58.1210122961, -34.8867526997 ], "geometry": { "type": "MultiPolygon", "coordinates": [ [ [ [ -58.1218359564, -34.8899442048 ], [ -58.1226389439, -34.8897638367 ], [ -58.1238326177, -34.889499874 ], [ -58.1250490119, -34.8892001345 ], [ -58.1262231704, -34.8889102659 ], [ -58.1274441718, -34.8886481936 ], [ -58.1322840326, -34.8874808241 ], [ -58.1313856773, -34.8867526997 ], [ -58.1289297133, -34.887277919 ], [ -58.1289291773, -34.8872780153 ], [ -58.1253851128, -34.8881988716 ], [ -58.1221506813, -34.888943334 ], [ -58.1210122961, -34.8892258956 ], [ -58.1215524334, -34.8896985244 ], [ -58.1218359564, -34.8899442048 ] ] ] ] } },
{ "type": "Feature", "properties": { "ZONA_COD": "AU-CS1", "ZONA_DESC": "CORREDOR SERVICIOS 1", "AREA_TIPO": "Urbana", "DENOM": "Corredor Servicios 1", "FOS_MAX": "0.6", "FOT_RES": "1.0", "FOT_COM": null, "FOT_MIN": "NO", "DENS_RES": "300", "DENS_COM": null, "ALTURA_M": 9.0, "NIVELES": 3.0, "CUF_AV": "100", "CUF_CAL": null, "RET_FRENTE": "NO", "RET_FONDO": "SI", "RET_LATERA": "SI", "PARC_SUP_M": "375", "PARC_ANC_M": 15.0, "INC_PRM": "No aplica", "COLOR_HEX": "#C22B7E" }, "bbox": [ -57.9754034251, -34.8893955635, -57.9574640826, -34.8791548385 ], "geometry": { "type": "MultiPolygon", "coordinates": [ [ [ [ -57.9588240428, -34.8893955635 ], [ -57.9701108618, -34.8809897505 ], [ -57.973111859, -34.8836791883 ], [ -57.9733156958, -34.8838904148 ], [ -57.9742355628, -34.884738569 ], [ -57.9754034251, -34.8838621941 ], [ -57.9716145103, -34.8804153751 ], [ -57.9712843179, -34.8801149763 ], [ -57.9702310868, -34.8791548385 ], [ -57.965702449, -34.8825239849 ], [ -57.9650365415, -34.8819166889 ], [ -57.9649712894, -34.881964183 ], [ -57.9646166732, -34.8822239189 ], [ -57.9643470358, -34.8824213624 ], [ -57.9639904114, -34.8826825947 ], [ -57.9641691193, -34.8828462731 ], [ -57.9645254523, -34.8825880094 ], [ -57.9645887331, -34.8826472864 ], [ -57.9642336295, -34.8829044899 ], [ -57.9642322976, -34.8831402219 ], [ -57.9640188201, -34.8832953478 ], [ -57.9638296603, -34.8831208595 ], [ -57.9634536196, -34.8833931203 ], [ -57.9636517699, -34.8835710934 ], [ -57.9634942474, -34.8836922789 ], [ -57.9634675717, -34.8836697527 ], [ -57.9632324673, -34.8838413667 ], [ -57.963036818, -34.8840760043 ], [ -57.9627913651, -34.8842591602 ], [ -57.9627231147, -34.8841929494 ], [ -57.9626366224, -34.8842498972 ], [ -57.9625647171, -34.8841856074 ], [ -57.9624792015, -34.884242842 ], [ -57.9624919395, -34.8842540503 ], [ -57.9623282449, -34.884372607 ], [ -57.962487861, -34.8845255133 ], [ -57.9621963044, -34.8846578783 ], [ -57.9616368461, -34.8851248701 ], [ -57.961438408, -34.8852772692 ], [ -57.9613602928, -34.8852075574 ], [ -57.9612821984, -34.8852653667 ], [ -57.9612101951, -34.8852006236 ], [ -57.9611256615, -34.8852622892 ], [ -57.9611992081, -34.8853310235 ], [ -57.961114706, -34.8853914283 ], [ -57.9611928876, -34.8854584377 ], [ -57.9609407474, -34.8856463429 ], [ -57.9608300508, -34.8857665085 ], [ -57.9607635369, -34.8858247819 ], [ -57.9606504508, -34.8857230308 ], [ -57.9603806631, -34.8859256885 ], [ -57.9602618006, -34.8858187043 ], [ -57.9601869896, -34.8858763868 ], [ -57.9602326455, -34.8859186082 ], [ -57.9599247626, -34.88615361 ], [ -57.9599972884, -34.886219354 ], [ -57.9600752624, -34.8862859093 ], [ -57.9598319067, -34.886472158 ], [ -57.9597583844, -34.8866457568 ], [ -57.9595125395, -34.8868264648 ], [ -57.9592950798, -34.8866288747 ], [ -57.9586816369, -34.8870796257 ], [ -57.9588933239, -34.8872762193 ], [ -57.9587735189, -34.8873664897 ], [ -57.9586230623, -34.8874578671 ], [ -57.9585382949, -34.8875199779 ], [ -57.9584604775, -34.8874471157 ], [ -57.9583195627, -34.8875506394 ], [ -57.9582600069, -34.8874955667 ], [ -57.9581958933, -34.8875451364 ], [ -57.9581369904, -34.887494581 ], [ -57.9580684882, -34.8875447083 ], [ -57.9580066139, -34.8874904972 ], [ -57.9579434545, -34.8875368393 ], [ -57.9578865158, -34.8874820804 ], [ -57.9577519799, -34.887579763 ], [ -57.9578112227, -34.8876341999 ], [ -57.9577470129, -34.8876832273 ], [ -57.9578046523, -34.8877406112 ], [ -57.9577453923, -34.8877840449 ], [ -57.9577945421, -34.8878353377 ], [ -57.9577302909, -34.8878859866 ], [ -57.9577864176, -34.8879426242 ], [ -57.9575591275, -34.8881068781 ], [ -57.9574640826, -34.888177599 ], [ -57.9577967337, -34.8884693859 ], [ -57.9588240428, -34.8893955635 ] ] ] ] } },
{ "type": "Feature", "properties": { "ZONA_COD": "AU-DR", "ZONA_DESC": "DISTRITO DEP. RECREAT.", "AREA_TIPO": "Urbana", "DENOM": "Deportivo Recreativo", "FOS_MAX": null, "FOT_RES": null, "FOT_COM": null, "FOT_MIN": null, "DENS_RES": null, "DENS_COM": null, "ALTURA_M": 0.0, "NIVELES": 0.0, "CUF_AV": null, "CUF_CAL": null, "RET_FRENTE": null, "RET_FONDO": null, "RET_LATERA": null, "PARC_SUP_M": null, "PARC_ANC_M": 0.0, "INC_PRM": null, "COLOR_HEX": "#BDE697" }, "bbox": [ -57.9942306935, -34.9170313063, -57.9838118821, -34.9103150884 ], "geometry": { "type": "MultiPolygon", "coordinates": [ [ [ [ -57.9921419767, -34.910428903 ], [ -57.9898479545, -34.9121403434 ], [ -57.9878370425, -34.9103150884 ], [ -57.9847289829, -34.9126281006 ], [ -57.9838118821, -34.9133107346 ], [ -57.9878956505, -34.9170313063 ], [ -57.9930857747, -34.9131804471 ], [ -57.9942306935, -34.9123308837 ], [ -57.9921419767, -34.910428903 ] ] ] ] } },
{ "type": "Feature", "properties": { "ZONA_COD": "AU-R3", "ZONA_DESC": "RESIDENCIAL 3", "AREA_TIPO": "Urbana", "DENOM": "Residencial 3", "FOS_MAX": "0.6", "FOT_RES": "1.2", "FOT_COM": null, "FOT_MIN": "NO", "DENS_RES": "300", "DENS_COM": null, "ALTURA_M": 9.0, "NIVELES": 3.0, "CUF_AV": "80", "CUF_CAL": "100", "RET_FRENTE": "NO", "RET_FONDO": "SI", "RET_LATERA": "SI", "PARC_SUP_M": "375", "PARC_ANC_M": 15.0, "INC_PRM": "CUF x 2.0 (por Distrito de interes urbanistico Ver COT Art 16 , 244 y 286 Ord 12692)", "COLOR_HEX": "#5290CE" }, "bbox": [ -57.9889810395, -34.9126281006, -57.9837035408, -34.9085467263 ], "geometry": { "type": "MultiPolygon", "coordinates": [ [ [ [ -57.9847289829, -34.9126281006 ], [ -57.9878370425, -34.9103150884 ], [ -57.9889810395, -34.9094636741 ], [ -57.9879573458, -34.9085467263 ], [ -57.9837035408, -34.9116988734 ], [ -57.9847289829, -34.9126281006 ] ] ] ] } },
{ "type": "Feature", "properties": { "ZONA_COD": "AU-EV", "ZONA_DESC": "ESPACIO VERDE", "AREA_TIPO": "Urbana", "DENOM": "Espacio Verde", "FOS_MAX": null, "FOT_RES": null, "FOT_COM": null, "FOT_MIN": null, "DENS_RES": null, "DENS_COM": null, "ALTURA_M": 0.0, "NIVELES": 0.0, "CUF_AV": null, "CUF_CAL": null, "RET_FRENTE": null, "RET_FONDO": null, "RET_LATERA": null, "PARC_SUP_M": null, "PARC_ANC_M": 0.0, "INC_PRM": null, "COLOR_HEX": "#9AD66E" }, "bbox": [ -57.9906653807, -34.9071113156, -57.9899283098, -34.9065022965 ], "geometry": { "type": "MultiPolygon", "coordinates": [ [ [ [ -57.9906653807, -34.9065322665 ], [ -57.9899789651, -34.9065022965 ], [ -57.9899283098, -34.9070667713 ], [ -57.9906296983, -34.9071113156 ], [ -57.9906653807, -34.9065322665 ] ] ] ] } },
{ "type": "Feature", "properties": { "ZONA_COD": "AU-R3", "ZONA_DESC": "RESIDENCIAL 3", "AREA_TIPO": "Urbana", "DENOM": "Residencial 3", "FOS_MAX": "0.6", "FOT_RES": "1.2", "FOT_COM": null, "FOT_MIN": "NO", "DENS_RES": "300", "DENS_COM": null, "ALTURA_M": 9.0, "NIVELES": 3.0, "CUF_AV": "80", "CUF_CAL": "100", "RET_FRENTE": "NO", "RET_FONDO": "SI", "RET_LATERA": "SI", "PARC_SUP_M": "375", "PARC_ANC_M": 15.0, "INC_PRM": "CUF x 2.0 (por Distrito de interes urbanistico Ver COT Art 16 , 244 y 286 Ord 12692)", "COLOR_HEX": "#5290CE" }, "bbox": [ -57.9254607795, -34.9350751042, -57.9156363157, -34.9274437271 ], "geometry": { "type": "MultiPolygon", "coordinates": [ [ [ [ -57.9188976342, -34.9292792201 ], [ -57.9192350616, -34.9295937319 ], [ -57.9184797265, -34.9301504698 ], [ -57.9181113767, -34.9298073766 ], [ -57.9173753347, -34.9304023042 ], [ -57.9173150055, -34.930347469 ], [ -57.9167264631, -34.9307903203 ], [ -57.9167394924, -34.9308142495 ], [ -57.9160986463, -34.9312935926 ], [ -57.9156363157, -34.9317201914 ], [ -57.9176650045, -34.9335746591 ], [ -57.9180686122, -34.933274443 ], [ -57.9191394943, -34.9342504349 ], [ -57.9200833265, -34.9350751042 ], [ -57.920128066, -34.9350614076 ], [ -57.9254607795, -34.9311254545 ], [ -57.9213980607, -34.9274437271 ], [ -57.9188976342, -34.9292792201 ] ] ] ] } },
{ "type": "Feature", "properties": { "ZONA_COD": "AU-EV", "ZONA_DESC": "ESPACIO VERDE", "AREA_TIPO": "Urbana", "DENOM": "Espacio Verde", "FOS_MAX": null, "FOT_RES": null, "FOT_COM": null, "FOT_MIN": null, "DENS_RES": null, "DENS_COM": null, "ALTURA_M": 0.0, "NIVELES": 0.0, "CUF_AV": null, "CUF_CAL": null, "RET_FRENTE": null, "RET_FONDO": null, "RET_LATERA": null, "PARC_SUP_M": null, "PARC_ANC_M": 0.0, "INC_PRM": null, "COLOR_HEX": "#9AD66E" }, "bbox": [ -57.9063851975, -34.9304457478, -57.9051874588, -34.9291656627 ], "geometry": { "type": "MultiPolygon", "coordinates": [ [ [ [ -57.9058982479, -34.9291656627 ], [ -57.9051874588, -34.9296998222 ], [ -57.9060156454, -34.9304457478 ], [ -57.9063851975, -34.9296216882 ], [ -57.9058982479, -34.9291656627 ] ] ] ] } },
{ "type": "Feature", "properties": { "ZONA_COD": "AU-R6", "ZONA_DESC": "RESIDENCIAL 6", "AREA_TIPO": "Urbana", "DENOM": "Residencial 6", "FOS_MAX": "0.4", "FOT_RES": "0.8", "FOT_COM": null, "FOT_MIN": "NO", "DENS_RES": "150", "DENS_COM": null, "ALTURA_M": 9.0, "NIVELES": 3.0, "CUF_AV": "300", "CUF_CAL": "300", "RET_FRENTE": "SI", "RET_FONDO": "SI", "RET_LATERA": "SI", "PARC_SUP_M": "300", "PARC_ANC_M": 12.0, "INC_PRM": "CUF x 2.0 (por Multifamiliar en Bloque,Ver COT Art 287 Ordenanza 12692) (por Distrito de Interes Urbanistico Ver COT Art 16 , 244 y 286 Ord 12692)", "COLOR_HEX": "#D5EEF9" }, "bbox": [ -58.0424731429, -35.0025231722, -58.0328702379, -34.9958253328 ], "geometry": { "type": "MultiPolygon", "coordinates": [ [ [ [ -58.03592384, -35.0010784842 ], [ -58.0370110511, -35.000271607 ], [ -58.0390645343, -35.0021794648 ], [ -58.0393636047, -35.0021238399 ], [ -58.0408378013, -35.0025002908 ], [ -58.0409146925, -35.0025231722 ], [ -58.0424731429, -35.0013871108 ], [ -58.0413988092, -35.0004341838 ], [ -58.0413284885, -35.0004854973 ], [ -58.0362337788, -34.9958253328 ], [ -58.0328702379, -34.9983760574 ], [ -58.03592384, -35.0010784842 ] ] ] ] } },
{ "type": "Feature", "properties": { "ZONA_COD": "AR-DR", "ZONA_DESC": "DISTRITO DEP. RECREAT.", "AREA_TIPO": "Rural", "DENOM": "Deportivo Recreativo", "FOS_MAX": null, "FOT_RES": null, "FOT_COM": null, "FOT_MIN": null, "DENS_RES": null, "DENS_COM": null, "ALTURA_M": 0.0, "NIVELES": 0.0, "CUF_AV": null, "CUF_CAL": null, "RET_FRENTE": null, "RET_FONDO": null, "RET_LATERA": null, "PARC_SUP_M": null, "PARC_ANC_M": 0.0, "INC_PRM": null, "COLOR_HEX": "#BDE697" }, "bbox": [ -58.0839364704, -34.8739030388, -58.0611545799, -34.858106081 ], "geometry": { "type": "MultiPolygon", "coordinates": [ [ [ [ -58.0712282288, -34.8581797355 ], [ -58.0711417131, -34.858106081 ], [ -58.064348854, -34.8617297706 ], [ -58.0627197879, -34.8617767512 ], [ -58.0627473908, -34.8618587208 ], [ -58.0627921509, -34.8619874983 ], [ -58.0638494263, -34.8650666106 ], [ -58.0612041353, -34.8657082967 ], [ -58.0611545799, -34.8657200778 ], [ -58.0618630254, -34.8677978184 ], [ -58.0626044004, -34.8699720221 ], [ -58.0626690607, -34.8701531968 ], [ -58.0628640904, -34.8707108988 ], [ -58.0639804359, -34.8739030388 ], [ -58.0663937478, -34.8733297794 ], [ -58.070440027, -34.8723770575 ], [ -58.0704178758, -34.8723079598 ], [ -58.0839364704, -34.8691369134 ], [ -58.0776464762, -34.8637166554 ], [ -58.074568444, -34.8610614853 ], [ -58.0712282288, -34.8581797355 ] ] ] ] } },
{ "type": "Feature", "properties": { "ZONA_COD": "AC-RU", "ZONA_DESC": "RESERVA URBANA", "AREA_TIPO": "Complem.", "DENOM": "Reserva Urbana", "FOS_MAX": "0.2", "FOT_RES": "0.3", "FOT_COM": null, "FOT_MIN": null, "DENS_RES": "1 vivienda por parcela", "DENS_COM": null, "ALTURA_M": 6.0, "NIVELES": 2.0, "CUF_AV": null, "CUF_CAL": null, "RET_FRENTE": "SI", "RET_FONDO": "SI", "RET_LATERA": "SI", "PARC_SUP_M": "4 Ha", "PARC_ANC_M": 0.0, "INC_PRM": "No aplica", "COLOR_HEX": "#DFDDA1" }, "bbox": [ -58.1024803057, -34.9890391017, -58.0884785279, -34.9751838809 ], "geometry": { "type": "MultiPolygon", "coordinates": [ [ [ [ -58.0985298745, -34.9890391017 ], [ -58.0987400055, -34.9888672754 ], [ -58.1006476682, -34.9873614749 ], [ -58.1004997126, -34.9872270694 ], [ -58.1024803057, -34.9856807346 ], [ -58.0960692124, -34.9801509004 ], [ -58.0903704559, -34.9751838809 ], [ -58.0884886183, -34.9766461057 ], [ -58.0884785279, -34.9766543174 ], [ -58.090999511, -34.9788684043 ], [ -58.0909462433, -34.9789094916 ], [ -58.0941195371, -34.9816711702 ], [ -58.0989081779, -34.9858130788 ], [ -58.0969711164, -34.9872168306 ], [ -58.0967435879, -34.9873803705 ], [ -58.0985298745, -34.9890391017 ] ] ] ] } },
{ "type": "Feature", "properties": { "ZONA_COD": "AU-EV", "ZONA_DESC": "ESPACIO VERDE", "AREA_TIPO": "Urbana", "DENOM": "Espacio Verde", "FOS_MAX": null, "FOT_RES": null, "FOT_COM": null, "FOT_MIN": null, "DENS_RES": null, "DENS_COM": null, "ALTURA_M": 0.0, "NIVELES": 0.0, "CUF_AV": null, "CUF_CAL": null, "RET_FRENTE": null, "RET_FONDO": null, "RET_LATERA": null, "PARC_SUP_M": null, "PARC_ANC_M": 0.0, "INC_PRM": null, "COLOR_HEX": "#9AD66E" }, "bbox": [ -57.9547600011, -34.932889936, -57.9530499231, -34.9313847785 ], "geometry": { "type": "MultiPolygon", "coordinates": [ [ [ [ -57.9540801397, -34.9313959319 ], [ -57.9540165001, -34.9313852165 ], [ -57.953953043, -34.9313847785 ], [ -57.953835168, -34.9314076653 ], [ -57.9537552929, -34.9314338059 ], [ -57.9534021381, -34.9315715965 ], [ -57.9533291365, -34.9315985734 ], [ -57.9532759695, -34.9316287682 ], [ -57.9532391728, -34.9316607714 ], [ -57.95319324, -34.931716953 ], [ -57.9531533577, -34.9317806259 ], [ -57.9530665129, -34.9319903118 ], [ -57.9530561203, -34.9320430373 ], [ -57.9530530222, -34.9321082759 ], [ -57.9530499231, -34.9321735154 ], [ -57.9532080248, -34.9326236234 ], [ -57.9532481382, -34.9326783705 ], [ -57.953311133, -34.9327282766 ], [ -57.9533694954, -34.9327620641 ], [ -57.9537373748, -34.9328774876 ], [ -57.953830871, -34.9328889755 ], [ -57.9539199228, -34.932889936 ], [ -57.9540031065, -34.9328804329 ], [ -57.9543637058, -34.9327426765 ], [ -57.9544422652, -34.9327122776 ], [ -57.9544938557, -34.9326882738 ], [ -57.9545478375, -34.932651693 ], [ -57.9546388174, -34.9325661702 ], [ -57.9547554874, -34.9322613684 ], [ -57.9547600011, -34.9322073722 ], [ -57.9547489142, -34.9321426606 ], [ -57.9547339504, -34.9320710341 ], [ -57.9547180846, -34.9319960576 ], [ -57.9546116813, -34.9316627167 ], [ -57.9545917856, -34.9316354357 ], [ -57.954542831, -34.9315973917 ], [ -57.9544939232, -34.9315662878 ], [ -57.9540801397, -34.9313959319 ] ] ] ] } },
{ "type": "Feature", "properties": { "ZONA_COD": "AU-CS1", "ZONA_DESC": "CORREDOR SERVICIOS 1", "AREA_TIPO": "Urbana", "DENOM": "Corredor Servicios 1", "FOS_MAX": "0.6", "FOT_RES": "1.0", "FOT_COM": null, "FOT_MIN": "NO", "DENS_RES": "300", "DENS_COM": null, "ALTURA_M": 9.0, "NIVELES": 3.0, "CUF_AV": "100", "CUF_CAL": null, "RET_FRENTE": "NO", "RET_FONDO": "SI", "RET_LATERA": "SI", "PARC_SUP_M": "375", "PARC_ANC_M": 15.0, "INC_PRM": "No aplica", "COLOR_HEX": "#C22B7E" }, "bbox": [ -57.956155614, -34.9022398968, -57.9337894954, -34.8858437621 ], "geometry": { "type": "MultiPolygon", "coordinates": [ [ [ [ -57.9483855309, -34.8929163976 ], [ -57.954678804, -34.8883239106 ], [ -57.955068161, -34.8885153169 ], [ -57.9556373896, -34.8888241423 ], [ -57.9560424424, -34.8885087132 ], [ -57.956155614, -34.8858437621 ], [ -57.9559647922, -34.8859234078 ], [ -57.9558302672, -34.8860250537 ], [ -57.9557431067, -34.8860898112 ], [ -57.9556518947, -34.8861572325 ], [ -57.9554696354, -34.88629178 ], [ -57.9553398066, -34.8863760204 ], [ -57.9551793864, -34.8864942624 ], [ -57.9550966146, -34.8865552328 ], [ -57.9550146243, -34.8866155845 ], [ -57.954933858, -34.8866750567 ], [ -57.9548532014, -34.8867345307 ], [ -57.9547708757, -34.8867951477 ], [ -57.9546878799, -34.8868562935 ], [ -57.9546061091, -34.8869165598 ], [ -57.9544913655, -34.8870010529 ], [ -57.9544119347, -34.8870595556 ], [ -57.9541279054, -34.8871653518 ], [ -57.9540640724, -34.8872123108 ], [ -57.9540027746, -34.8872585018 ], [ -57.9538809156, -34.8873519773 ], [ -57.9537315643, -34.8874647253 ], [ -57.9534982603, -34.8877256591 ], [ -57.9533311501, -34.8878504877 ], [ -57.9532570487, -34.8879085057 ], [ -57.9531767437, -34.8879669023 ], [ -57.9530951923, -34.8880270804 ], [ -57.9530169693, -34.8880853322 ], [ -57.9529770753, -34.8881151213 ], [ -57.9529371823, -34.8881449096 ], [ -57.9529016213, -34.8881719774 ], [ -57.9528660603, -34.8881990451 ], [ -57.9527965499, -34.888249963 ], [ -57.9527374726, -34.8882947492 ], [ -57.9526687293, -34.8883455897 ], [ -57.9525967332, -34.8883997109 ], [ -57.9525606398, -34.8884261833 ], [ -57.9525245473, -34.8884526567 ], [ -57.9524898685, -34.8884794232 ], [ -57.9524551898, -34.8885061906 ], [ -57.9523896589, -34.8885553736 ], [ -57.9523258376, -34.8886017912 ], [ -57.9522641603, -34.8886499571 ], [ -57.9521993164, -34.8886978901 ], [ -57.952136318, -34.8887463941 ], [ -57.9520661637, -34.8888011763 ], [ -57.9518819007, -34.8889322588 ], [ -57.9518128148, -34.8889836344 ], [ -57.9517239006, -34.8890495457 ], [ -57.9516580091, -34.8890999833 ], [ -57.951582547, -34.8891571091 ], [ -57.951512577, -34.88920883 ], [ -57.9514422618, -34.8892612659 ], [ -57.9513740545, -34.889312476 ], [ -57.9513046628, -34.889362945 ], [ -57.9512364663, -34.8894137037 ], [ -57.951160836, -34.8894687539 ], [ -57.951094967, -34.8895182903 ], [ -57.951049901, -34.8895515059 ], [ -57.9510048351, -34.8895847215 ], [ -57.9509394346, -34.8896330043 ], [ -57.9507472567, -34.889783147 ], [ -57.95072419, -34.8898003312 ], [ -57.9506715895, -34.8898396379 ], [ -57.9506000458, -34.8898930441 ], [ -57.9505300614, -34.8899453046 ], [ -57.9504579619, -34.8899990616 ], [ -57.9503861951, -34.8900526441 ], [ -57.9503162107, -34.8901049046 ], [ -57.9502482319, -34.8901556669 ], [ -57.9501770227, -34.8902088087 ], [ -57.9501033628, -34.8902637105 ], [ -57.9500382824, -34.8903122685 ], [ -57.9499678511, -34.8903648815 ], [ -57.9498841593, -34.8904273646 ], [ -57.9498004666, -34.8904898477 ], [ -57.9496359096, -34.8906110763 ], [ -57.9495538087, -34.8906711529 ], [ -57.9494741278, -34.8907306385 ], [ -57.9494012729, -34.8907839323 ], [ -57.9493298838, -34.8908354473 ], [ -57.9492816181, -34.8908719427 ], [ -57.9492635552, -34.890885786 ], [ -57.9491890949, -34.890942026 ], [ -57.9491183686, -34.8909932819 ], [ -57.9490477422, -34.8910449003 ], [ -57.9489836888, -34.8910916731 ], [ -57.9489159429, -34.8911418076 ], [ -57.9488492015, -34.8911911481 ], [ -57.9488382964, -34.8911810505 ], [ -57.9488273912, -34.8911709538 ], [ -57.9486851202, -34.8912755242 ], [ -57.948501074, -34.8914458073 ], [ -57.9483570197, -34.8915516998 ], [ -57.9482878339, -34.8916025303 ], [ -57.9482125319, -34.8916574034 ], [ -57.948146474, -34.8917055836 ], [ -57.9480736999, -34.8917599585 ], [ -57.9480063146, -34.8918087467 ], [ -57.9479420194, -34.8918564161 ], [ -57.9478671383, -34.8919119268 ], [ -57.9477943993, -34.8919648609 ], [ -57.94773491, -34.8920083746 ], [ -57.9476378876, -34.8920790127 ], [ -57.947560893, -34.892135929 ], [ -57.947281783, -34.89234624 ], [ -57.9470576927, -34.892516836 ], [ -57.9469774453, -34.8925780465 ], [ -57.9468971457, -34.8926392103 ], [ -57.9468168722, -34.8927003966 ], [ -57.9467366005, -34.8927614929 ], [ -57.9466562173, -34.8928226783 ], [ -57.9465759186, -34.892883843 ], [ -57.9463519569, -34.8930545514 ], [ -57.9461707714, -34.8931886511 ], [ -57.9461310645, -34.8932195222 ], [ -57.946067897, -34.8932657671 ], [ -57.9460104879, -34.8933091351 ], [ -57.9459490669, -34.8933554997 ], [ -57.9458879526, -34.8934026808 ], [ -57.9458271251, -34.8934471631 ], [ -57.945764499, -34.8934935978 ], [ -57.9457062401, -34.8935359603 ], [ -57.9456442669, -34.8935824957 ], [ -57.9455853208, -34.8936261084 ], [ -57.9455263711, -34.8936698109 ], [ -57.945461629, -34.8937177412 ], [ -57.9454024662, -34.8937612603 ], [ -57.9453504143, -34.8938003034 ], [ -57.9452848753, -34.893849482 ], [ -57.9452388687, -34.8938829493 ], [ -57.9450635755, -34.8940130911 ], [ -57.9450141029, -34.894049564 ], [ -57.9448503058, -34.8941704383 ], [ -57.9447743185, -34.8942262889 ], [ -57.9446925332, -34.8942865471 ], [ -57.9446114315, -34.894345736 ], [ -57.9445352274, -34.894401493 ], [ -57.9444527632, -34.8944626406 ], [ -57.9443821223, -34.8945146161 ], [ -57.944226894, -34.8946470799 ], [ -57.944178291, -34.8946837471 ], [ -57.9441111818, -34.8947344301 ], [ -57.9440401713, -34.8947880216 ], [ -57.9439744012, -34.8948376462 ], [ -57.9439117499, -34.8948849803 ], [ -57.9438446407, -34.8949356634 ], [ -57.9437766403, -34.8949869625 ], [ -57.943754811, -34.8949675776 ], [ -57.9436766393, -34.8950276262 ], [ -57.9436955196, -34.8950424551 ], [ -57.9436151724, -34.8951020163 ], [ -57.9434640602, -34.8952140908 ], [ -57.9433350516, -34.8953169867 ], [ -57.9432654315, -34.8953674468 ], [ -57.9431846687, -34.8954260996 ], [ -57.9430967807, -34.895489768 ], [ -57.9430161286, -34.8955483328 ], [ -57.9429382644, -34.8956047814 ], [ -57.9428626269, -34.8956596455 ], [ -57.9427877682, -34.8957139816 ], [ -57.9427133583, -34.8957678753 ], [ -57.9426213451, -34.8958346275 ], [ -57.942528777, -34.8959017313 ], [ -57.942401004, -34.895994464 ], [ -57.9423202422, -34.8960530251 ], [ -57.9422274474, -34.8961203951 ], [ -57.9421498054, -34.8961766666 ], [ -57.942039079, -34.8962568906 ], [ -57.9418878365, -34.8964616942 ], [ -57.9418787398, -34.8964930823 ], [ -57.941693466, -34.8965318494 ], [ -57.9416537546, -34.8965320778 ], [ -57.9416056957, -34.896568753 ], [ -57.9415418061, -34.8966174172 ], [ -57.9414768004, -34.8966669626 ], [ -57.9414131356, -34.8967153596 ], [ -57.9413012986, -34.8968006109 ], [ -57.9411446529, -34.896910606 ], [ -57.9409390868, -34.897065463 ], [ -57.9408416569, -34.897138791 ], [ -57.940775885, -34.8971883239 ], [ -57.9407101122, -34.8972378558 ], [ -57.9406564946, -34.897278132 ], [ -57.9405564153, -34.8973698898 ], [ -57.9404990413, -34.8974116336 ], [ -57.9404271837, -34.8974639472 ], [ -57.9403567712, -34.8975152931 ], [ -57.9402840233, -34.8975682218 ], [ -57.9402161748, -34.8976176288 ], [ -57.9401567944, -34.8976608709 ], [ -57.9401056598, -34.8976980344 ], [ -57.9400156053, -34.8977781559 ], [ -57.9399442019, -34.8978297554 ], [ -57.9398739144, -34.8978804718 ], [ -57.9398050731, -34.8979302223 ], [ -57.9397344512, -34.897981204 ], [ -57.939662938, -34.8980328017 ], [ -57.9395920921, -34.8980839596 ], [ -57.9395187965, -34.8981368784 ], [ -57.9394480603, -34.8981880381 ], [ -57.9393761001, -34.8982399884 ], [ -57.9393018017, -34.8982936114 ], [ -57.9391942185, -34.8983747869 ], [ -57.9391271192, -34.8984248368 ], [ -57.9390568975, -34.8984772664 ], [ -57.9389962607, -34.8985225599 ], [ -57.9389284887, -34.8985732286 ], [ -57.9388662924, -34.8986196669 ], [ -57.9388050135, -34.8986654217 ], [ -57.9387395573, -34.8987143052 ], [ -57.9386690028, -34.8987669093 ], [ -57.9386074757, -34.8988128179 ], [ -57.9385418215, -34.8988619002 ], [ -57.9384733822, -34.8989130086 ], [ -57.9384095133, -34.898960679 ], [ -57.938344084, -34.8990094951 ], [ -57.9382803248, -34.8990571682 ], [ -57.9382194641, -34.899102637 ], [ -57.9380526281, -34.8992304792 ], [ -57.9379489363, -34.8993046904 ], [ -57.9378212964, -34.8993960678 ], [ -57.9376893155, -34.8994904264 ], [ -57.9376170253, -34.8995423794 ], [ -57.937442493, -34.899667386 ], [ -57.9371236545, -34.8998633906 ], [ -57.9362301124, -34.9005460633 ], [ -57.9360784148, -34.9006569847 ], [ -57.9359162706, -34.9007806676 ], [ -57.9358451208, -34.9008350622 ], [ -57.9357650514, -34.9008961549 ], [ -57.9357448688, -34.9009114929 ], [ -57.9356804117, -34.900960684 ], [ -57.9355981112, -34.9010235412 ], [ -57.9355180418, -34.901084633 ], [ -57.9354354076, -34.9011476647 ], [ -57.9352586495, -34.9012826341 ], [ -57.9350623769, -34.9014106022 ], [ -57.9342050847, -34.9020490336 ], [ -57.9337894954, -34.9022398968 ], [ -57.9345344938, -34.90201296 ], [ -57.9353683551, -34.9018489354 ], [ -57.9388606726, -34.8999382825 ], [ -57.9430108568, -34.8976346421 ], [ -57.9440038018, -34.8971085055 ], [ -57.9456075467, -34.8962617632 ], [ -57.946771576, -34.8954115099 ], [ -57.9460852234, -34.8947877995 ], [ -57.9482543207, -34.8931830627 ], [ -57.9483855309, -34.8929163976 ] ] ] ] } },
{ "type": "Feature", "properties": { "ZONA_COD": "AU-CC3", "ZONA_DESC": "CORREDOR CENTRALIDAD 3", "AREA_TIPO": "Urbana", "DENOM": "Corredor Central. 3", "FOS_MAX": "0.6", "FOT_RES": "1.5", "FOT_COM": null, "FOT_MIN": "NO", "DENS_RES": "400", "DENS_COM": null, "ALTURA_M": 18.0, "NIVELES": 6.0, "CUF_AV": "50", "CUF_CAL": "50", "RET_FRENTE": null, "RET_FONDO": "SI", "RET_LATERA": "NO", "PARC_SUP_M": "375", "PARC_ANC_M": 15.0, "INC_PRM": "Art 289 COT Ord 12692 (Art. 47 del Dec.ley 8912/77 por mejora morfológica) - Receptor APU (Ver Titulo 9 Cap 1 y 2- COT Ord 12692)", "COLOR_HEX": "#CD6969" }, "bbox": [ -57.9608628329, -34.8917557415, -57.9571275698, -34.8884693859 ], "geometry": { "type": "MultiPolygon", "coordinates": [ [ [ [ -57.9577967337, -34.8884693859 ], [ -57.9571275698, -34.8889582519 ], [ -57.9601902407, -34.8917557415 ], [ -57.9608628329, -34.8912659213 ], [ -57.9588240428, -34.8893955635 ], [ -57.9577967337, -34.8884693859 ] ] ] ] } },
{ "type": "Feature", "properties": { "ZONA_COD": "AU-R2", "ZONA_DESC": "RESIDENCIAL 2", "AREA_TIPO": "Urbana", "DENOM": "Residencial 2", "FOS_MAX": "0.6", "FOT_RES": "1.2", "FOT_COM": null, "FOT_MIN": "0.75", "DENS_RES": "400", "DENS_COM": null, "ALTURA_M": 12.0, "NIVELES": 4.0, "CUF_AV": "50", "CUF_CAL": "70", "RET_FRENTE": "NO", "RET_FONDO": "SI", "RET_LATERA": "NO", "PARC_SUP_M": "375", "PARC_ANC_M": 15.0, "INC_PRM": "Art 289 COT Ord 12692 (Art. 47 del Dec.ley 8912/77 por mejora morfológica)", "COLOR_HEX": "#256199" }, "bbox": [ -57.9605414691, -34.8981532991, -57.9520056376, -34.8928115744 ], "geometry": { "type": "MultiPolygon", "coordinates": [ [ [ [ -57.9605414691, -34.8948219675 ], [ -57.9585244444, -34.8929837865 ], [ -57.9573967108, -34.8938105287 ], [ -57.9563906266, -34.8928854033 ], [ -57.9552353719, -34.8937172717 ], [ -57.9542186182, -34.8928115744 ], [ -57.9520056376, -34.8944692893 ], [ -57.9560540527, -34.8981532991 ], [ -57.9605414691, -34.8948219675 ] ] ] ] } },
{ "type": "Feature", "properties": { "ZONA_COD": "AU-R2", "ZONA_DESC": "RESIDENCIAL 2", "AREA_TIPO": "Urbana", "DENOM": "Residencial 2", "FOS_MAX": "0.6", "FOT_RES": "1.2", "FOT_COM": null, "FOT_MIN": "0.75", "DENS_RES": "400", "DENS_COM": null, "ALTURA_M": 12.0, "NIVELES": 4.0, "CUF_AV": "50", "CUF_CAL": "70", "RET_FRENTE": "NO", "RET_FONDO": "SI", "RET_LATERA": "NO", "PARC_SUP_M": "375", "PARC_ANC_M": 15.0, "INC_PRM": "Art 289 COT Ord 12692 (Art. 47 del Dec.ley 8912/77 por mejora morfológica)", "COLOR_HEX": "#256199" }, "bbox": [ -57.9667023971, -34.903813436, -57.9581596848, -34.8967469717 ], "geometry": { "type": "MultiPolygon", "coordinates": [ [ [ [ -57.9581596848, -34.9001055654 ], [ -57.962230342, -34.903813436 ], [ -57.9667023971, -34.9004628103 ], [ -57.962642825, -34.8967469717 ], [ -57.9581596848, -34.9001055654 ] ] ] ] } },
{ "type": "Feature", "properties": { "ZONA_COD": "AU-R2", "ZONA_DESC": "RESIDENCIAL 2", "AREA_TIPO": "Urbana", "DENOM": "Residencial 2", "FOS_MAX": "0.6", "FOT_RES": "1.2", "FOT_COM": null, "FOT_MIN": "0.75", "DENS_RES": "400", "DENS_COM": null, "ALTURA_M": 12.0, "NIVELES": 4.0, "CUF_AV": "50", "CUF_CAL": "70", "RET_FRENTE": "NO", "RET_FONDO": "SI", "RET_LATERA": "NO", "PARC_SUP_M": "375", "PARC_ANC_M": 15.0, "INC_PRM": "Art 289 COT Ord 12692 (Art. 47 del Dec.ley 8912/77 por mejora morfológica)", "COLOR_HEX": "#256199" }, "bbox": [ -57.9790251992, -34.9150378763, -57.9704766934, -34.9080114767 ], "geometry": { "type": "MultiPolygon", "coordinates": [ [ [ [ -57.9704766934, -34.9113429514 ], [ -57.9745218305, -34.9150378763 ], [ -57.9790251992, -34.9116931654 ], [ -57.9749709906, -34.9080114767 ], [ -57.9704766934, -34.9113429514 ] ] ] ] } },
{ "type": "Feature", "properties": { "ZONA_COD": "AU-R2", "ZONA_DESC": "RESIDENCIAL 2", "AREA_TIPO": "Urbana", "DENOM": "Residencial 2", "FOS_MAX": "0.6", "FOT_RES": "1.2", "FOT_COM": null, "FOT_MIN": "0.75", "DENS_RES": "400", "DENS_COM": null, "ALTURA_M": 12.0, "NIVELES": 4.0, "CUF_AV": "50", "CUF_CAL": "70", "RET_FRENTE": "NO", "RET_FONDO": "SI", "RET_LATERA": "NO", "PARC_SUP_M": "375", "PARC_ANC_M": 15.0, "INC_PRM": "Art 289 COT Ord 12692 (Art. 47 del Dec.ley 8912/77 por mejora morfológica)", "COLOR_HEX": "#256199" }, "bbox": [ -57.989319467, -34.9262808929, -57.9828132551, -34.9192299248 ], "geometry": { "type": "MultiPolygon", "coordinates": [ [ [ [ -57.9828132551, -34.922571864 ], [ -57.9868706023, -34.9262808929 ], [ -57.9891544028, -34.9246356138 ], [ -57.9880859263, -34.9236785454 ], [ -57.988688321, -34.9232310823 ], [ -57.9891924917, -34.9228384671 ], [ -57.9887447885, -34.9224259571 ], [ -57.9882013957, -34.9219252721 ], [ -57.989319467, -34.9210904279 ], [ -57.9873008146, -34.9192299248 ], [ -57.9828132551, -34.922571864 ] ] ] ] } },
{ "type": "Feature", "properties": { "ZONA_COD": "AU-R2", "ZONA_DESC": "RESIDENCIAL 2", "AREA_TIPO": "Urbana", "DENOM": "Residencial 2", "FOS_MAX": "0.6", "FOT_RES": "1.2", "FOT_COM": null, "FOT_MIN": "0.75", "DENS_RES": "400", "DENS_COM": null, "ALTURA_M": 12.0, "NIVELES": 4.0, "CUF_AV": "50", "CUF_CAL": "70", "RET_FRENTE": "NO", "RET_FONDO": "SI", "RET_LATERA": "NO", "PARC_SUP_M": "375", "PARC_ANC_M": 15.0, "INC_PRM": "Art 289 COT Ord 12692 (Art. 47 del Dec.ley 8912/77 por mejora morfológica)", "COLOR_HEX": "#256199" }, "bbox": [ -57.9851933037, -34.9206345552, -57.976654731, -34.913612762 ], "geometry": { "type": "MultiPolygon", "coordinates": [ [ [ [ -57.976654731, -34.9169456873 ], [ -57.980510604, -34.9204445843 ], [ -57.9807199707, -34.9206345552 ], [ -57.9810086108, -34.920420102 ], [ -57.9851933037, -34.9173107545 ], [ -57.9811327829, -34.913612762 ], [ -57.976654731, -34.9169456873 ] ] ] ] } },
{ "type": "Feature", "properties": { "ZONA_COD": "AU-EV", "ZONA_DESC": "ESPACIO VERDE", "AREA_TIPO": "Urbana", "DENOM": "Espacio Verde", "FOS_MAX": null, "FOT_RES": null, "FOT_COM": null, "FOT_MIN": null, "DENS_RES": null, "DENS_COM": null, "ALTURA_M": 0.0, "NIVELES": 0.0, "CUF_AV": null, "CUF_CAL": null, "RET_FRENTE": null, "RET_FONDO": null, "RET_LATERA": null, "PARC_SUP_M": null, "PARC_ANC_M": 0.0, "INC_PRM": null, "COLOR_HEX": "#9AD66E" }, "bbox": [ -57.9628581857, -34.9062598843, -57.9613585581, -34.9050052707 ], "geometry": { "type": "MultiPolygon", "coordinates": [ [ [ [ -57.9618809239, -34.9061965963 ], [ -57.9618853135, -34.9062004544 ], [ -57.9619189022, -34.9062223763 ], [ -57.961946363, -34.9062355441 ], [ -57.9619681662, -34.9062430292 ], [ -57.9620038189, -34.9062522787 ], [ -57.9620353096, -34.9062573131 ], [ -57.9620560444, -34.9062593735 ], [ -57.962073207, -34.9062598411 ], [ -57.9621079937, -34.9062598843 ], [ -57.9621197406, -34.9062581891 ], [ -57.9621397029, -34.90625609 ], [ -57.9621596975, -34.9062526411 ], [ -57.9621855773, -34.9062456849 ], [ -57.9622112763, -34.9062371944 ], [ -57.9622425736, -34.9062234806 ], [ -57.9622499975, -34.9062196396 ], [ -57.9622672294, -34.9062084835 ], [ -57.9622757226, -34.9062012359 ], [ -57.9627591514, -34.9058375986 ], [ -57.9627696087, -34.9058305641 ], [ -57.9627940406, -34.9058113276 ], [ -57.962808079, -34.9057966039 ], [ -57.9628182845, -34.9057820403 ], [ -57.9628284891, -34.9057674767 ], [ -57.9628373034, -34.9057516729 ], [ -57.9628422991, -34.9057398612 ], [ -57.9628443559, -34.9057318752 ], [ -57.962850447, -34.905715575 ], [ -57.9628545929, -34.9056983413 ], [ -57.9628563888, -34.9056831868 ], [ -57.9628581857, -34.9056680315 ], [ -57.9628565237, -34.9056379033 ], [ -57.9628524264, -34.9056133221 ], [ -57.9628416462, -34.9055803377 ], [ -57.9628321692, -34.9055609834 ], [ -57.9628198494, -34.9055415814 ], [ -57.962808267, -34.9055277786 ], [ -57.9627859071, -34.9055029816 ], [ -57.962707953, -34.9054348058 ], [ -57.962707953, -34.9054348058 ], [ -57.9624173065, -34.9051465937 ], [ -57.9624173065, -34.9051465937 ], [ -57.9623341057, -34.9050694076 ], [ -57.9623164961, -34.9050560446 ], [ -57.9623039919, -34.9050485353 ], [ -57.9622805421, -34.9050368773 ], [ -57.9622533826, -34.9050247959 ], [ -57.9622388459, -34.9050198658 ], [ -57.962219837, -34.9050144105 ], [ -57.9622072087, -34.9050119454 ], [ -57.9621981094, -34.9050105317 ], [ -57.96218901, -34.9050091171 ], [ -57.9621755912, -34.9050076305 ], [ -57.9621621724, -34.9050061439 ], [ -57.9621423937, -34.9050052707 ], [ -57.9621262526, -34.9050054964 ], [ -57.9621101116, -34.9050057212 ], [ -57.9620730253, -34.9050102358 ], [ -57.9620638945, -34.9050123358 ], [ -57.9620475494, -34.9050163872 ], [ -57.9620312042, -34.9050204386 ], [ -57.9620234718, -34.9050234631 ], [ -57.9620148716, -34.9050262024 ], [ -57.9619795777, -34.9050422832 ], [ -57.9619589338, -34.9050542828 ], [ -57.9619382907, -34.9050662834 ], [ -57.9619308308, -34.9050715651 ], [ -57.9616916552, -34.905252479 ], [ -57.9614524796, -34.905433392 ], [ -57.9614464677, -34.9054376171 ], [ -57.9614328447, -34.9054488334 ], [ -57.9614307116, -34.9054510502 ], [ -57.9614196337, -34.9054633008 ], [ -57.961408555, -34.9054755514 ], [ -57.9614017804, -34.9054840895 ], [ -57.9613903932, -34.9055021929 ], [ -57.9613793414, -34.9055200318 ], [ -57.9613719597, -34.9055354084 ], [ -57.9613687006, -34.9055477903 ], [ -57.9613681691, -34.9055515666 ], [ -57.9613649918, -34.9055606146 ], [ -57.9613630439, -34.9055686033 ], [ -57.9613608729, -34.905581183 ], [ -57.9613605483, -34.905589919 ], [ -57.9613594951, -34.9055971118 ], [ -57.9613593549, -34.9056027865 ], [ -57.9613585581, -34.9056084505 ], [ -57.9613586165, -34.90561494 ], [ -57.9613591876, -34.9056183745 ], [ -57.9613595077, -34.9056231562 ], [ -57.9613591975, -34.9056268461 ], [ -57.9613598585, -34.9056310927 ], [ -57.9613617021, -34.9056361703 ], [ -57.9613627822, -34.9056411453 ], [ -57.9613643911, -34.9056512654 ], [ -57.9613673399, -34.905660327 ], [ -57.96137194, -34.9056777972 ], [ -57.9613737233, -34.9056808909 ], [ -57.961376004, -34.9056859765 ], [ -57.9613780059, -34.9056890738 ], [ -57.9613834135, -34.9057004295 ], [ -57.961387277, -34.905707884 ], [ -57.9613911405, -34.9057153394 ], [ -57.9613953583, -34.9057217183 ], [ -57.9613980806, -34.9057266304 ], [ -57.9613998729, -34.9057293643 ], [ -57.961415522, -34.905746839 ], [ -57.9614326253, -34.9057629873 ], [ -57.961474147, -34.9057959025 ], [ -57.9615156687, -34.9058288167 ], [ -57.9615156687, -34.9058288167 ], [ -57.9617871102, -34.9061164271 ], [ -57.9617877028, -34.9061176187 ], [ -57.9617918739, -34.9061214741 ], [ -57.9618809239, -34.9061965963 ] ] ] ] } },
{ "type": "Feature", "properties": { "ZONA_COD": "AU-R2", "ZONA_DESC": "RESIDENCIAL 2", "AREA_TIPO": "Urbana", "DENOM": "Residencial 2", "FOS_MAX": "0.6", "FOT_RES": "1.2", "FOT_COM": null, "FOT_MIN": "0.75", "DENS_RES": "400", "DENS_COM": null, "ALTURA_M": 12.0, "NIVELES": 4.0, "CUF_AV": "50", "CUF_CAL": "70", "RET_FRENTE": "NO", "RET_FONDO": "SI", "RET_LATERA": "NO", "PARC_SUP_M": "375", "PARC_ANC_M": 15.0, "INC_PRM": "Art 289 COT Ord 12692 (Art. 47 del Dec.ley 8912/77 por mejora morfológica)", "COLOR_HEX": "#256199" }, "bbox": [ -57.9715502915, -34.9307636347, -57.9630982201, -34.9237862707 ], "geometry": { "type": "MultiPolygon", "coordinates": [ [ [ [ -57.9671549261, -34.9307636347 ], [ -57.9715502915, -34.9274864755 ], [ -57.9675110009, -34.9237862707 ], [ -57.9630982201, -34.9270549484 ], [ -57.9668830538, -34.9305182853 ], [ -57.9671549261, -34.9307636347 ] ] ] ] } },
{ "type": "Feature", "properties": { "ZONA_COD": "AU-R1", "ZONA_DESC": "RESIDENCIAL 1", "AREA_TIPO": "Urbana", "DENOM": "Residencial 1", "FOS_MAX": "0.6", "FOT_RES": "2.0", "FOT_COM": null, "FOT_MIN": "1.0", "DENS_RES": "800", "DENS_COM": null, "ALTURA_M": 18.0, "NIVELES": 6.0, "CUF_AV": "30", "CUF_CAL": "40", "RET_FRENTE": "NO", "RET_FONDO": "SI", "RET_LATERA": "NO", "PARC_SUP_M": "600", "PARC_ANC_M": 20.0, "INC_PRM": "Art 289 COT Ord 12692 (Art. 47 del Dec.ley 8912/77 por mejora morfológica)", "COLOR_HEX": "#223555" }, "bbox": [ -57.9721987926, -34.9201113818, -57.9636625177, -34.9130737048 ], "geometry": { "type": "MultiPolygon", "coordinates": [ [ [ [ -57.9636625177, -34.9164107004 ], [ -57.9677230125, -34.9201113818 ], [ -57.9721987926, -34.9167647068 ], [ -57.9681488568, -34.9130737048 ], [ -57.9670371068, -34.9139003077 ], [ -57.9636625177, -34.9164107004 ] ] ] ] } },
{ "type": "Feature", "properties": { "ZONA_COD": "AU-R2", "ZONA_DESC": "RESIDENCIAL 2", "AREA_TIPO": "Urbana", "DENOM": "Residencial 2", "FOS_MAX": "0.6", "FOT_RES": "1.2", "FOT_COM": null, "FOT_MIN": "0.75", "DENS_RES": "400", "DENS_COM": null, "ALTURA_M": 12.0, "NIVELES": 4.0, "CUF_AV": "50", "CUF_CAL": "70", "RET_FRENTE": "NO", "RET_FONDO": "SI", "RET_LATERA": "NO", "PARC_SUP_M": "375", "PARC_ANC_M": 15.0, "INC_PRM": "Art 289 COT Ord 12692 (Art. 47 del Dec.ley 8912/77 por mejora morfológica)", "COLOR_HEX": "#256199" }, "bbox": [ -57.9783617738, -34.9257102578, -57.9698458019, -34.9186937508 ], "geometry": { "type": "MultiPolygon", "coordinates": [ [ [ [ -57.9743156259, -34.9186937508 ], [ -57.9698458019, -34.922022166 ], [ -57.9738877338, -34.9257102578 ], [ -57.9783617738, -34.9223794972 ], [ -57.9743156259, -34.9186937508 ] ] ] ] } },
{ "type": "Feature", "properties": { "ZONA_COD": "AU-R2", "ZONA_DESC": "RESIDENCIAL 2", "AREA_TIPO": "Urbana", "DENOM": "Residencial 2", "FOS_MAX": "0.6", "FOT_RES": "1.2", "FOT_COM": null, "FOT_MIN": "0.75", "DENS_RES": "400", "DENS_COM": null, "ALTURA_M": 12.0, "NIVELES": 4.0, "CUF_AV": "50", "CUF_CAL": "70", "RET_FRENTE": "NO", "RET_FONDO": "SI", "RET_LATERA": "NO", "PARC_SUP_M": "375", "PARC_ANC_M": 15.0, "INC_PRM": "Art 289 COT Ord 12692 (Art. 47 del Dec.ley 8912/77 por mejora morfológica)", "COLOR_HEX": "#256199" }, "bbox": [ -57.9845218582, -34.9313598601, -57.9759892984, -34.9243090997 ], "geometry": { "type": "MultiPolygon", "coordinates": [ [ [ [ -57.9759892984, -34.9276456178 ], [ -57.9800408107, -34.9313598601 ], [ -57.9845218582, -34.9280116148 ], [ -57.9804663358, -34.9243090997 ], [ -57.9759892984, -34.9276456178 ] ] ] ] } },
{ "type": "Feature", "properties": { "ZONA_COD": "AU-R2", "ZONA_DESC": "RESIDENCIAL 2", "AREA_TIPO": "Urbana", "DENOM": "Residencial 2", "FOS_MAX": "0.6", "FOT_RES": "1.2", "FOT_COM": null, "FOT_MIN": "0.75", "DENS_RES": "400", "DENS_COM": null, "ALTURA_M": 12.0, "NIVELES": 4.0, "CUF_AV": "50", "CUF_CAL": "70", "RET_FRENTE": "NO", "RET_FONDO": "SI", "RET_LATERA": "NO", "PARC_SUP_M": "375", "PARC_ANC_M": 15.0, "INC_PRM": "Art 289 COT Ord 12692 (Art. 47 del Dec.ley 8912/77 por mejora morfológica)", "COLOR_HEX": "#256199" }, "bbox": [ -57.9776974806, -34.9363651089, -57.9692702268, -34.9293771239 ], "geometry": { "type": "MultiPolygon", "coordinates": [ [ [ [ -57.9692702268, -34.9326741707 ], [ -57.9695221485, -34.9329007971 ], [ -57.9733190673, -34.9363651089 ], [ -57.9776974806, -34.9330959374 ], [ -57.9736571629, -34.9293771239 ], [ -57.9692702268, -34.9326741707 ] ] ] ] } },
{ "type": "Feature", "properties": { "ZONA_COD": "AU-R2", "ZONA_DESC": "RESIDENCIAL 2", "AREA_TIPO": "Urbana", "DENOM": "Residencial 2", "FOS_MAX": "0.6", "FOT_RES": "1.2", "FOT_COM": null, "FOT_MIN": "0.75", "DENS_RES": "400", "DENS_COM": null, "ALTURA_M": 12.0, "NIVELES": 4.0, "CUF_AV": "50", "CUF_CAL": "70", "RET_FRENTE": "NO", "RET_FONDO": "SI", "RET_LATERA": "NO", "PARC_SUP_M": "375", "PARC_ANC_M": 15.0, "INC_PRM": "Art 289 COT Ord 12692 (Art. 47 del Dec.ley 8912/77 por mejora morfológica)", "COLOR_HEX": "#256199" }, "bbox": [ -57.9707344679, -34.9415319155, -57.9623071486, -34.9345887455 ], "geometry": { "type": "MultiPolygon", "coordinates": [ [ [ [ -57.9707344679, -34.9382675365 ], [ -57.9669860649, -34.9348653724 ], [ -57.9666813044, -34.9345887455 ], [ -57.9623071486, -34.9378496701 ], [ -57.9663489536, -34.9415319155 ], [ -57.9707344679, -34.9382675365 ] ] ] ] } },
{ "type": "Feature", "properties": { "ZONA_COD": "AU-EV", "ZONA_DESC": "ESPACIO VERDE", "AREA_TIPO": "Urbana", "DENOM": "Espacio Verde", "FOS_MAX": null, "FOT_RES": null, "FOT_COM": null, "FOT_MIN": null, "DENS_RES": null, "DENS_COM": null, "ALTURA_M": 0.0, "NIVELES": 0.0, "CUF_AV": null, "CUF_CAL": null, "RET_FRENTE": null, "RET_FONDO": null, "RET_LATERA": null, "PARC_SUP_M": null, "PARC_ANC_M": 0.0, "INC_PRM": null, "COLOR_HEX": "#9AD66E" }, "bbox": [ -57.9630982201, -34.9289647667, -57.9594684826, -34.9260893176 ], "geometry": { "type": "MultiPolygon", "coordinates": [ [ [ [ -57.9605158429, -34.9289647667 ], [ -57.9630982201, -34.9270549484 ], [ -57.9620441068, -34.9260893176 ], [ -57.9594684826, -34.9280052755 ], [ -57.9605158429, -34.9289647667 ] ] ] ] } },
{ "type": "Feature", "properties": { "ZONA_COD": "AU-CCA", "ZONA_DESC": "CENTRAL CASCO", "AREA_TIPO": "Urbana", "DENOM": "Central Casco", "FOS_MAX": "0.6", "FOT_RES": "2.5", "FOT_COM": "3.0", "FOT_MIN": "NO", "DENS_RES": "1000", "DENS_COM": "2000", "ALTURA_M": 24.0, "NIVELES": 8.0, "CUF_AV": "20", "CUF_CAL": "30", "RET_FRENTE": "NO", "RET_FONDO": "SI", "RET_LATERA": "NO", "PARC_SUP_M": "900", "PARC_ANC_M": 30.0, "INC_PRM": "Art 289 COT Ord 12692 (Art. 47 del Dec.ley 8912/77 por mejora morfológica)", "COLOR_HEX": "#800000" }, "bbox": [ -57.9591777471, -34.9195100295, -57.9507531445, -34.9125836273 ], "geometry": { "type": "MultiPolygon", "coordinates": [ [ [ [ -57.9548029734, -34.9195100295 ], [ -57.9591777471, -34.9162245686 ], [ -57.9551695083, -34.9125836273 ], [ -57.9507531445, -34.9158108805 ], [ -57.9548029734, -34.9195100295 ] ] ] ] } },
{ "type": "Feature", "properties": { "ZONA_COD": "AU-R1", "ZONA_DESC": "RESIDENCIAL 1", "AREA_TIPO": "Urbana", "DENOM": "Residencial 1", "FOS_MAX": "0.6", "FOT_RES": "2.0", "FOT_COM": null, "FOT_MIN": "1.0", "DENS_RES": "800", "DENS_COM": null, "ALTURA_M": 18.0, "NIVELES": 6.0, "CUF_AV": "30", "CUF_CAL": "40", "RET_FRENTE": "NO", "RET_FONDO": "SI", "RET_LATERA": "NO", "PARC_SUP_M": "600", "PARC_ANC_M": 20.0, "INC_PRM": "Art 289 COT Ord 12692 (Art. 47 del Dec.ley 8912/77 por mejora morfológica)", "COLOR_HEX": "#223555" }, "bbox": [ -57.9583945841, -34.9303006044, -57.9499662324, -34.9233339099 ], "geometry": { "type": "MultiPolygon", "coordinates": [ [ [ [ -57.9540114666, -34.9303006044 ], [ -57.9583945841, -34.927025483 ], [ -57.9543443659, -34.9233339099 ], [ -57.9499662324, -34.9266023934 ], [ -57.9540114666, -34.9303006044 ] ] ] ] } },
{ "type": "Feature", "properties": { "ZONA_COD": "AU-R2", "ZONA_DESC": "RESIDENCIAL 2", "AREA_TIPO": "Urbana", "DENOM": "Residencial 2", "FOS_MAX": "0.6", "FOT_RES": "1.2", "FOT_COM": null, "FOT_MIN": "0.75", "DENS_RES": "400", "DENS_COM": null, "ALTURA_M": 12.0, "NIVELES": 4.0, "CUF_AV": "50", "CUF_CAL": "70", "RET_FRENTE": "NO", "RET_FONDO": "SI", "RET_LATERA": "NO", "PARC_SUP_M": "375", "PARC_ANC_M": 15.0, "INC_PRM": "Art 289 COT Ord 12692 (Art. 47 del Dec.ley 8912/77 por mejora morfológica)", "COLOR_HEX": "#256199" }, "bbox": [ -57.9645661664, -34.9359301895, -57.9561317523, -34.9289647667 ], "geometry": { "type": "MultiPolygon", "coordinates": [ [ [ [ -57.9601912111, -34.9359301895 ], [ -57.9645661664, -34.9326560134 ], [ -57.9644177908, -34.9325107288 ], [ -57.9632602303, -34.931483319 ], [ -57.9605158429, -34.9289647667 ], [ -57.9561317523, -34.9322391263 ], [ -57.9601912111, -34.9359301895 ] ] ] ] } },
{ "type": "Feature", "properties": { "ZONA_COD": "AU-CCA", "ZONA_DESC": "CENTRAL CASCO", "AREA_TIPO": "Urbana", "DENOM": "Central Casco", "FOS_MAX": "0.6", "FOT_RES": "2.5", "FOT_COM": "3.0", "FOT_MIN": "NO", "DENS_RES": "1000", "DENS_COM": "2000", "ALTURA_M": 24.0, "NIVELES": 8.0, "CUF_AV": "20", "CUF_CAL": "30", "RET_FRENTE": "NO", "RET_FONDO": "SI", "RET_LATERA": "NO", "PARC_SUP_M": "900", "PARC_ANC_M": 30.0, "INC_PRM": "Art 289 COT Ord 12692 (Art. 47 del Dec.ley 8912/77 por mejora morfológica)", "COLOR_HEX": "#800000" }, "bbox": [ -57.9522300148, -34.9246857214, -57.9438053781, -34.917735096 ], "geometry": { "type": "MultiPolygon", "coordinates": [ [ [ [ -57.9481802147, -34.917735096 ], [ -57.9438053781, -34.9209938074 ], [ -57.9478440167, -34.9246857214 ], [ -57.9522300148, -34.9214337036 ], [ -57.9481802147, -34.917735096 ] ] ] ] } },
{ "type": "Feature", "properties": { "ZONA_COD": "AU-R2", "ZONA_DESC": "RESIDENCIAL 2", "AREA_TIPO": "Urbana", "DENOM": "Residencial 2", "FOS_MAX": "0.6", "FOT_RES": "1.2", "FOT_COM": null, "FOT_MIN": "0.75", "DENS_RES": "400", "DENS_COM": null, "ALTURA_M": 12.0, "NIVELES": 4.0, "CUF_AV": "50", "CUF_CAL": "70", "RET_FRENTE": "NO", "RET_FONDO": "SI", "RET_LATERA": "NO", "PARC_SUP_M": "375", "PARC_ANC_M": 15.0, "INC_PRM": "Art 289 COT Ord 12692 (Art. 47 del Dec.ley 8912/77 por mejora morfológica)", "COLOR_HEX": "#256199" }, "bbox": [ -57.9578376538, -34.9410120417, -57.9492776736, -34.9339868724 ], "geometry": { "type": "MultiPolygon", "coordinates": [ [ [ [ -57.9533642173, -34.9410120417 ], [ -57.9578376538, -34.9376673506 ], [ -57.9537522622, -34.9339868724 ], [ -57.9492776736, -34.9373068169 ], [ -57.9533642173, -34.9410120417 ] ] ] ] } },
{ "type": "Feature", "properties": { "ZONA_COD": "AU-R2", "ZONA_DESC": "RESIDENCIAL 2", "AREA_TIPO": "Urbana", "DENOM": "Residencial 2", "FOS_MAX": "0.6", "FOT_RES": "1.2", "FOT_COM": null, "FOT_MIN": "0.75", "DENS_RES": "400", "DENS_COM": null, "ALTURA_M": 12.0, "NIVELES": 4.0, "CUF_AV": "50", "CUF_CAL": "70", "RET_FRENTE": "NO", "RET_FONDO": "SI", "RET_LATERA": "NO", "PARC_SUP_M": "375", "PARC_ANC_M": 15.0, "INC_PRM": "Art 289 COT Ord 12692 (Art. 47 del Dec.ley 8912/77 por mejora morfológica)", "COLOR_HEX": "#256199" }, "bbox": [ -57.9571760253, -34.950025469, -57.9486418332, -34.9447089693 ], "geometry": { "type": "MultiPolygon", "coordinates": [ [ [ [ -57.9486418332, -34.9480060467 ], [ -57.9506487989, -34.9498526957 ], [ -57.9517830949, -34.9490227069 ], [ -57.9527911891, -34.9499179622 ], [ -57.9539200289, -34.9491201629 ], [ -57.9549294891, -34.950025469 ], [ -57.9571760253, -34.9483408248 ], [ -57.9531590882, -34.9447089693 ], [ -57.9486418332, -34.9480060467 ] ] ] ] } },
{ "type": "Feature", "properties": { "ZONA_COD": "AU-R2", "ZONA_DESC": "RESIDENCIAL 2", "AREA_TIPO": "Urbana", "DENOM": "Residencial 2", "FOS_MAX": "0.6", "FOT_RES": "1.2", "FOT_COM": null, "FOT_MIN": "0.75", "DENS_RES": "400", "DENS_COM": null, "ALTURA_M": 12.0, "NIVELES": 4.0, "CUF_AV": "50", "CUF_CAL": "70", "RET_FRENTE": "NO", "RET_FONDO": "SI", "RET_LATERA": "NO", "PARC_SUP_M": "375", "PARC_ANC_M": 15.0, "INC_PRM": "Art 289 COT Ord 12692 (Art. 47 del Dec.ley 8912/77 por mejora morfológica)", "COLOR_HEX": "#256199" }, "bbox": [ -57.9510094342, -34.9460884259, -57.9424646607, -34.9390275392 ], "geometry": { "type": "MultiPolygon", "coordinates": [ [ [ [ -57.9465299111, -34.9460884259 ], [ -57.9510094342, -34.9427419119 ], [ -57.946960886, -34.9390275392 ], [ -57.9424646607, -34.9423792333 ], [ -57.9445000378, -34.9442358585 ], [ -57.9465299111, -34.9460884259 ] ] ] ] } },
{ "type": "Feature", "properties": { "ZONA_COD": "AU-R2", "ZONA_DESC": "RESIDENCIAL 2", "AREA_TIPO": "Urbana", "DENOM": "Residencial 2", "FOS_MAX": "0.6", "FOT_RES": "1.2", "FOT_COM": null, "FOT_MIN": "0.75", "DENS_RES": "400", "DENS_COM": null, "ALTURA_M": 12.0, "NIVELES": 4.0, "CUF_AV": "50", "CUF_CAL": "70", "RET_FRENTE": "NO", "RET_FONDO": "SI", "RET_LATERA": "NO", "PARC_SUP_M": "375", "PARC_ANC_M": 15.0, "INC_PRM": "Art 289 COT Ord 12692 (Art. 47 del Dec.ley 8912/77 por mejora morfológica)", "COLOR_HEX": "#256199" }, "bbox": [ -57.9640103602, -34.9466193947, -57.9554771717, -34.9395856405 ], "geometry": { "type": "MultiPolygon", "coordinates": [ [ [ [ -57.9554771717, -34.9429376485 ], [ -57.9595108676, -34.9466193947 ], [ -57.9640103602, -34.9432719274 ], [ -57.9599564277, -34.9395856405 ], [ -57.9554771717, -34.9429376485 ] ] ] ] } },
{ "type": "Feature", "properties": { "ZONA_COD": "AU-CCA", "ZONA_DESC": "CENTRAL CASCO", "AREA_TIPO": "Urbana", "DENOM": "Central Casco", "FOS_MAX": "0.6", "FOT_RES": "2.5", "FOT_COM": "3.0", "FOT_MIN": "NO", "DENS_RES": "1000", "DENS_COM": "2000", "ALTURA_M": 24.0, "NIVELES": 8.0, "CUF_AV": "20", "CUF_CAL": "30", "RET_FRENTE": "NO", "RET_FONDO": "SI", "RET_LATERA": "NO", "PARC_SUP_M": "900", "PARC_ANC_M": 30.0, "INC_PRM": "Art 289 COT Ord 12692 (Art. 47 del Dec.ley 8912/77 por mejora morfológica)", "COLOR_HEX": "#800000" }, "bbox": [ -57.9460733289, -34.9190640718, -57.9376238907, -34.9120971247 ], "geometry": { "type": "MultiPolygon", "coordinates": [ [ [ [ -57.9376238907, -34.9153649579 ], [ -57.9416911745, -34.9190640718 ], [ -57.9460733289, -34.9158089667 ], [ -57.9420083636, -34.9120971247 ], [ -57.9376238907, -34.9153649579 ] ] ] ] } },
{ "type": "Feature", "properties": { "ZONA_COD": "AR-DR", "ZONA_DESC": "DISTRITO DEP. RECREAT.", "AREA_TIPO": "Rural", "DENOM": "Deportivo Recreativo", "FOS_MAX": null, "FOT_RES": null, "FOT_COM": null, "FOT_MIN": null, "DENS_RES": null, "DENS_COM": null, "ALTURA_M": 0.0, "NIVELES": 0.0, "CUF_AV": null, "CUF_CAL": null, "RET_FRENTE": null, "RET_FONDO": null, "RET_LATERA": null, "PARC_SUP_M": null, "PARC_ANC_M": 0.0, "INC_PRM": null, "COLOR_HEX": "#BDE697" }, "bbox": [ -57.9429334009, -34.9134803944, -57.9267312958, -34.9022398968 ], "geometry": { "type": "MultiPolygon", "coordinates": [ [ [ [ -57.9332930624, -34.9133221263 ], [ -57.9334367543, -34.9132385217 ], [ -57.933868017, -34.9133953635 ], [ -57.9342038976, -34.9134770687 ], [ -57.9344966188, -34.9134803944 ], [ -57.9348057617, -34.9134286555 ], [ -57.9350377562, -34.9133343049 ], [ -57.9354608908, -34.9131552337 ], [ -57.9358359854, -34.9129741678 ], [ -57.9365335914, -34.9126130675 ], [ -57.937479876, -34.9119494578 ], [ -57.9385605832, -34.912930101 ], [ -57.9409682392, -34.9111519705 ], [ -57.9429334009, -34.909700542 ], [ -57.9428099491, -34.9095997271 ], [ -57.9426163862, -34.9094691267 ], [ -57.9424246328, -34.9094111708 ], [ -57.9423044303, -34.9093892408 ], [ -57.9420777148, -34.9093774426 ], [ -57.9417970985, -34.9093965613 ], [ -57.9417555255, -34.907625914 ], [ -57.9369746486, -34.9032461176 ], [ -57.9369395948, -34.9028059867 ], [ -57.9361778762, -34.9025676781 ], [ -57.9352337553, -34.9023848585 ], [ -57.9346286258, -34.9022928623 ], [ -57.9337894954, -34.9022398968 ], [ -57.9297897273, -34.9051958586 ], [ -57.9267312958, -34.9074559026 ], [ -57.9293691216, -34.9096890478 ], [ -57.9332930624, -34.9133221263 ] ] ] ] } },
{ "type": "Feature", "properties": { "ZONA_COD": "AU-EV", "ZONA_DESC": "ESPACIO VERDE", "AREA_TIPO": "Urbana", "DENOM": "Espacio Verde", "FOS_MAX": null, "FOT_RES": null, "FOT_COM": null, "FOT_MIN": null, "DENS_RES": null, "DENS_COM": null, "ALTURA_M": 0.0, "NIVELES": 0.0, "CUF_AV": null, "CUF_CAL": null, "RET_FRENTE": null, "RET_FONDO": null, "RET_LATERA": null, "PARC_SUP_M": null, "PARC_ANC_M": 0.0, "INC_PRM": null, "COLOR_HEX": "#9AD66E" }, "bbox": [ -57.9836586205, -34.969399446, -57.9804441162, -34.9667027317 ], "geometry": { "type": "MultiPolygon", "coordinates": [ [ [ [ -57.9815879261, -34.9667051779 ], [ -57.9804441162, -34.9675562639 ], [ -57.9824657175, -34.969399446 ], [ -57.9836586205, -34.9685472035 ], [ -57.9816453173, -34.9667027317 ], [ -57.9815879261, -34.9667051779 ] ] ] ] } },
{ "type": "Feature", "properties": { "ZONA_COD": "AU-CLo2", "ZONA_DESC": "CENTRAL LOCALIDADES 2", "AREA_TIPO": "Urbana", "DENOM": "Central Loc. 2", "FOS_MAX": "0.5", "FOT_RES": "1.5", "FOT_COM": "2.0", "FOT_MIN": "NO", "DENS_RES": "400", "DENS_COM": "600", "ALTURA_M": 12.0, "NIVELES": 4.0, "CUF_AV": "50", "CUF_CAL": "70", "RET_FRENTE": "NO", "RET_FONDO": "SI", "RET_LATERA": "NO", "PARC_SUP_M": "375", "PARC_ANC_M": 15.0, "INC_PRM": "No aplica", "COLOR_HEX": "#A80000" }, "bbox": [ -57.9460505293, -34.9557820645, -57.9360738741, -34.9479932611 ], "geometry": { "type": "MultiPolygon", "coordinates": [ [ [ [ -57.9439451507, -34.9479932611 ], [ -57.9360738741, -34.9538693882 ], [ -57.9360788006, -34.9538738767 ], [ -57.9381728675, -34.9557820645 ], [ -57.9460505293, -34.9499278692 ], [ -57.9439451507, -34.9479932611 ] ] ] ] } },
{ "type": "Feature", "properties": { "ZONA_COD": "AU-R2", "ZONA_DESC": "RESIDENCIAL 2", "AREA_TIPO": "Urbana", "DENOM": "Residencial 2", "FOS_MAX": "0.6", "FOT_RES": "1.2", "FOT_COM": null, "FOT_MIN": "0.75", "DENS_RES": "400", "DENS_COM": null, "ALTURA_M": 12.0, "NIVELES": 4.0, "CUF_AV": "50", "CUF_CAL": "70", "RET_FRENTE": "NO", "RET_FONDO": "SI", "RET_LATERA": "NO", "PARC_SUP_M": "375", "PARC_ANC_M": 15.0, "INC_PRM": "Art 289 COT Ord 12692 (Art. 47 del Dec.ley 8912/77 por mejora morfológica)", "COLOR_HEX": "#256199" }, "bbox": [ -57.9448436706, -34.9404576627, -57.9363070287, -34.9334104259 ], "geometry": { "type": "MultiPolygon", "coordinates": [ [ [ [ -57.9363070287, -34.9367616811 ], [ -57.9403582183, -34.9404576627 ], [ -57.9448436706, -34.9371028677 ], [ -57.9412229461, -34.9337984698 ], [ -57.9408078091, -34.9334104259 ], [ -57.9396681855, -34.9342601251 ], [ -57.9391290096, -34.9346850449 ], [ -57.9363070287, -34.9367616811 ] ] ] ] } },
{ "type": "Feature", "properties": { "ZONA_COD": "AU-CC2", "ZONA_DESC": "CORREDOR CENTRALIDAD 2", "AREA_TIPO": "Urbana", "DENOM": "Corredor Central. 2", "FOS_MAX": "0.6", "FOT_RES": "2.5", "FOT_COM": "3.0", "FOT_MIN": "0.75", "DENS_RES": "1000", "DENS_COM": "2000", "ALTURA_M": 18.0, "NIVELES": 6.0, "CUF_AV": "20", "CUF_CAL": "30", "RET_FRENTE": "NO", "RET_FONDO": "SI", "RET_LATERA": "NO", "PARC_SUP_M": "900", "PARC_ANC_M": 30.0, "INC_PRM": "Art 289 COT Ord 12692 (Art. 47 del Dec.ley 8912/77 por mejora morfológica) - Receptor APU (Ver Titulo 9 Cap 1 y 2- COT Ord 12692)", "COLOR_HEX": "#F67D44" }, "bbox": [ -57.9599564277, -34.9483408248, -57.9465299111, -34.9373068169 ], "geometry": { "type": "MultiPolygon", "coordinates": [ [ [ [ -57.9486418332, -34.9480060467 ], [ -57.9531590882, -34.9447089693 ], [ -57.9571760253, -34.9483408248 ], [ -57.9595108676, -34.9466193947 ], [ -57.9554771717, -34.9429376485 ], [ -57.9599564277, -34.9395856405 ], [ -57.9578376538, -34.9376673506 ], [ -57.9533642173, -34.9410120417 ], [ -57.9492776736, -34.9373068169 ], [ -57.946960886, -34.9390275392 ], [ -57.9510094342, -34.9427419119 ], [ -57.9465299111, -34.9460884259 ], [ -57.9486418332, -34.9480060467 ] ], [ [ -57.9553778416, -34.9429247018 ], [ -57.9531219102, -34.9446172295 ], [ -57.9510434241, -34.9427677701 ], [ -57.953374698, -34.9410542981 ], [ -57.9553778416, -34.9429247018 ] ] ] ] } },
{ "type": "Feature", "properties": { "ZONA_COD": "AU-R1", "ZONA_DESC": "RESIDENCIAL 1", "AREA_TIPO": "Urbana", "DENOM": "Residencial 1", "FOS_MAX": "0.6", "FOT_RES": "2.0", "FOT_COM": null, "FOT_MIN": "1.0", "DENS_RES": "800", "DENS_COM": null, "ALTURA_M": 18.0, "NIVELES": 6.0, "CUF_AV": "30", "CUF_CAL": "40", "RET_FRENTE": "NO", "RET_FONDO": "SI", "RET_LATERA": "NO", "PARC_SUP_M": "600", "PARC_ANC_M": 20.0, "INC_PRM": "Art 289 COT Ord 12692 (Art. 47 del Dec.ley 8912/77 por mejora morfológica)", "COLOR_HEX": "#223555" }, "bbox": [ -57.9516629869, -34.935362836, -57.9431447406, -34.9283481843 ], "geometry": { "type": "MultiPolygon", "coordinates": [ [ [ [ -57.9476108459, -34.9283481843 ], [ -57.9470454079, -34.9287686435 ], [ -57.9445964191, -34.9305965128 ], [ -57.9442062671, -34.9308844703 ], [ -57.9431447406, -34.9316679291 ], [ -57.9471819574, -34.935362836 ], [ -57.9516629869, -34.932039431 ], [ -57.9476108459, -34.9283481843 ] ] ] ] } },
{ "type": "Feature", "properties": { "ZONA_COD": "AU-R2", "ZONA_DESC": "RESIDENCIAL 2", "AREA_TIPO": "Urbana", "DENOM": "Residencial 2", "FOS_MAX": "0.6", "FOT_RES": "1.2", "FOT_COM": null, "FOT_MIN": "0.75", "DENS_RES": "400", "DENS_COM": null, "ALTURA_M": 12.0, "NIVELES": 4.0, "CUF_AV": "50", "CUF_CAL": "70", "RET_FRENTE": "NO", "RET_FONDO": "SI", "RET_LATERA": "NO", "PARC_SUP_M": "375", "PARC_ANC_M": 15.0, "INC_PRM": "Art 289 COT Ord 12692 (Art. 47 del Dec.ley 8912/77 por mejora morfológica)", "COLOR_HEX": "#256199" }, "bbox": [ -57.9324951425, -34.9292088301, -57.9239841808, -34.9221702313 ], "geometry": { "type": "MultiPolygon", "coordinates": [ [ [ [ -57.92803314, -34.9292088301 ], [ -57.9324951425, -34.9258754858 ], [ -57.9284468291, -34.9221702313 ], [ -57.9239841808, -34.9255193201 ], [ -57.92803314, -34.9292088301 ] ] ] ] } },
{ "type": "Feature", "properties": { "ZONA_COD": "AU-CC2", "ZONA_DESC": "CORREDOR CENTRALIDAD 2", "AREA_TIPO": "Urbana", "DENOM": "Corredor Central. 2", "FOS_MAX": "0.6", "FOT_RES": "2.5", "FOT_COM": "3.0", "FOT_MIN": "0.75", "DENS_RES": "1000", "DENS_COM": "2000", "ALTURA_M": 18.0, "NIVELES": 6.0, "CUF_AV": "20", "CUF_CAL": "30", "RET_FRENTE": "NO", "RET_FONDO": "SI", "RET_LATERA": "NO", "PARC_SUP_M": "900", "PARC_ANC_M": 30.0, "INC_PRM": "Art 289 COT Ord 12692 (Art. 47 del Dec.ley 8912/77 por mejora morfológica) - Receptor APU (Ver Titulo 9 Cap 1 y 2- COT Ord 12692)", "COLOR_HEX": "#F67D44" }, "bbox": [ -57.9284468291, -34.9255193201, -57.9208349034, -34.9202430381 ], "geometry": { "type": "MultiPolygon", "coordinates": [ [ [ [ -57.9284468291, -34.9221702313 ], [ -57.9263536849, -34.9202430381 ], [ -57.9241375935, -34.9218799121 ], [ -57.9231269435, -34.9209720654 ], [ -57.9208349034, -34.9226501014 ], [ -57.9227720791, -34.9244369077 ], [ -57.923038496, -34.9246534231 ], [ -57.9239841808, -34.9255193201 ], [ -57.9284468291, -34.9221702313 ] ] ] ] } },
{ "type": "Feature", "properties": { "ZONA_COD": "AU-R2", "ZONA_DESC": "RESIDENCIAL 2", "AREA_TIPO": "Urbana", "DENOM": "Residencial 2", "FOS_MAX": "0.6", "FOT_RES": "1.2", "FOT_COM": null, "FOT_MIN": "0.75", "DENS_RES": "400", "DENS_COM": null, "ALTURA_M": 12.0, "NIVELES": 4.0, "CUF_AV": "50", "CUF_CAL": "70", "RET_FRENTE": "NO", "RET_FONDO": "SI", "RET_LATERA": "NO", "PARC_SUP_M": "375", "PARC_ANC_M": 15.0, "INC_PRM": "Art 289 COT Ord 12692 (Art. 47 del Dec.ley 8912/77 por mejora morfológica)", "COLOR_HEX": "#256199" }, "bbox": [ -57.9263536849, -34.9226501014, -57.9198494002, -34.9165758204 ], "geometry": { "type": "MultiPolygon", "coordinates": [ [ [ [ -57.9263536849, -34.9202430381 ], [ -57.9223147738, -34.9165758204 ], [ -57.9200689715, -34.9182317952 ], [ -57.9210837485, -34.9191511163 ], [ -57.919949225, -34.9199858266 ], [ -57.920970532, -34.9209072117 ], [ -57.9198494002, -34.921733721 ], [ -57.9208349034, -34.9226501014 ], [ -57.9231269435, -34.9209720654 ], [ -57.9241375935, -34.9218799121 ], [ -57.9263536849, -34.9202430381 ] ] ] ] } },
{ "type": "Feature", "properties": { "ZONA_COD": "AU-R2", "ZONA_DESC": "RESIDENCIAL 2", "AREA_TIPO": "Urbana", "DENOM": "Residencial 2", "FOS_MAX": "0.6", "FOT_RES": "1.2", "FOT_COM": null, "FOT_MIN": "0.75", "DENS_RES": "400", "DENS_COM": null, "ALTURA_M": 12.0, "NIVELES": 4.0, "CUF_AV": "50", "CUF_CAL": "70", "RET_FRENTE": "NO", "RET_FONDO": "SI", "RET_LATERA": "NO", "PARC_SUP_M": "375", "PARC_ANC_M": 15.0, "INC_PRM": "Art 289 COT Ord 12692 (Art. 47 del Dec.ley 8912/77 por mejora morfológica)", "COLOR_HEX": "#256199" }, "bbox": [ -57.9385605832, -34.9184967921, -57.9237320532, -34.9119494578 ], "geometry": { "type": "MultiPolygon", "coordinates": [ [ [ [ -57.9350377562, -34.9133343049 ], [ -57.9348057617, -34.9134286555 ], [ -57.9344966188, -34.9134803944 ], [ -57.9342038976, -34.9134770687 ], [ -57.933868017, -34.9133953635 ], [ -57.9334367543, -34.9132385217 ], [ -57.9332930624, -34.9133221263 ], [ -57.9331616409, -34.9134712186 ], [ -57.9317118546, -34.9131419813 ], [ -57.9296945898, -34.9127498985 ], [ -57.9284774312, -34.9127305972 ], [ -57.9272427079, -34.9128447905 ], [ -57.9272294069, -34.9128471494 ], [ -57.9266210137, -34.912955068 ], [ -57.9250977601, -34.9133619645 ], [ -57.9238417138, -34.9139383238 ], [ -57.9237320532, -34.9140049833 ], [ -57.9246578864, -34.9148456327 ], [ -57.9287129834, -34.9184967921 ], [ -57.934347451, -34.9142910406 ], [ -57.935404944, -34.9152604468 ], [ -57.9385605832, -34.912930101 ], [ -57.937479876, -34.9119494578 ], [ -57.9365335914, -34.9126130675 ], [ -57.9358359854, -34.9129741678 ], [ -57.9354608908, -34.9131552337 ], [ -57.9350377562, -34.9133343049 ] ] ] ] } },
{ "type": "Feature", "properties": { "ZONA_COD": "AU-R2", "ZONA_DESC": "RESIDENCIAL 2", "AREA_TIPO": "Urbana", "DENOM": "Residencial 2", "FOS_MAX": "0.6", "FOT_RES": "1.2", "FOT_COM": null, "FOT_MIN": "0.75", "DENS_RES": "400", "DENS_COM": null, "ALTURA_M": 12.0, "NIVELES": 4.0, "CUF_AV": "50", "CUF_CAL": "70", "RET_FRENTE": "NO", "RET_FONDO": "SI", "RET_LATERA": "NO", "PARC_SUP_M": "375", "PARC_ANC_M": 15.0, "INC_PRM": "Art 289 COT Ord 12692 (Art. 47 del Dec.ley 8912/77 por mejora morfológica)", "COLOR_HEX": "#256199" }, "bbox": [ -57.9386934383, -34.9348199756, -57.9301580716, -34.9278143998 ], "geometry": { "type": "MultiPolygon", "coordinates": [ [ [ [ -57.9375640633, -34.9323445934 ], [ -57.9386934383, -34.9315096098 ], [ -57.9346318751, -34.9278143998 ], [ -57.9301580716, -34.9311330412 ], [ -57.9341851773, -34.9348199756 ], [ -57.9375640633, -34.9323445934 ] ] ] ] } },
{ "type": "Feature", "properties": { "ZONA_COD": "AU-CLo2", "ZONA_DESC": "CENTRAL LOCALIDADES 2", "AREA_TIPO": "Urbana", "DENOM": "Central Loc. 2", "FOS_MAX": "0.5", "FOT_RES": "1.5", "FOT_COM": "2.0", "FOT_MIN": "NO", "DENS_RES": "400", "DENS_COM": "600", "ALTURA_M": 12.0, "NIVELES": 4.0, "CUF_AV": "50", "CUF_CAL": "70", "RET_FRENTE": "NO", "RET_FONDO": "SI", "RET_LATERA": "NO", "PARC_SUP_M": "375", "PARC_ANC_M": 15.0, "INC_PRM": "No aplica", "COLOR_HEX": "#A80000" }, "bbox": [ -57.9275759661, -34.9381505824, -57.9185216609, -34.9311254545 ], "geometry": { "type": "MultiPolygon", "coordinates": [ [ [ [ -57.9185216609, -34.9362699417 ], [ -57.9194579172, -34.9371352181 ], [ -57.9197636589, -34.9373122964 ], [ -57.9206911198, -34.9381505824 ], [ -57.9275759661, -34.9330583107 ], [ -57.9264972562, -34.9320726456 ], [ -57.9254607795, -34.9311254545 ], [ -57.920128066, -34.9350614076 ], [ -57.9200833265, -34.9350751042 ], [ -57.9193562075, -34.9356232806 ], [ -57.9185216609, -34.9362699417 ] ] ] ] } },
{ "type": "Feature", "properties": { "ZONA_COD": "AU-UE", "ZONA_DESC": "USOS ESPECÍFICOS AU", "AREA_TIPO": "Urbana", "DENOM": "Usos Específicos", "FOS_MAX": null, "FOT_RES": null, "FOT_COM": null, "FOT_MIN": null, "DENS_RES": null, "DENS_COM": null, "ALTURA_M": 0.0, "NIVELES": 0.0, "CUF_AV": null, "CUF_CAL": null, "RET_FRENTE": null, "RET_FONDO": null, "RET_LATERA": null, "PARC_SUP_M": null, "PARC_ANC_M": 0.0, "INC_PRM": null, "COLOR_HEX": "#D4D4D4" }, "bbox": [ -57.92811884, -34.939147203, -57.9240692828, -34.9358513999 ], "geometry": { "type": "MultiPolygon", "coordinates": [ [ [ [ -57.9260821481, -34.9358513999 ], [ -57.9240692828, -34.937296802 ], [ -57.9261386606, -34.939147203 ], [ -57.92811884, -34.9376969715 ], [ -57.9260821481, -34.9358513999 ] ] ] ] } },
{ "type": "Feature", "properties": { "ZONA_COD": "AU-R3", "ZONA_DESC": "RESIDENCIAL 3", "AREA_TIPO": "Urbana", "DENOM": "Residencial 3", "FOS_MAX": "0.6", "FOT_RES": "1.2", "FOT_COM": null, "FOT_MIN": "NO", "DENS_RES": "300", "DENS_COM": null, "ALTURA_M": 9.0, "NIVELES": 3.0, "CUF_AV": "80", "CUF_CAL": "100", "RET_FRENTE": "NO", "RET_FONDO": "SI", "RET_LATERA": "SI", "PARC_SUP_M": "375", "PARC_ANC_M": 15.0, "INC_PRM": "CUF x 2.0 (por Distrito de interes urbanistico Ver COT Art 16 , 244 y 286 Ord 12692)", "COLOR_HEX": "#5290CE" }, "bbox": [ -57.913199688, -34.9247973857, -57.9057797613, -34.9187360522 ], "geometry": { "type": "MultiPolygon", "coordinates": [ [ [ [ -57.9123420567, -34.9187360522 ], [ -57.9122767561, -34.918782549 ], [ -57.9112839297, -34.9195136465 ], [ -57.911147409, -34.9196206128 ], [ -57.910427812, -34.9201384038 ], [ -57.9103434493, -34.9202120214 ], [ -57.9096478741, -34.9207184152 ], [ -57.9095586289, -34.9208161904 ], [ -57.9085676426, -34.9215591015 ], [ -57.9084508827, -34.9216416224 ], [ -57.9074441537, -34.9223961491 ], [ -57.9073536199, -34.9224454157 ], [ -57.9063698326, -34.9231531966 ], [ -57.9062657019, -34.9232380053 ], [ -57.9057797613, -34.9235963204 ], [ -57.9065104884, -34.9242620067 ], [ -57.9063820067, -34.9243577512 ], [ -57.9064554723, -34.9244248038 ], [ -57.9062882731, -34.9245500703 ], [ -57.9065063812, -34.9247509195 ], [ -57.9065561595, -34.9247973857 ], [ -57.9122926633, -34.9205567207 ], [ -57.9120715218, -34.92034848 ], [ -57.9131921355, -34.9195304009 ], [ -57.913199688, -34.9195249654 ], [ -57.9123420567, -34.9187360522 ] ] ] ] } },
{ "type": "Feature", "properties": { "ZONA_COD": "AU-R3", "ZONA_DESC": "RESIDENCIAL 3", "AREA_TIPO": "Urbana", "DENOM": "Residencial 3", "FOS_MAX": "0.6", "FOT_RES": "1.2", "FOT_COM": null, "FOT_MIN": "NO", "DENS_RES": "300", "DENS_COM": null, "ALTURA_M": 9.0, "NIVELES": 3.0, "CUF_AV": "80", "CUF_CAL": "100", "RET_FRENTE": "NO", "RET_FONDO": "SI", "RET_LATERA": "SI", "PARC_SUP_M": "375", "PARC_ANC_M": 15.0, "INC_PRM": "CUF x 2.0 (por Distrito de interes urbanistico Ver COT Art 16 , 244 y 286 Ord 12692)", "COLOR_HEX": "#5290CE" }, "bbox": [ -57.9195391674, -34.9297938544, -57.9092620577, -34.9218160603 ], "geometry": { "type": "MultiPolygon", "coordinates": [ [ [ [ -57.9092620577, -34.9262604702 ], [ -57.9095292139, -34.9265037926 ], [ -57.90972248, -34.9266837515 ], [ -57.909815148, -34.926774744 ], [ -57.9100132551, -34.9269450531 ], [ -57.9102066058, -34.9271217681 ], [ -57.910270445, -34.9271773165 ], [ -57.9105135255, -34.9269949834 ], [ -57.9115119645, -34.9279010342 ], [ -57.9115077863, -34.9279439013 ], [ -57.9135370678, -34.9297938544 ], [ -57.9195391674, -34.925329323 ], [ -57.9185345959, -34.9244132376 ], [ -57.9182878615, -34.9245963548 ], [ -57.9152372811, -34.9218160603 ], [ -57.9106454497, -34.9252315145 ], [ -57.9104934139, -34.925289992 ], [ -57.9094482237, -34.9260667904 ], [ -57.909481539, -34.9260971686 ], [ -57.9092620577, -34.9262604702 ] ] ] ] } },
{ "type": "Feature", "properties": { "ZONA_COD": "AU-CC3", "ZONA_DESC": "CORREDOR CENTRALIDAD 3", "AREA_TIPO": "Urbana", "DENOM": "Corredor Central. 3", "FOS_MAX": "0.6", "FOT_RES": "1.5", "FOT_COM": null, "FOT_MIN": "NO", "DENS_RES": "400", "DENS_COM": null, "ALTURA_M": 18.0, "NIVELES": 6.0, "CUF_AV": "50", "CUF_CAL": "50", "RET_FRENTE": null, "RET_FONDO": "SI", "RET_LATERA": "NO", "PARC_SUP_M": "375", "PARC_ANC_M": 15.0, "INC_PRM": "Art 289 COT Ord 12692 (Art. 47 del Dec.ley 8912/77 por mejora morfológica) - Receptor APU (Ver Titulo 9 Cap 1 y 2- COT Ord 12692)", "COLOR_HEX": "#CD6969" }, "bbox": [ -57.9520517008, -34.9545401763, -57.9131921355, -34.9081516784 ], "geometry": { "type": "MultiPolygon", "coordinates": [ [ [ [ -57.9151271987, -34.919384155 ], [ -57.9220546989, -34.9142564653 ], [ -57.9222768989, -34.9140652991 ], [ -57.923046696, -34.9134030041 ], [ -57.9238480747, -34.9123566438 ], [ -57.9243235985, -34.9117848234 ], [ -57.9248329538, -34.9109733399 ], [ -57.9253059387, -34.9099345798 ], [ -57.9257896733, -34.9081516784 ], [ -57.924507062, -34.9099862657 ], [ -57.9231951112, -34.9116282056 ], [ -57.9210436927, -34.9132593653 ], [ -57.9208432446, -34.9134791381 ], [ -57.9141161745, -34.9184299131 ], [ -57.9143849288, -34.9186718226 ], [ -57.913199688, -34.9195249654 ], [ -57.9131921355, -34.9195304009 ], [ -57.9144251573, -34.9206812876 ], [ -57.9141810912, -34.9208533909 ], [ -57.9152372811, -34.9218160603 ], [ -57.9182878615, -34.9245963548 ], [ -57.9185345959, -34.9244132376 ], [ -57.9195391674, -34.925329323 ], [ -57.9205967512, -34.9262903358 ], [ -57.9203541789, -34.9264744693 ], [ -57.9213355866, -34.9273644024 ], [ -57.9213357727, -34.9273645724 ], [ -57.9213980607, -34.9274437271 ], [ -57.9254607795, -34.9311254545 ], [ -57.9264972562, -34.9320726456 ], [ -57.9275759661, -34.9330583107 ], [ -57.9316293634, -34.936755134 ], [ -57.933726952, -34.9386727845 ], [ -57.9377897149, -34.9423866833 ], [ -57.9399007026, -34.9442834012 ], [ -57.9401490818, -34.9441035475 ], [ -57.9408705611, -34.9447638882 ], [ -57.941090431, -34.9449651232 ], [ -57.9431723516, -34.9468705277 ], [ -57.9441961057, -34.9478074378 ], [ -57.9439451373, -34.9479932494 ], [ -57.9439451507, -34.9479932611 ], [ -57.9460505293, -34.9499278692 ], [ -57.9511285396, -34.9545401763 ], [ -57.9518816399, -34.9539798546 ], [ -57.9520517008, -34.9538503756 ], [ -57.9150794743, -34.9201430083 ], [ -57.9151271987, -34.919384155 ] ] ] ] } },
{ "type": "Feature", "properties": { "ZONA_COD": "AU-EV", "ZONA_DESC": "ESPACIO VERDE", "AREA_TIPO": "Urbana", "DENOM": "Espacio Verde", "FOS_MAX": null, "FOT_RES": null, "FOT_COM": null, "FOT_MIN": null, "DENS_RES": null, "DENS_COM": null, "ALTURA_M": 0.0, "NIVELES": 0.0, "CUF_AV": null, "CUF_CAL": null, "RET_FRENTE": null, "RET_FONDO": null, "RET_LATERA": null, "PARC_SUP_M": null, "PARC_ANC_M": 0.0, "INC_PRM": null, "COLOR_HEX": "#9AD66E" }, "bbox": [ -57.8719881626, -34.9753540066, -57.8712545299, -34.9747516919 ], "geometry": { "type": "MultiPolygon", "coordinates": [ [ [ [ -57.8719881626, -34.9747620899 ], [ -57.8712737187, -34.9747516919 ], [ -57.8712545299, -34.9753405347 ], [ -57.8719521475, -34.9753540066 ], [ -57.8719881626, -34.9747620899 ] ] ] ] } },
{ "type": "Feature", "properties": { "ZONA_COD": "AU-CS1", "ZONA_DESC": "CORREDOR SERVICIOS 1", "AREA_TIPO": "Urbana", "DENOM": "Corredor Servicios 1", "FOS_MAX": "0.6", "FOT_RES": "1.0", "FOT_COM": null, "FOT_MIN": "NO", "DENS_RES": "300", "DENS_COM": null, "ALTURA_M": 9.0, "NIVELES": 3.0, "CUF_AV": "100", "CUF_CAL": null, "RET_FRENTE": "NO", "RET_FONDO": "SI", "RET_LATERA": "SI", "PARC_SUP_M": "375", "PARC_ANC_M": 15.0, "INC_PRM": "No aplica", "COLOR_HEX": "#C22B7E" }, "bbox": [ -58.0362337788, -34.9983760574, -58.0320964936, -34.9951265389 ], "geometry": { "type": "MultiPolygon", "coordinates": [ [ [ [ -58.0354698928, -34.9951265389 ], [ -58.0320964936, -34.9976980342 ], [ -58.0326665738, -34.9981960455 ], [ -58.0328702379, -34.9983760574 ], [ -58.0362337788, -34.9958253328 ], [ -58.0354698928, -34.9951265389 ] ] ] ] } },
{ "type": "Feature", "properties": { "ZONA_COD": "AC-UE", "ZONA_DESC": "USO ESPECÍFICO", "AREA_TIPO": "Complem.", "DENOM": "Usos Específicos", "FOS_MAX": null, "FOT_RES": null, "FOT_COM": null, "FOT_MIN": null, "DENS_RES": null, "DENS_COM": null, "ALTURA_M": 0.0, "NIVELES": 0.0, "CUF_AV": null, "CUF_CAL": null, "RET_FRENTE": null, "RET_FONDO": null, "RET_LATERA": null, "PARC_SUP_M": null, "PARC_ANC_M": 0.0, "INC_PRM": null, "COLOR_HEX": "#D4D4D4" }, "bbox": [ -57.994165838, -35.0463884459, -57.9838370074, -35.0352823663 ], "geometry": { "type": "MultiPolygon", "coordinates": [ [ [ [ -57.9839658541, -35.0445108737 ], [ -57.9859141211, -35.0463884459 ], [ -57.994165838, -35.039737543 ], [ -57.9939341052, -35.0395350012 ], [ -57.9889927307, -35.0353449294 ], [ -57.9889211195, -35.0352823663 ], [ -57.9838370074, -35.0437280516 ], [ -57.9839658541, -35.0445108737 ] ] ] ] } },
{ "type": "Feature", "properties": { "ZONA_COD": "AU-R3", "ZONA_DESC": "RESIDENCIAL 3", "AREA_TIPO": "Urbana", "DENOM": "Residencial 3", "FOS_MAX": "0.6", "FOT_RES": "1.2", "FOT_COM": null, "FOT_MIN": "NO", "DENS_RES": "300", "DENS_COM": null, "ALTURA_M": 9.0, "NIVELES": 3.0, "CUF_AV": "80", "CUF_CAL": "100", "RET_FRENTE": "NO", "RET_FONDO": "SI", "RET_LATERA": "SI", "PARC_SUP_M": "375", "PARC_ANC_M": 15.0, "INC_PRM": "CUF x 2.0 (por Distrito de interes urbanistico Ver COT Art 16 , 244 y 286 Ord 12692)", "COLOR_HEX": "#5290CE" }, "bbox": [ -57.9441961057, -34.9538693882, -57.9318920824, -34.9441035475 ], "geometry": { "type": "MultiPolygon", "coordinates": [ [ [ [ -57.9408705611, -34.9447638882 ], [ -57.9401490818, -34.9441035475 ], [ -57.9399007026, -34.9442834012 ], [ -57.9363829486, -34.9468326671 ], [ -57.93589817, -34.9472315767 ], [ -57.9354210167, -34.9476242081 ], [ -57.9345666985, -34.9482595261 ], [ -57.9318920824, -34.9502498274 ], [ -57.9353204815, -34.9533793539 ], [ -57.9359875149, -34.9537906912 ], [ -57.9360738741, -34.9538693882 ], [ -57.9439451507, -34.9479932611 ], [ -57.9439451373, -34.9479932494 ], [ -57.9441961057, -34.9478074378 ], [ -57.9431723516, -34.9468705277 ], [ -57.941090431, -34.9449651232 ], [ -57.9408705611, -34.9447638882 ] ] ] ] } },
{ "type": "Feature", "properties": { "ZONA_COD": "AU-R3", "ZONA_DESC": "RESIDENCIAL 3", "AREA_TIPO": "Urbana", "DENOM": "Residencial 3", "FOS_MAX": "0.6", "FOT_RES": "1.2", "FOT_COM": null, "FOT_MIN": "NO", "DENS_RES": "300", "DENS_COM": null, "ALTURA_M": 9.0, "NIVELES": 3.0, "CUF_AV": "80", "CUF_CAL": "100", "RET_FRENTE": "NO", "RET_FONDO": "SI", "RET_LATERA": "SI", "PARC_SUP_M": "375", "PARC_ANC_M": 15.0, "INC_PRM": "CUF x 2.0 (por Distrito de interes urbanistico Ver COT Art 16 , 244 y 286 Ord 12692)", "COLOR_HEX": "#5290CE" }, "bbox": [ -57.9377897149, -34.9483267495, -57.9206911198, -34.9330583107 ], "geometry": { "type": "MultiPolygon", "coordinates": [ [ [ [ -57.933726952, -34.9386727845 ], [ -57.9329350099, -34.9392525523 ], [ -57.9328125627, -34.9393801166 ], [ -57.9312211458, -34.940539028 ], [ -57.9293922737, -34.9389034849 ], [ -57.9293218748, -34.9387923305 ], [ -57.9292424818, -34.9387201473 ], [ -57.9290947573, -34.9386301737 ], [ -57.9316293634, -34.936755134 ], [ -57.9275759661, -34.9330583107 ], [ -57.9206911198, -34.9381505824 ], [ -57.9227120394, -34.9399924533 ], [ -57.9226936546, -34.9400060573 ], [ -57.9233360053, -34.9405919117 ], [ -57.9236816714, -34.9409599161 ], [ -57.9249019426, -34.942049835 ], [ -57.9253506044, -34.9424144481 ], [ -57.9258149127, -34.9428226126 ], [ -57.9246287996, -34.9436832647 ], [ -57.9246770995, -34.9437262298 ], [ -57.9257208778, -34.9446547087 ], [ -57.9297411621, -34.9483267495 ], [ -57.9377897149, -34.9423866833 ], [ -57.933726952, -34.9386727845 ] ], [ [ -57.9260821481, -34.9358513999 ], [ -57.92811884, -34.9376969715 ], [ -57.9261386606, -34.939147203 ], [ -57.9240692828, -34.937296802 ], [ -57.9260821481, -34.9358513999 ] ] ] ] } },
{ "type": "Feature", "properties": { "ZONA_COD": "AU-R3", "ZONA_DESC": "RESIDENCIAL 3", "AREA_TIPO": "Urbana", "DENOM": "Residencial 3", "FOS_MAX": "0.6", "FOT_RES": "1.2", "FOT_COM": null, "FOT_MIN": "NO", "DENS_RES": "300", "DENS_COM": null, "ALTURA_M": 9.0, "NIVELES": 3.0, "CUF_AV": "80", "CUF_CAL": "100", "RET_FRENTE": "NO", "RET_FONDO": "SI", "RET_LATERA": "SI", "PARC_SUP_M": "375", "PARC_ANC_M": 15.0, "INC_PRM": "CUF x 2.0 (por Distrito de interes urbanistico Ver COT Art 16 , 244 y 286 Ord 12692)", "COLOR_HEX": "#5290CE" }, "bbox": [ -57.9827025, -34.9837123875, -57.9775115196, -34.9791802622 ], "geometry": { "type": "MultiPolygon", "coordinates": [ [ [ [ -57.9785935183, -34.9791802622 ], [ -57.9785935192, -34.9791802864 ], [ -57.9775115196, -34.9800110819 ], [ -57.9816003629, -34.9837123875 ], [ -57.9827025, -34.9828975082 ], [ -57.9826069309, -34.9828090248 ], [ -57.9785935183, -34.9791802622 ] ] ] ] } },
{ "type": "Feature", "properties": { "ZONA_COD": "AC-RU", "ZONA_DESC": "RESERVA URBANA", "AREA_TIPO": "Complem.", "DENOM": "Reserva Urbana", "FOS_MAX": "0.2", "FOT_RES": "0.3", "FOT_COM": null, "FOT_MIN": null, "DENS_RES": "1 vivienda por parcela", "DENS_COM": null, "ALTURA_M": 6.0, "NIVELES": 2.0, "CUF_AV": null, "CUF_CAL": null, "RET_FRENTE": "SI", "RET_FONDO": "SI", "RET_LATERA": "SI", "PARC_SUP_M": "4 Ha", "PARC_ANC_M": 0.0, "INC_PRM": "No aplica", "COLOR_HEX": "#DFDDA1" }, "bbox": [ -57.9956341728, -34.9990013246, -57.9347712718, -34.9635022748 ], "geometry": { "type": "MultiPolygon", "coordinates": [ [ [ [ -57.9453443529, -34.9641015551 ], [ -57.9424148005, -34.9667263632 ], [ -57.9408674756, -34.9653433174 ], [ -57.9398005505, -34.9661291163 ], [ -57.9387084929, -34.966947216 ], [ -57.9354726548, -34.9640350017 ], [ -57.9347712718, -34.9645300812 ], [ -57.9348353665, -34.9645916254 ], [ -57.9360261435, -34.965654098 ], [ -57.9464019349, -34.9754003262 ], [ -57.9464485405, -34.9753650557 ], [ -57.9570004749, -34.9849013758 ], [ -57.9572898363, -34.9846800904 ], [ -57.9590614054, -34.98630742 ], [ -57.9588729497, -34.9864829559 ], [ -57.9615281054, -34.9886759311 ], [ -57.9624810451, -34.9895127386 ], [ -57.9634462083, -34.9903281377 ], [ -57.9659023431, -34.9921796934 ], [ -57.9690669801, -34.9947141296 ], [ -57.9711474222, -34.9961410865 ], [ -57.974713164, -34.9990013246 ], [ -57.9778672087, -34.996731621 ], [ -57.9956341728, -34.9834533729 ], [ -57.9955906078, -34.9834147146 ], [ -57.995547042, -34.9833760564 ], [ -57.9950559896, -34.9829251884 ], [ -57.9945649418, -34.9824743187 ], [ -57.9935680865, -34.9815589015 ], [ -57.9925715729, -34.9806438422 ], [ -57.992316187, -34.9804032304 ], [ -57.9922923109, -34.9802843616 ], [ -57.9916937465, -34.9797441308 ], [ -57.9915501157, -34.9796884987 ], [ -57.9904365149, -34.9805373985 ], [ -57.9883746258, -34.9786802382 ], [ -57.9862269746, -34.9802849543 ], [ -57.9860326734, -34.9803775458 ], [ -57.9849975159, -34.9811698224 ], [ -57.9827025, -34.9828975082 ], [ -57.9816003629, -34.9837123875 ], [ -57.9775115196, -34.9800110819 ], [ -57.9785935192, -34.9791802864 ], [ -57.9785935183, -34.9791802622 ], [ -57.9775796181, -34.9782634654 ], [ -57.9775796181, -34.9782634654 ], [ -57.9775796181, -34.9782634654 ], [ -57.9775796181, -34.9782634654 ], [ -57.9764641089, -34.977309988 ], [ -57.9731849793, -34.9798035724 ], [ -57.9699392172, -34.9768575112 ], [ -57.9704838098, -34.976382929 ], [ -57.9675383026, -34.9736705495 ], [ -57.9691838263, -34.9724460092 ], [ -57.9641201998, -34.9678249265 ], [ -57.9640411539, -34.9678817933 ], [ -57.9633495851, -34.9684082043 ], [ -57.9632894268, -34.9683525623 ], [ -57.9624281083, -34.9689985426 ], [ -57.9609831028, -34.9676991572 ], [ -57.9578966619, -34.9704120728 ], [ -57.9578709629, -34.9703904333 ], [ -57.9562513837, -34.9689602945 ], [ -57.9562513837, -34.9689602945 ], [ -57.9562513837, -34.9689602945 ], [ -57.9561543289, -34.9690330991 ], [ -57.9560729969, -34.9690943627 ], [ -57.9559978342, -34.9691506117 ], [ -57.9559147108, -34.9692130049 ], [ -57.9558942476, -34.9692283653 ], [ -57.9558323806, -34.9692743341 ], [ -57.9557492634, -34.9693369189 ], [ -57.955664139, -34.9694010019 ], [ -57.9555862712, -34.9694594389 ], [ -57.9555056155, -34.9695199021 ], [ -57.9553827879, -34.9696120979 ], [ -57.9552574988, -34.9697064152 ], [ -57.9550587001, -34.9698555471 ], [ -57.9549700117, -34.9699220025 ], [ -57.954882326, -34.9699877546 ], [ -57.9548062415, -34.9700448697 ], [ -57.9547292676, -34.9701025108 ], [ -57.9546569774, -34.9701567157 ], [ -57.9545300399, -34.970251184 ], [ -57.9543682654, -34.9703730026 ], [ -57.9542794582, -34.9704398159 ], [ -57.9541826165, -34.9705127123 ], [ -57.9539466506, -34.9706902349 ], [ -57.9538502685, -34.9707622373 ], [ -57.9532408249, -34.9712185083 ], [ -57.9531319251, -34.9713007531 ], [ -57.9529355707, -34.9714481205 ], [ -57.9527151253, -34.9712437982 ], [ -57.9526479603, -34.9711843584 ], [ -57.9519033954, -34.9717334197 ], [ -57.9518471662, -34.971778741 ], [ -57.9515415793, -34.9714968539 ], [ -57.9487904479, -34.9690207199 ], [ -57.9477484808, -34.9680853953 ], [ -57.9491341985, -34.9670210423 ], [ -57.9489873617, -34.966877336 ], [ -57.948075647, -34.9660464407 ], [ -57.9480759123, -34.9660462437 ], [ -57.946828817, -34.96490906 ], [ -57.9472842391, -34.9645661089 ], [ -57.9461923857, -34.9635743582 ], [ -57.9460884222, -34.9635022748 ], [ -57.9453443529, -34.9641015551 ] ] ] ] } },
{ "type": "Feature", "properties": { "ZONA_COD": "AR-UE", "ZONA_DESC": "USOS ESPECÍFICOS AR", "AREA_TIPO": "Rural", "DENOM": "Usos Específicos", "FOS_MAX": null, "FOT_RES": null, "FOT_COM": null, "FOT_MIN": null, "DENS_RES": null, "DENS_COM": null, "ALTURA_M": 0.0, "NIVELES": 0.0, "CUF_AV": null, "CUF_CAL": null, "RET_FRENTE": null, "RET_FONDO": null, "RET_LATERA": null, "PARC_SUP_M": null, "PARC_ANC_M": 0.0, "INC_PRM": null, "COLOR_HEX": "#D4D4D4" }, "bbox": [ -57.9414558363, -35.030017119, -57.9096353357, -34.9974338773 ], "geometry": { "type": "MultiPolygon", "coordinates": [ [ [ [ -57.9096353357, -35.0087220444 ], [ -57.909678174, -35.0087611847 ], [ -57.9109239338, -35.0099208254 ], [ -57.9122216213, -35.0111288397 ], [ -57.9101710223, -35.0126925809 ], [ -57.910109854, -35.0127416308 ], [ -57.9151795437, -35.0173802404 ], [ -57.9169377615, -35.0160864568 ], [ -57.917007226, -35.0161641421 ], [ -57.9200883312, -35.0196097083 ], [ -57.9231696909, -35.0230552026 ], [ -57.9244092283, -35.0244594535 ], [ -57.9248390386, -35.0248013551 ], [ -57.9249228662, -35.0248680371 ], [ -57.9250911545, -35.0250019039 ], [ -57.9253421373, -35.0252017603 ], [ -57.9259841382, -35.0257123512 ], [ -57.9268308418, -35.0263858553 ], [ -57.927624935, -35.0270174789 ], [ -57.9285337431, -35.0277403081 ], [ -57.9289908919, -35.0281038986 ], [ -57.9294480452, -35.0284674873 ], [ -57.9299287553, -35.0288497486 ], [ -57.9313965343, -35.030017119 ], [ -57.941235461, -35.023034887 ], [ -57.9414558363, -35.0228784733 ], [ -57.9381768614, -35.0120456275 ], [ -57.9345366027, -35.0147150249 ], [ -57.9275384472, -35.0082845026 ], [ -57.9350897694, -35.0027253227 ], [ -57.934165367, -34.9998134249 ], [ -57.9341009513, -34.9993441569 ], [ -57.9334723935, -34.9974338773 ], [ -57.9334498349, -34.9974489985 ], [ -57.9329046434, -34.9978461463 ], [ -57.9327815964, -34.9979356099 ], [ -57.9318931211, -34.9985828394 ], [ -57.9310045234, -34.999230059 ], [ -57.9306672624, -34.9995018719 ], [ -57.9293652032, -35.0004623074 ], [ -57.9289836973, -35.0007423725 ], [ -57.9279214505, -35.0015246657 ], [ -57.9274530872, -35.0018697491 ], [ -57.9272907173, -35.0019893562 ], [ -57.9254138852, -35.0002575668 ], [ -57.9235111581, -34.9985394552 ], [ -57.9234674331, -34.9985011783 ], [ -57.9206457391, -35.000568002 ], [ -57.9152149761, -35.0045998786 ], [ -57.9096353357, -35.0087220444 ] ] ] ] } },
{ "type": "Feature", "properties": { "ZONA_COD": "AC-REX1", "ZONA_DESC": "RESID. EXTRAURBANO 1", "AREA_TIPO": "Complem.", "DENOM": "Resid. Extraurb. 1", "FOS_MAX": "0.3", "FOT_RES": "0.6", "FOT_COM": null, "FOT_MIN": null, "DENS_RES": "80", "DENS_COM": null, "ALTURA_M": 9.0, "NIVELES": 3.0, "CUF_AV": null, "CUF_CAL": null, "RET_FRENTE": "SI", "RET_FONDO": "SI", "RET_LATERA": "SI", "PARC_SUP_M": "600", "PARC_ANC_M": 20.0, "INC_PRM": "No aplica", "COLOR_HEX": "#F1F8FF" }, "bbox": [ -57.8502379834, -34.9606797876, -57.8324709546, -34.9480846637 ], "geometry": { "type": "MultiPolygon", "coordinates": [ [ [ [ -57.8438858344, -34.9480846637 ], [ -57.8438021497, -34.9481308331 ], [ -57.8433628714, -34.9486680593 ], [ -57.8433586599, -34.9486700567 ], [ -57.8431713554, -34.948771806 ], [ -57.842993215, -34.9488704742 ], [ -57.8426908593, -34.9490356032 ], [ -57.8424697799, -34.9491606324 ], [ -57.8422370902, -34.949290141 ], [ -57.8421212089, -34.9493517941 ], [ -57.8420058331, -34.949390026 ], [ -57.8417765536, -34.9495021112 ], [ -57.8415895333, -34.9495678166 ], [ -57.841394456, -34.9496360814 ], [ -57.8411815595, -34.9497118691 ], [ -57.8407844189, -34.9498517883 ], [ -57.8405948544, -34.949918438 ], [ -57.8403608894, -34.9500004283 ], [ -57.8401800475, -34.9500641686 ], [ -57.8399652957, -34.9501396505 ], [ -57.8397575289, -34.9502117429 ], [ -57.8395577994, -34.9502819943 ], [ -57.8393515767, -34.9503535723 ], [ -57.8391695018, -34.9504183702 ], [ -57.8389503532, -34.950502875 ], [ -57.8387740438, -34.9505648005 ], [ -57.8385665891, -34.950637437 ], [ -57.8383647641, -34.9507081902 ], [ -57.8382157959, -34.9507584363 ], [ -57.8371154583, -34.9511344527 ], [ -57.8369522188, -34.9511903914 ], [ -57.8367498668, -34.9512603209 ], [ -57.8365434301, -34.9513315301 ], [ -57.8363526803, -34.9513972508 ], [ -57.8361032534, -34.9514841837 ], [ -57.8359211209, -34.9515495159 ], [ -57.8357195801, -34.9516232441 ], [ -57.8355205916, -34.9516942231 ], [ -57.8353151559, -34.9517684927 ], [ -57.8351184624, -34.9518399816 ], [ -57.8349260003, -34.9519082833 ], [ -57.8346980312, -34.9519907296 ], [ -57.8345352098, -34.9520473032 ], [ -57.8343392341, -34.9521159908 ], [ -57.8341373794, -34.9521876379 ], [ -57.8339349079, -34.952257741 ], [ -57.8337033531, -34.9523391305 ], [ -57.8334654384, -34.9524209464 ], [ -57.8330911891, -34.9525509748 ], [ -57.8324709546, -34.9525484747 ], [ -57.8329667175, -34.953039161 ], [ -57.834285951, -34.9542387325 ], [ -57.8344629142, -34.9543978208 ], [ -57.8353019349, -34.9551618614 ], [ -57.8361067122, -34.9558942414 ], [ -57.8361409709, -34.9559258976 ], [ -57.8414279395, -34.9606797876 ], [ -57.8439443353, -34.9590319221 ], [ -57.8444766845, -34.9586870788 ], [ -57.8450144368, -34.9583387714 ], [ -57.8467670643, -34.9572033054 ], [ -57.847643415, -34.9566355634 ], [ -57.848519754, -34.9560678142 ], [ -57.8501760381, -34.9549778763 ], [ -57.8502379834, -34.9549369913 ], [ -57.8438858344, -34.9480846637 ] ] ] ] } },
{ "type": "Feature", "properties": { "ZONA_COD": "AR-SR", "ZONA_DESC": "SERVICIOS RURALES", "AREA_TIPO": "Rural", "DENOM": "Servicios Rurales", "FOS_MAX": "0.4", "FOT_RES": "0.8", "FOT_COM": null, "FOT_MIN": null, "DENS_RES": "80", "DENS_COM": null, "ALTURA_M": 6.0, "NIVELES": 2.0, "CUF_AV": null, "CUF_CAL": null, "RET_FRENTE": "SI", "RET_FONDO": "SI", "RET_LATERA": "SI", "PARC_SUP_M": "600", "PARC_ANC_M": 20.0, "INC_PRM": "No aplica", "COLOR_HEX": "#497441" }, "bbox": [ -57.9568096981, -35.061240691, -57.9524136878, -35.0559776758 ], "geometry": { "type": "MultiPolygon", "coordinates": [ [ [ [ -57.9568096981, -35.0590798773 ], [ -57.9534020572, -35.0559776758 ], [ -57.9525447757, -35.0560310047 ], [ -57.9524136878, -35.056104054 ], [ -57.9534021687, -35.0596792152 ], [ -57.9538823779, -35.061240691 ], [ -57.9568096981, -35.0590798773 ] ] ] ] } },
{ "type": "Feature", "properties": { "ZONA_COD": "UE", "ZONA_DESC": "USO ESPECÍFICO", "AREA_TIPO": "General", "DENOM": "Usos Específicos", "FOS_MAX": null, "FOT_RES": null, "FOT_COM": null, "FOT_MIN": null, "DENS_RES": null, "DENS_COM": null, "ALTURA_M": 0.0, "NIVELES": 0.0, "CUF_AV": null, "CUF_CAL": null, "RET_FRENTE": null, "RET_FONDO": null, "RET_LATERA": null, "PARC_SUP_M": null, "PARC_ANC_M": 0.0, "INC_PRM": null, "COLOR_HEX": "#D4D4D4" }, "bbox": [ -57.9538823779, -35.0623340409, -57.950732426, -35.056104054 ], "geometry": { "type": "MultiPolygon", "coordinates": [ [ [ [ -57.950732426, -35.0564563688 ], [ -57.9524226604, -35.0623340409 ], [ -57.9533874036, -35.0616114392 ], [ -57.9538823779, -35.061240691 ], [ -57.9534021687, -35.0596792152 ], [ -57.9524136878, -35.056104054 ], [ -57.9517670816, -35.0562395557 ], [ -57.950732426, -35.0564563688 ] ] ] ] } },
{ "type": "Feature", "properties": { "ZONA_COD": "AC-RU", "ZONA_DESC": "RESERVA URBANA", "AREA_TIPO": "Complem.", "DENOM": "Reserva Urbana", "FOS_MAX": "0.2", "FOT_RES": "0.3", "FOT_COM": null, "FOT_MIN": null, "DENS_RES": "1 vivienda por parcela", "DENS_COM": null, "ALTURA_M": 6.0, "NIVELES": 2.0, "CUF_AV": null, "CUF_CAL": null, "RET_FRENTE": "SI", "RET_FONDO": "SI", "RET_LATERA": "SI", "PARC_SUP_M": "4 Ha", "PARC_ANC_M": 0.0, "INC_PRM": "No aplica", "COLOR_HEX": "#DFDDA1" }, "bbox": [ -57.89348752, -34.9553303548, -57.8735719713, -34.9414337877 ], "geometry": { "type": "MultiPolygon", "coordinates": [ [ [ [ -57.8773058818, -34.9442056817 ], [ -57.8735719713, -34.9469997 ], [ -57.8736172467, -34.947041371 ], [ -57.876236497, -34.9494519902 ], [ -57.876236497, -34.9494519902 ], [ -57.8762364979, -34.9494519902 ], [ -57.8774526853, -34.9485444133 ], [ -57.8789116114, -34.9498876092 ], [ -57.8789116114, -34.9498876092 ], [ -57.8803712524, -34.9512303501 ], [ -57.8818498494, -34.9525911584 ], [ -57.883309253, -34.9539340413 ], [ -57.8840389171, -34.9546055201 ], [ -57.8840389171, -34.9546055201 ], [ -57.8840389171, -34.9546055201 ], [ -57.8847687052, -34.9552769072 ], [ -57.8848279247, -34.9553303548 ], [ -57.8889771538, -34.9522446271 ], [ -57.88943395, -34.952655879 ], [ -57.8894980951, -34.9526075539 ], [ -57.8896858672, -34.9524687013 ], [ -57.8898757905, -34.9523270032 ], [ -57.8899895988, -34.9522425577 ], [ -57.890176478, -34.9521043203 ], [ -57.8903638328, -34.9519645584 ], [ -57.8904776402, -34.951880113 ], [ -57.8906669655, -34.9517402945 ], [ -57.8908553294, -34.9515995587 ], [ -57.8909600977, -34.9515218042 ], [ -57.8912151625, -34.9513323008 ], [ -57.891470338, -34.9511427085 ], [ -57.891530705, -34.9510977073 ], [ -57.8919074229, -34.9508163211 ], [ -57.8934352478, -34.9496750895 ], [ -57.89348752, -34.9496359771 ], [ -57.8925261852, -34.948774441 ], [ -57.8906305394, -34.947020888 ], [ -57.8887722855, -34.9453216954 ], [ -57.8886167711, -34.9451844022 ], [ -57.8870284839, -34.9437272271 ], [ -57.8868021794, -34.9435514151 ], [ -57.885853543, -34.9426900876 ], [ -57.8852260905, -34.9421239778 ], [ -57.8833042051, -34.9435230289 ], [ -57.88102167, -34.9414337877 ], [ -57.8788924981, -34.9430186027 ], [ -57.8773058818, -34.9442056817 ] ] ] ] } },
{ "type": "Feature", "properties": { "ZONA_COD": "AU-CC5", "ZONA_DESC": "CORREDOR CENTRALIDAD 5", "AREA_TIPO": "Urbana", "DENOM": "Corredor Central. 5", "FOS_MAX": "0.6", "FOT_RES": "1.2", "FOT_COM": null, "FOT_MIN": "NO", "DENS_RES": "300", "DENS_COM": null, "ALTURA_M": 9.0, "NIVELES": 3.0, "CUF_AV": "70", "CUF_CAL": "90", "RET_FRENTE": "SI", "RET_FONDO": "SI", "RET_LATERA": "NO", "PARC_SUP_M": "375", "PARC_ANC_M": 15.0, "INC_PRM": "CUF x 2.0 - Art. 49 Del Dec. Ley 8912 en Av 7 entre calle 90 y calle 610 - Según COT Art 288 Ord 12692", "COLOR_HEX": "#B89090" }, "bbox": [ -57.9108125105, -34.9579068117, -57.8926526218, -34.9443466649 ], "geometry": { "type": "MultiPolygon", "coordinates": [ [ [ [ -57.8933735382, -34.9579068117 ], [ -57.8934196338, -34.9578713155 ], [ -57.8936196916, -34.957723118 ], [ -57.8936917642, -34.9577897038 ], [ -57.8937752644, -34.9577262675 ], [ -57.8938462938, -34.9577908532 ], [ -57.8941742963, -34.9575448436 ], [ -57.8941030322, -34.9574808856 ], [ -57.8941851691, -34.957419408 ], [ -57.8941122467, -34.9573518158 ], [ -57.8943075462, -34.9572055177 ], [ -57.8944238033, -34.9571110179 ], [ -57.894629123, -34.9569538083 ], [ -57.8947054944, -34.9570235318 ], [ -57.8947865107, -34.9569630254 ], [ -57.8948614935, -34.9570313739 ], [ -57.8951825514, -34.9567870434 ], [ -57.895107994, -34.9567191536 ], [ -57.895189505, -34.9566564025 ], [ -57.8951118962, -34.956588009 ], [ -57.8953058206, -34.9564397027 ], [ -57.8954431345, -34.9563649421 ], [ -57.8956071331, -34.9562439626 ], [ -57.895681686, -34.9563120323 ], [ -57.8957629172, -34.9562516194 ], [ -57.8958365087, -34.9563187709 ], [ -57.896159074, -34.956075185 ], [ -57.8960843835, -34.9560081945 ], [ -57.8961661795, -34.9559470703 ], [ -57.8960905564, -34.9558780815 ], [ -57.8962512968, -34.9557560534 ], [ -57.8963749095, -34.9556690683 ], [ -57.8965382794, -34.9555469053 ], [ -57.8966130464, -34.9556151584 ], [ -57.896694917, -34.9555553868 ], [ -57.8967687226, -34.9556227217 ], [ -57.8970911772, -34.9553789506 ], [ -57.897018762, -34.9553129017 ], [ -57.8972601634, -34.9551311694 ], [ -57.8973121964, -34.9549753555 ], [ -57.8974762157, -34.9548533823 ], [ -57.8975492712, -34.9549200733 ], [ -57.8977120089, -34.9547968158 ], [ -57.8976398239, -34.9547303208 ], [ -57.8978034232, -34.9546076191 ], [ -57.8979375778, -34.9545191933 ], [ -57.8981716443, -34.9543373315 ], [ -57.8984022539, -34.9541579338 ], [ -57.8985073747, -34.9540919848 ], [ -57.8986863677, -34.9539578329 ], [ -57.8987628361, -34.9540237703 ], [ -57.8988442679, -34.9539638997 ], [ -57.8989142712, -34.9540258504 ], [ -57.8991541536, -34.9538432772 ], [ -57.8990860453, -34.9537800072 ], [ -57.8991706841, -34.9537188399 ], [ -57.8990974262, -34.95364719 ], [ -57.8992671957, -34.9535227004 ], [ -57.8993790768, -34.9534062211 ], [ -57.8994935335, -34.9533217784 ], [ -57.8996215448, -34.9534396138 ], [ -57.9003149464, -34.9529291029 ], [ -57.9004373162, -34.9528390286 ], [ -57.9006412294, -34.952688903 ], [ -57.9010449666, -34.9530605703 ], [ -57.9011937072, -34.952948075 ], [ -57.9013434551, -34.952835943 ], [ -57.9014932048, -34.9527237211 ], [ -57.901644773, -34.9526131522 ], [ -57.9017955138, -34.9525006767 ], [ -57.9017955614, -34.9525006416 ], [ -57.9018082221, -34.9523331033 ], [ -57.9019803253, -34.9522069374 ], [ -57.9030016467, -34.9514627331 ], [ -57.9029712793, -34.9512463652 ], [ -57.9033294865, -34.9509855313 ], [ -57.9036939376, -34.9507201179 ], [ -57.9035111918, -34.9503618973 ], [ -57.903690066, -34.9502317906 ], [ -57.9039875366, -34.9504904284 ], [ -57.9045212087, -34.9500997854 ], [ -57.9086933282, -34.9469745001 ], [ -57.9090448265, -34.9467264203 ], [ -57.9088206641, -34.9465288051 ], [ -57.9089028406, -34.9464692106 ], [ -57.9088299964, -34.9464027102 ], [ -57.9091013228, -34.946204166 ], [ -57.909491401, -34.9463847202 ], [ -57.9098418506, -34.9461346367 ], [ -57.9095533346, -34.9458637312 ], [ -57.9099057888, -34.945620801 ], [ -57.9101165908, -34.9456074874 ], [ -57.9106061224, -34.9452416504 ], [ -57.9108125105, -34.9450874041 ], [ -57.9105315614, -34.9448287968 ], [ -57.9103568789, -34.9446998053 ], [ -57.9101909234, -34.9445460904 ], [ -57.9101007061, -34.9446164525 ], [ -57.9098038471, -34.9443466649 ], [ -57.9096252165, -34.9444810209 ], [ -57.9092640983, -34.9447549814 ], [ -57.9091875174, -34.9448098067 ], [ -57.9084533172, -34.9453329163 ], [ -57.9084750196, -34.945551376 ], [ -57.9077687182, -34.946070096 ], [ -57.9078571584, -34.9463540506 ], [ -57.9071646049, -34.9468783194 ], [ -57.9066960698, -34.9466455784 ], [ -57.9058898653, -34.9472357396 ], [ -57.9051589206, -34.947775466 ], [ -57.905048572, -34.9478667445 ], [ -57.9043171885, -34.9484017718 ], [ -57.9044402445, -34.9486798377 ], [ -57.9037255074, -34.9492054159 ], [ -57.9037402779, -34.9494076258 ], [ -57.9035559052, -34.9495431338 ], [ -57.9032129442, -34.9492315313 ], [ -57.9028684526, -34.9494870143 ], [ -57.9032351188, -34.9498219182 ], [ -57.902978196, -34.9499927795 ], [ -57.9029228382, -34.949943262 ], [ -57.9027002137, -34.9501104298 ], [ -57.9024046147, -34.9498386636 ], [ -57.9017935316, -34.9502850457 ], [ -57.9021210117, -34.9505801268 ], [ -57.9018106826, -34.9508239375 ], [ -57.9017316259, -34.9507565144 ], [ -57.9016539695, -34.9508144703 ], [ -57.9015373103, -34.9507064752 ], [ -57.9012977912, -34.9508796873 ], [ -57.9014161455, -34.950989875 ], [ -57.9013341804, -34.9510493777 ], [ -57.9014074041, -34.9511180518 ], [ -57.9011488158, -34.9513093187 ], [ -57.901046419, -34.951406048 ], [ -57.9007918038, -34.9515959407 ], [ -57.9007179803, -34.9515293288 ], [ -57.9006398597, -34.9515882668 ], [ -57.9005160051, -34.9514791556 ], [ -57.9002684262, -34.9516634915 ], [ -57.8998810163, -34.9513181266 ], [ -57.8995776642, -34.9515477271 ], [ -57.8995677411, -34.9518079064 ], [ -57.8994064306, -34.9519270459 ], [ -57.8994472418, -34.9519662321 ], [ -57.8991011098, -34.9522207753 ], [ -57.898909056, -34.9520477592 ], [ -57.8985813646, -34.952287299 ], [ -57.8990946446, -34.9527570455 ], [ -57.8988332944, -34.9529488907 ], [ -57.8987626913, -34.9530648223 ], [ -57.8985151521, -34.9532558239 ], [ -57.8984317561, -34.9531783203 ], [ -57.8981031052, -34.9534294677 ], [ -57.8981892809, -34.9535053066 ], [ -57.8980166767, -34.9536378559 ], [ -57.8977188159, -34.9535828264 ], [ -57.8937361511, -34.9564755047 ], [ -57.8936132551, -34.9565719309 ], [ -57.8927139997, -34.9572276141 ], [ -57.8926526218, -34.9572717195 ], [ -57.8931240608, -34.9577038375 ], [ -57.893142076, -34.957690541 ], [ -57.8933735382, -34.9579068117 ] ] ] ] } },
{ "type": "Feature", "properties": { "ZONA_COD": "AU-EV", "ZONA_DESC": "ESPACIO VERDE", "AREA_TIPO": "Urbana", "DENOM": "Espacio Verde", "FOS_MAX": null, "FOT_RES": null, "FOT_COM": null, "FOT_MIN": null, "DENS_RES": null, "DENS_COM": null, "ALTURA_M": 0.0, "NIVELES": 0.0, "CUF_AV": null, "CUF_CAL": null, "RET_FRENTE": null, "RET_FONDO": null, "RET_LATERA": null, "PARC_SUP_M": null, "PARC_ANC_M": 0.0, "INC_PRM": null, "COLOR_HEX": "#9AD66E" }, "bbox": [ -57.8997961041, -34.9595445446, -57.8980850558, -34.9581612578 ], "geometry": { "type": "MultiPolygon", "coordinates": [ [ [ [ -57.8988324167, -34.9595445446 ], [ -57.8997961041, -34.9588525784 ], [ -57.8990209973, -34.9581612578 ], [ -57.8980850558, -34.9588715271 ], [ -57.8988324167, -34.9595445446 ] ] ] ] } },
{ "type": "Feature", "properties": { "ZONA_COD": "AU-EV", "ZONA_DESC": "ESPACIO VERDE", "AREA_TIPO": "Urbana", "DENOM": "Espacio Verde", "FOS_MAX": null, "FOT_RES": null, "FOT_COM": null, "FOT_MIN": null, "DENS_RES": null, "DENS_COM": null, "ALTURA_M": 0.0, "NIVELES": 0.0, "CUF_AV": null, "CUF_CAL": null, "RET_FRENTE": null, "RET_FONDO": null, "RET_LATERA": null, "PARC_SUP_M": null, "PARC_ANC_M": 0.0, "INC_PRM": null, "COLOR_HEX": "#9AD66E" }, "bbox": [ -57.9003117079, -34.9623856496, -57.8968193266, -34.9595445446 ], "geometry": { "type": "MultiPolygon", "coordinates": [ [ [ [ -57.9003117079, -34.9608860103 ], [ -57.8995586768, -34.9602191954 ], [ -57.8988324167, -34.9595445446 ], [ -57.8968193266, -34.9610429905 ], [ -57.8983012447, -34.9623856496 ], [ -57.9003117079, -34.9608860103 ] ] ] ] } },
{ "type": "Feature", "properties": { "ZONA_COD": "AU-EV", "ZONA_DESC": "ESPACIO VERDE", "AREA_TIPO": "Urbana", "DENOM": "Espacio Verde", "FOS_MAX": null, "FOT_RES": null, "FOT_COM": null, "FOT_MIN": null, "DENS_RES": null, "DENS_COM": null, "ALTURA_M": 0.0, "NIVELES": 0.0, "CUF_AV": null, "CUF_CAL": null, "RET_FRENTE": null, "RET_FONDO": null, "RET_LATERA": null, "PARC_SUP_M": null, "PARC_ANC_M": 0.0, "INC_PRM": null, "COLOR_HEX": "#9AD66E" }, "bbox": [ -57.8886936056, -34.9375552411, -57.8871589638, -34.936286277 ], "geometry": { "type": "MultiPolygon", "coordinates": [ [ [ [ -57.8886936056, -34.9369340038 ], [ -57.8879765204, -34.936286277 ], [ -57.8871589638, -34.9368936341 ], [ -57.8878968, -34.9375552411 ], [ -57.8886936056, -34.9369340038 ] ] ] ] } },
{ "type": "Feature", "properties": { "ZONA_COD": "AR-IE", "ZONA_DESC": "INDUSTRIAL EXCLUSIVO", "AREA_TIPO": "Rural", "DENOM": "Industrial Exclusivo", "FOS_MAX": "0.6", "FOT_RES": null, "FOT_COM": "1.2", "FOT_MIN": null, "DENS_RES": null, "DENS_COM": null, "ALTURA_M": 6.0, "NIVELES": 2.0, "CUF_AV": null, "CUF_CAL": null, "RET_FRENTE": "SI", "RET_FONDO": "SI", "RET_LATERA": "SI", "PARC_SUP_M": "600", "PARC_ANC_M": 20.0, "INC_PRM": "No aplica", "COLOR_HEX": "#764E88" }, "bbox": [ -58.1230835903, -35.0195258187, -58.0905313689, -34.988059945 ], "geometry": { "type": "MultiPolygon", "coordinates": [ [ [ [ -58.0996976954, -35.0195258187 ], [ -58.120039914, -35.0042336585 ], [ -58.1199062091, -35.0040949245 ], [ -58.1200379238, -35.0039967474 ], [ -58.1205269832, -35.0036322108 ], [ -58.1210160373, -35.0032676724 ], [ -58.1214349514, -35.0029359772 ], [ -58.1216700818, -35.0027497996 ], [ -58.1217676654, -35.0026725316 ], [ -58.1218664677, -35.002594546 ], [ -58.1225965859, -35.0020307142 ], [ -58.1230225363, -35.0017017701 ], [ -58.1230835903, -35.0016564821 ], [ -58.12242439, -35.0010864333 ], [ -58.1224567332, -35.0010602621 ], [ -58.1166432907, -34.9960874033 ], [ -58.1196777489, -34.9936663177 ], [ -58.1131885621, -34.988059945 ], [ -58.1070432904, -34.9928781078 ], [ -58.1135190477, -34.9984574164 ], [ -58.1166910024, -35.0012138816 ], [ -58.1141225836, -35.0031435425 ], [ -58.1083816228, -34.9979343464 ], [ -58.1082103829, -34.9980620159 ], [ -58.1080895608, -34.9981533187 ], [ -58.1079777706, -34.9982376419 ], [ -58.107828225, -34.9983492234 ], [ -58.1078743332, -34.9983934728 ], [ -58.1066423915, -34.9992996135 ], [ -58.1043803025, -35.0010025841 ], [ -58.1041558578, -35.0011010859 ], [ -58.1029273524, -35.0020044513 ], [ -58.0905313689, -35.0112574985 ], [ -58.0996976954, -35.0195258187 ] ] ] ] } },
{ "type": "Feature", "properties": { "ZONA_COD": "AC-IM", "ZONA_DESC": "INDUSTRIAL MIXTA", "AREA_TIPO": "Complem.", "DENOM": "Industrial Mixta", "FOS_MAX": "0.5", "FOT_RES": "0.8", "FOT_COM": null, "FOT_MIN": null, "DENS_RES": "1 vivienda asociada al uso principal", "DENS_COM": null, "ALTURA_M": 0.0, "NIVELES": 0.0, "CUF_AV": "1 UF por parcela", "CUF_CAL": "1 UF por parcela", "RET_FRENTE": "SI", "RET_FONDO": "SI", "RET_LATERA": "SI", "PARC_SUP_M": "2000", "PARC_ANC_M": 40.0, "INC_PRM": "No aplica", "COLOR_HEX": "#9C7CB5" }, "bbox": [ -58.0922774665, -35.0339808323, -58.0864725514, -35.0282822719 ], "geometry": { "type": "MultiPolygon", "coordinates": [ [ [ [ -58.0884631207, -35.0290167527 ], [ -58.0864725514, -35.0302095388 ], [ -58.0891925671, -35.0325168539 ], [ -58.089068895, -35.0326117836 ], [ -58.0905420223, -35.0339808323 ], [ -58.0912595356, -35.0334338152 ], [ -58.0913334041, -35.0335021151 ], [ -58.0918810301, -35.0334922568 ], [ -58.0919474891, -35.033490915 ], [ -58.0919064296, -35.0322003186 ], [ -58.0920519786, -35.0320613275 ], [ -58.0922774665, -35.0288527685 ], [ -58.0918726268, -35.0284739975 ], [ -58.0906529222, -35.0282822719 ], [ -58.0884631207, -35.0290167527 ] ] ] ] } },
{ "type": "Feature", "properties": { "ZONA_COD": "AU-CS1", "ZONA_DESC": "CORREDOR SERVICIOS 1", "AREA_TIPO": "Urbana", "DENOM": "Corredor Servicios 1", "FOS_MAX": "0.6", "FOT_RES": "1.0", "FOT_COM": null, "FOT_MIN": "NO", "DENS_RES": "300", "DENS_COM": null, "ALTURA_M": 9.0, "NIVELES": 3.0, "CUF_AV": "100", "CUF_CAL": null, "RET_FRENTE": "NO", "RET_FONDO": "SI", "RET_LATERA": "SI", "PARC_SUP_M": "375", "PARC_ANC_M": 15.0, "INC_PRM": "No aplica", "COLOR_HEX": "#C22B7E" }, "bbox": [ -58.0809564886, -35.0259586684, -58.0780123168, -35.0234752859 ], "geometry": { "type": "MultiPolygon", "coordinates": [ [ [ [ -58.0791832296, -35.0234752859 ], [ -58.0780123168, -35.0243785137 ], [ -58.079762447, -35.0259586684 ], [ -58.0798528064, -35.0258909944 ], [ -58.0809564886, -35.0250713046 ], [ -58.0791832296, -35.0234752859 ] ] ] ] } },
{ "type": "Feature", "properties": { "ZONA_COD": "AU-R6", "ZONA_DESC": "RESIDENCIAL 6", "AREA_TIPO": "Urbana", "DENOM": "Residencial 6", "FOS_MAX": "0.4", "FOT_RES": "0.8", "FOT_COM": null, "FOT_MIN": "NO", "DENS_RES": "150", "DENS_COM": null, "ALTURA_M": 9.0, "NIVELES": 3.0, "CUF_AV": "300", "CUF_CAL": "300", "RET_FRENTE": "SI", "RET_FONDO": "SI", "RET_LATERA": "SI", "PARC_SUP_M": "300", "PARC_ANC_M": 12.0, "INC_PRM": "CUF x 2.0 (por Multifamiliar en Bloque,Ver COT Art 287 Ordenanza 12692) (por Distrito de Interes Urbanistico Ver COT Art 16 , 244 y 286 Ord 12692)", "COLOR_HEX": "#D5EEF9" }, "bbox": [ -58.0762507626, -35.0247012219, -58.0718876162, -35.0212147949 ], "geometry": { "type": "MultiPolygon", "coordinates": [ [ [ [ -58.0718876162, -35.0231426149 ], [ -58.0736422592, -35.0247012219 ], [ -58.0762507626, -35.0228257631 ], [ -58.075607294, -35.0222420536 ], [ -58.0745667685, -35.0212981378 ], [ -58.0744748578, -35.0212147949 ], [ -58.0743887585, -35.0212789517 ], [ -58.0718876162, -35.0231426149 ] ] ] ] } },
{ "type": "Feature", "properties": { "ZONA_COD": "AC-RU", "ZONA_DESC": "RESERVA URBANA", "AREA_TIPO": "Complem.", "DENOM": "Reserva Urbana", "FOS_MAX": "0.2", "FOT_RES": "0.3", "FOT_COM": null, "FOT_MIN": null, "DENS_RES": "1 vivienda por parcela", "DENS_COM": null, "ALTURA_M": 6.0, "NIVELES": 2.0, "CUF_AV": null, "CUF_CAL": null, "RET_FRENTE": "SI", "RET_FONDO": "SI", "RET_LATERA": "SI", "PARC_SUP_M": "4 Ha", "PARC_ANC_M": 0.0, "INC_PRM": "No aplica", "COLOR_HEX": "#DFDDA1" }, "bbox": [ -58.0736422592, -35.0264529951, -58.0695210521, -35.0231426149 ], "geometry": { "type": "MultiPolygon", "coordinates": [ [ [ [ -58.0736422592, -35.0247012219 ], [ -58.0718876162, -35.0231426149 ], [ -58.0695210521, -35.0249029362 ], [ -58.0712151985, -35.0264529951 ], [ -58.071285351, -35.0264045324 ], [ -58.0736422592, -35.0247012219 ] ] ] ] } },
{ "type": "Feature", "properties": { "ZONA_COD": "AC-RU", "ZONA_DESC": "RESERVA URBANA", "AREA_TIPO": "Complem.", "DENOM": "Reserva Urbana", "FOS_MAX": "0.2", "FOT_RES": "0.3", "FOT_COM": null, "FOT_MIN": null, "DENS_RES": "1 vivienda por parcela", "DENS_COM": null, "ALTURA_M": 6.0, "NIVELES": 2.0, "CUF_AV": null, "CUF_CAL": null, "RET_FRENTE": "SI", "RET_FONDO": "SI", "RET_LATERA": "SI", "PARC_SUP_M": "4 Ha", "PARC_ANC_M": 0.0, "INC_PRM": "No aplica", "COLOR_HEX": "#DFDDA1" }, "bbox": [ -58.0786472849, -35.0290328677, -58.0738624906, -35.0252124478 ], "geometry": { "type": "MultiPolygon", "coordinates": [ [ [ [ -58.0738624906, -35.0274715313 ], [ -58.0756044036, -35.0290328677 ], [ -58.0786472849, -35.0267842541 ], [ -58.0768936771, -35.0252124478 ], [ -58.0738624906, -35.0274715313 ] ] ] ] } },
{ "type": "Feature", "properties": { "ZONA_COD": "AU-R6", "ZONA_DESC": "RESIDENCIAL 6", "AREA_TIPO": "Urbana", "DENOM": "Residencial 6", "FOS_MAX": "0.4", "FOT_RES": "0.8", "FOT_COM": null, "FOT_MIN": "NO", "DENS_RES": "150", "DENS_COM": null, "ALTURA_M": 9.0, "NIVELES": 3.0, "CUF_AV": "300", "CUF_CAL": "300", "RET_FRENTE": "SI", "RET_FONDO": "SI", "RET_LATERA": "SI", "PARC_SUP_M": "300", "PARC_ANC_M": 12.0, "INC_PRM": "CUF x 2.0 (por Multifamiliar en Bloque,Ver COT Art 287 Ordenanza 12692) (por Distrito de Interes Urbanistico Ver COT Art 16 , 244 y 286 Ord 12692)", "COLOR_HEX": "#D5EEF9" }, "bbox": [ -58.0756044036, -35.0296872863, -58.0730077965, -35.0274715313 ], "geometry": { "type": "MultiPolygon", "coordinates": [ [ [ [ -58.0756044036, -35.0290328677 ], [ -58.0738624906, -35.0274715313 ], [ -58.0730077965, -35.028107557 ], [ -58.0747161037, -35.0296872863 ], [ -58.0756044036, -35.0290328677 ] ] ] ] } },
{ "type": "Feature", "properties": { "ZONA_COD": "AC-RU", "ZONA_DESC": "RESERVA URBANA", "AREA_TIPO": "Complem.", "DENOM": "Reserva Urbana", "FOS_MAX": "0.2", "FOT_RES": "0.3", "FOT_COM": null, "FOT_MIN": null, "DENS_RES": "1 vivienda por parcela", "DENS_COM": null, "ALTURA_M": 6.0, "NIVELES": 2.0, "CUF_AV": null, "CUF_CAL": null, "RET_FRENTE": "SI", "RET_FONDO": "SI", "RET_LATERA": "SI", "PARC_SUP_M": "4 Ha", "PARC_ANC_M": 0.0, "INC_PRM": "No aplica", "COLOR_HEX": "#DFDDA1" }, "bbox": [ -58.0686184862, -35.0205893281, -58.0609756787, -35.0144522187 ], "geometry": { "type": "MultiPolygon", "coordinates": [ [ [ [ -58.0686184862, -35.0168012794 ], [ -58.0685711153, -35.0167588332 ], [ -58.0678078543, -35.0160726693 ], [ -58.0677001506, -35.0159758771 ], [ -58.0669367953, -35.0152897061 ], [ -58.0668280349, -35.0151913643 ], [ -58.0659956854, -35.0144522187 ], [ -58.0609756787, -35.0181777925 ], [ -58.0635869466, -35.0205893281 ], [ -58.0686184862, -35.0168012794 ] ] ] ] } },
{ "type": "Feature", "properties": { "ZONA_COD": "AC-RU", "ZONA_DESC": "RESERVA URBANA", "AREA_TIPO": "Complem.", "DENOM": "Reserva Urbana", "FOS_MAX": "0.2", "FOT_RES": "0.3", "FOT_COM": null, "FOT_MIN": null, "DENS_RES": "1 vivienda por parcela", "DENS_COM": null, "ALTURA_M": 6.0, "NIVELES": 2.0, "CUF_AV": null, "CUF_CAL": null, "RET_FRENTE": "SI", "RET_FONDO": "SI", "RET_LATERA": "SI", "PARC_SUP_M": "4 Ha", "PARC_ANC_M": 0.0, "INC_PRM": "No aplica", "COLOR_HEX": "#DFDDA1" }, "bbox": [ -58.0772472995, -35.0121753205, -58.0674306238, -35.0044746885 ], "geometry": { "type": "MultiPolygon", "coordinates": [ [ [ [ -58.0706082587, -35.0044746885 ], [ -58.0704927686, -35.0045602275 ], [ -58.0694463876, -35.005341152 ], [ -58.0694086116, -35.0053693628 ], [ -58.0695440963, -35.0054911688 ], [ -58.0696571689, -35.0055819446 ], [ -58.0707324721, -35.006559531 ], [ -58.0697257243, -35.0073003062 ], [ -58.0696152363, -35.0074253407 ], [ -58.0674306238, -35.0090362127 ], [ -58.0688422195, -35.0103329433 ], [ -58.0689130555, -35.0102813672 ], [ -58.0698978446, -35.0095654376 ], [ -58.0700681222, -35.0094416171 ], [ -58.0710527819, -35.0087256749 ], [ -58.0711122801, -35.0086826604 ], [ -58.0722157662, -35.0096938851 ], [ -58.0723619897, -35.0098441474 ], [ -58.0730853423, -35.010497959 ], [ -58.0732039665, -35.0106647158 ], [ -58.0739463982, -35.0113269703 ], [ -58.0740854532, -35.0114440827 ], [ -58.0749030835, -35.0121753205 ], [ -58.0772472995, -35.0104351621 ], [ -58.0706082587, -35.0044746885 ] ] ] ] } },
{ "type": "Feature", "properties": { "ZONA_COD": "AU-CS1", "ZONA_DESC": "CORREDOR SERVICIOS 1", "AREA_TIPO": "Urbana", "DENOM": "Corredor Servicios 1", "FOS_MAX": "0.6", "FOT_RES": "1.0", "FOT_COM": null, "FOT_MIN": "NO", "DENS_RES": "300", "DENS_COM": null, "ALTURA_M": 9.0, "NIVELES": 3.0, "CUF_AV": "100", "CUF_CAL": null, "RET_FRENTE": "NO", "RET_FONDO": "SI", "RET_LATERA": "SI", "PARC_SUP_M": "375", "PARC_ANC_M": 15.0, "INC_PRM": "No aplica", "COLOR_HEX": "#C22B7E" }, "bbox": [ -58.0575199231, -35.0040589589, -58.0541373463, -35.0009575901 ], "geometry": { "type": "MultiPolygon", "coordinates": [ [ [ [ -58.0575199231, -35.0037816889 ], [ -58.0544476366, -35.0009575901 ], [ -58.0541373463, -35.0011913518 ], [ -58.0542438188, -35.0012903717 ], [ -58.0543509928, -35.0026557098 ], [ -58.0544103256, -35.0027076555 ], [ -58.0550929821, -35.0022169522 ], [ -58.0551849638, -35.0022835443 ], [ -58.0554824461, -35.0025513731 ], [ -58.0553200789, -35.0026738581 ], [ -58.0553921379, -35.0027389987 ], [ -58.0553085325, -35.0028007426 ], [ -58.0553794467, -35.0028633417 ], [ -58.0554625737, -35.0028033011 ], [ -58.0555393291, -35.0028736542 ], [ -58.0556211827, -35.0028118807 ], [ -58.0556869744, -35.002873406 ], [ -58.0557720161, -35.0028111432 ], [ -58.0560613873, -35.0030700994 ], [ -58.0561991158, -35.0032066749 ], [ -58.0564941897, -35.0034747332 ], [ -58.0563264193, -35.0035940696 ], [ -58.056398339, -35.0036605583 ], [ -58.0563172121, -35.0037193695 ], [ -58.0563877594, -35.0037836737 ], [ -58.0564675616, -35.0037252924 ], [ -58.0565420633, -35.0037937155 ], [ -58.0566234285, -35.0037340977 ], [ -58.0566968312, -35.0038026826 ], [ -58.0567841868, -35.0037398263 ], [ -58.057149469, -35.0040589589 ], [ -58.0575199231, -35.0037816889 ] ] ] ] } },
{ "type": "Feature", "properties": { "ZONA_COD": "AU-R6", "ZONA_DESC": "RESIDENCIAL 6", "AREA_TIPO": "Urbana", "DENOM": "Residencial 6", "FOS_MAX": "0.4", "FOT_RES": "0.8", "FOT_COM": null, "FOT_MIN": "NO", "DENS_RES": "150", "DENS_COM": null, "ALTURA_M": 9.0, "NIVELES": 3.0, "CUF_AV": "300", "CUF_CAL": "300", "RET_FRENTE": "SI", "RET_FONDO": "SI", "RET_LATERA": "SI", "PARC_SUP_M": "300", "PARC_ANC_M": 12.0, "INC_PRM": "CUF x 2.0 (por Multifamiliar en Bloque,Ver COT Art 287 Ordenanza 12692) (por Distrito de Interes Urbanistico Ver COT Art 16 , 244 y 286 Ord 12692)", "COLOR_HEX": "#D5EEF9" }, "bbox": [ -58.057149469, -35.0046628113, -58.0532636189, -35.0011913518 ], "geometry": { "type": "MultiPolygon", "coordinates": [ [ [ [ -58.0541373463, -35.0011913518 ], [ -58.0532636189, -35.0018469872 ], [ -58.0563289131, -35.0046601808 ], [ -58.0563317766, -35.0046628113 ], [ -58.057149469, -35.0040589589 ], [ -58.0567841868, -35.0037398263 ], [ -58.0566968312, -35.0038026826 ], [ -58.0566234285, -35.0037340977 ], [ -58.0565420633, -35.0037937155 ], [ -58.0564675616, -35.0037252924 ], [ -58.0563877594, -35.0037836737 ], [ -58.0563172121, -35.0037193695 ], [ -58.056398339, -35.0036605583 ], [ -58.0563264193, -35.0035940696 ], [ -58.0564941897, -35.0034747332 ], [ -58.0561991158, -35.0032066749 ], [ -58.0560613873, -35.0030700994 ], [ -58.0557720161, -35.0028111432 ], [ -58.0556869744, -35.002873406 ], [ -58.0556211827, -35.0028118807 ], [ -58.0555393291, -35.0028736542 ], [ -58.0554625737, -35.0028033011 ], [ -58.0553794467, -35.0028633417 ], [ -58.0553085325, -35.0028007426 ], [ -58.0553921379, -35.0027389987 ], [ -58.0553200789, -35.0026738581 ], [ -58.0554824461, -35.0025513731 ], [ -58.0551849638, -35.0022835443 ], [ -58.0550929821, -35.0022169522 ], [ -58.0544103256, -35.0027076555 ], [ -58.0543509928, -35.0026557098 ], [ -58.0542438188, -35.0012903717 ], [ -58.0541373463, -35.0011913518 ] ] ] ] } },
{ "type": "Feature", "properties": { "ZONA_COD": "AU-EV", "ZONA_DESC": "ESPACIO VERDE", "AREA_TIPO": "Urbana", "DENOM": "Espacio Verde", "FOS_MAX": null, "FOT_RES": null, "FOT_COM": null, "FOT_MIN": null, "DENS_RES": null, "DENS_COM": null, "ALTURA_M": 0.0, "NIVELES": 0.0, "CUF_AV": null, "CUF_CAL": null, "RET_FRENTE": null, "RET_FONDO": null, "RET_LATERA": null, "PARC_SUP_M": null, "PARC_ANC_M": 0.0, "INC_PRM": null, "COLOR_HEX": "#9AD66E" }, "bbox": [ -58.0464112247, -34.9955798143, -58.0456641858, -34.9949451456 ], "geometry": { "type": "MultiPolygon", "coordinates": [ [ [ [ -58.0456641858, -34.9955448801 ], [ -58.0463762474, -34.9955798143 ], [ -58.0464112247, -34.9949867042 ], [ -58.0456985857, -34.9949451456 ], [ -58.0456641858, -34.9955448801 ] ] ] ] } },
{ "type": "Feature", "properties": { "ZONA_COD": "AU-EV", "ZONA_DESC": "ESPACIO VERDE", "AREA_TIPO": "Urbana", "DENOM": "Espacio Verde", "FOS_MAX": null, "FOT_RES": null, "FOT_COM": null, "FOT_MIN": null, "DENS_RES": null, "DENS_COM": null, "ALTURA_M": 0.0, "NIVELES": 0.0, "CUF_AV": null, "CUF_CAL": null, "RET_FRENTE": null, "RET_FONDO": null, "RET_LATERA": null, "PARC_SUP_M": null, "PARC_ANC_M": 0.0, "INC_PRM": null, "COLOR_HEX": "#9AD66E" }, "bbox": [ -58.0586344385, -34.9962168508, -58.0559298597, -34.9939286887 ], "geometry": { "type": "MultiPolygon", "coordinates": [ [ [ [ -58.0559298597, -34.9947539021 ], [ -58.055985847, -34.9948150263 ], [ -58.0575028998, -34.9962168508 ], [ -58.0586344385, -34.9953822053 ], [ -58.0571097315, -34.9939839079 ], [ -58.0570459678, -34.9939286887 ], [ -58.0559298597, -34.9947539021 ] ] ] ] } },
{ "type": "Feature", "properties": { "ZONA_COD": "AC-RU", "ZONA_DESC": "RESERVA URBANA", "AREA_TIPO": "Complem.", "DENOM": "Reserva Urbana", "FOS_MAX": "0.2", "FOT_RES": "0.3", "FOT_COM": null, "FOT_MIN": null, "DENS_RES": "1 vivienda por parcela", "DENS_COM": null, "ALTURA_M": 6.0, "NIVELES": 2.0, "CUF_AV": null, "CUF_CAL": null, "RET_FRENTE": "SI", "RET_FONDO": "SI", "RET_LATERA": "SI", "PARC_SUP_M": "4 Ha", "PARC_ANC_M": 0.0, "INC_PRM": "No aplica", "COLOR_HEX": "#DFDDA1" }, "bbox": [ -58.0390645343, -35.0055531042, -58.0292351584, -34.9981960455 ], "geometry": { "type": "MultiPolygon", "coordinates": [ [ [ [ -58.0370110511, -35.000271607 ], [ -58.03592384, -35.0010784842 ], [ -58.0328702379, -34.9983760574 ], [ -58.0326665738, -34.9981960455 ], [ -58.0326073948, -34.9982410737 ], [ -58.0293429385, -35.0006764971 ], [ -58.0292351584, -35.0007589407 ], [ -58.0345540997, -35.0055531042 ], [ -58.0390645343, -35.0021794648 ], [ -58.0370110511, -35.000271607 ] ] ] ] } },
{ "type": "Feature", "properties": { "ZONA_COD": "AC-REX2", "ZONA_DESC": "RESID. EXTRAURBANO 2", "AREA_TIPO": "Complem.", "DENOM": "Resid. Extraurb. 2", "FOS_MAX": "0.3", "FOT_RES": "0.6", "FOT_COM": null, "FOT_MIN": null, "DENS_RES": "80", "DENS_COM": null, "ALTURA_M": 9.0, "NIVELES": 3.0, "CUF_AV": null, "CUF_CAL": null, "RET_FRENTE": "SI", "RET_FONDO": "SI", "RET_LATERA": "SI", "PARC_SUP_M": "600", "PARC_ANC_M": 20.0, "INC_PRM": "No aplica", "COLOR_HEX": "#E6F3D9" }, "bbox": [ -58.0749030835, -35.0181777925, -58.0583684128, -35.0032501913 ], "geometry": { "type": "MultiPolygon", "coordinates": [ [ [ [ -58.0651065256, -35.010773737 ], [ -58.0583684128, -35.0157656606 ], [ -58.0609756787, -35.0181777925 ], [ -58.0659956854, -35.0144522187 ], [ -58.0668280349, -35.0151913643 ], [ -58.0669367953, -35.0152897061 ], [ -58.0677001506, -35.0159758771 ], [ -58.0678078543, -35.0160726693 ], [ -58.0685711153, -35.0167588332 ], [ -58.0686184862, -35.0168012794 ], [ -58.0691932618, -35.0163750682 ], [ -58.0692135289, -35.0163934611 ], [ -58.0715594266, -35.0146571715 ], [ -58.0749030835, -35.0121753205 ], [ -58.0740854532, -35.0114440827 ], [ -58.0739463982, -35.0113269703 ], [ -58.0732039665, -35.0106647158 ], [ -58.0730853423, -35.010497959 ], [ -58.0723619897, -35.0098441474 ], [ -58.0722157662, -35.0096938851 ], [ -58.0711122801, -35.0086826604 ], [ -58.0710527819, -35.0087256749 ], [ -58.0700681222, -35.0094416171 ], [ -58.0698978446, -35.0095654376 ], [ -58.0689130555, -35.0102813672 ], [ -58.0688422195, -35.0103329433 ], [ -58.0674306238, -35.0090362127 ], [ -58.0696152363, -35.0074253407 ], [ -58.0697257243, -35.0073003062 ], [ -58.0707324721, -35.006559531 ], [ -58.0696571689, -35.0055819446 ], [ -58.0695440963, -35.0054911688 ], [ -58.0694086116, -35.0053693628 ], [ -58.0694463876, -35.005341152 ], [ -58.0704927686, -35.0045602275 ], [ -58.0706082587, -35.0044746885 ], [ -58.0692414411, -35.0032501913 ], [ -58.0636384948, -35.0074796777 ], [ -58.0624986131, -35.0083341002 ], [ -58.0651065256, -35.010773737 ] ] ] ] } },
{ "type": "Feature", "properties": { "ZONA_COD": "AR-UE", "ZONA_DESC": "USOS ESPECÍFICOS AR", "AREA_TIPO": "Rural", "DENOM": "Usos Específicos", "FOS_MAX": null, "FOT_RES": null, "FOT_COM": null, "FOT_MIN": null, "DENS_RES": null, "DENS_COM": null, "ALTURA_M": 0.0, "NIVELES": 0.0, "CUF_AV": null, "CUF_CAL": null, "RET_FRENTE": null, "RET_FONDO": null, "RET_LATERA": null, "PARC_SUP_M": null, "PARC_ANC_M": 0.0, "INC_PRM": null, "COLOR_HEX": "#D4D4D4" }, "bbox": [ -58.1908968577, -34.9849383352, -58.1674627483, -34.9709097558 ], "geometry": { "type": "MultiPolygon", "coordinates": [ [ [ [ -58.176187085, -34.9849383352 ], [ -58.176187085, -34.9849383352 ], [ -58.1835204825, -34.9827368308 ], [ -58.1845641736, -34.9832510056 ], [ -58.1851196884, -34.9828287955 ], [ -58.1854494536, -34.9825781365 ], [ -58.1839965179, -34.9812677397 ], [ -58.1884749115, -34.9779334115 ], [ -58.1881872175, -34.9777220151 ], [ -58.1894296929, -34.9768249926 ], [ -58.1902802007, -34.9757817925 ], [ -58.1908968577, -34.9737659154 ], [ -58.1882276267, -34.9713794807 ], [ -58.1856929819, -34.9717238392 ], [ -58.1847825011, -34.9709097558 ], [ -58.1829550634, -34.972169375 ], [ -58.1776483556, -34.9729838505 ], [ -58.1755157608, -34.9747206608 ], [ -58.1731107489, -34.9726578076 ], [ -58.1731107489, -34.9726578076 ], [ -58.1731107489, -34.9726578076 ], [ -58.1704744897, -34.9747309014 ], [ -58.1674627483, -34.9770990969 ], [ -58.1682838275, -34.9778369772 ], [ -58.1691050318, -34.9785748547 ], [ -58.1699261407, -34.9793127251 ], [ -58.1707472649, -34.9800505901 ], [ -58.1715684008, -34.9807885405 ], [ -58.1723896635, -34.9815263964 ], [ -58.1732108317, -34.9822642461 ], [ -58.1739549308, -34.9829327985 ], [ -58.1746989327, -34.9836013446 ], [ -58.1754430588, -34.9842697972 ], [ -58.176187085, -34.9849383352 ] ] ] ] } },
{ "type": "Feature", "properties": { "ZONA_COD": "AC-RU", "ZONA_DESC": "RESERVA URBANA", "AREA_TIPO": "Complem.", "DENOM": "Reserva Urbana", "FOS_MAX": "0.2", "FOT_RES": "0.3", "FOT_COM": null, "FOT_MIN": null, "DENS_RES": "1 vivienda por parcela", "DENS_COM": null, "ALTURA_M": 6.0, "NIVELES": 2.0, "CUF_AV": null, "CUF_CAL": null, "RET_FRENTE": "SI", "RET_FONDO": "SI", "RET_LATERA": "SI", "PARC_SUP_M": "4 Ha", "PARC_ANC_M": 0.0, "INC_PRM": "No aplica", "COLOR_HEX": "#DFDDA1" }, "bbox": [ -58.185316282, -34.9517294406, -58.1698783804, -34.9353951577 ], "geometry": { "type": "MultiPolygon", "coordinates": [ [ [ [ -58.1723500231, -34.9402708582 ], [ -58.1729743811, -34.9397742184 ], [ -58.1784904385, -34.9445930099 ], [ -58.1767407616, -34.9459420766 ], [ -58.1768001528, -34.9459904961 ], [ -58.1795140208, -34.9483399929 ], [ -58.1777565027, -34.9497263446 ], [ -58.1799107935, -34.9515566367 ], [ -58.1801099043, -34.9517294406 ], [ -58.1801965109, -34.9516625229 ], [ -58.1816353506, -34.9505529394 ], [ -58.1826744633, -34.9497634227 ], [ -58.1838212023, -34.9488674489 ], [ -58.1852413352, -34.9477725072 ], [ -58.185316282, -34.9477147204 ], [ -58.171355792, -34.935527144 ], [ -58.1711988756, -34.9353951577 ], [ -58.1711429153, -34.9354388701 ], [ -58.1709077759, -34.9356242276 ], [ -58.1708580982, -34.9356633139 ], [ -58.1704931929, -34.9359508092 ], [ -58.1703382145, -34.9360724524 ], [ -58.1698783804, -34.9392651023 ], [ -58.1704202174, -34.9392685854 ], [ -58.1712283122, -34.9393681709 ], [ -58.1714263007, -34.9394818767 ], [ -58.1723500231, -34.9402708582 ] ] ] ] } },
{ "type": "Feature", "properties": { "ZONA_COD": "AU-CLo5", "ZONA_DESC": "CENTRAL LOCALIDADES 5", "AREA_TIPO": "Urbana", "DENOM": "Central Loc. 5", "FOS_MAX": "0.6", "FOT_RES": "0.8", "FOT_COM": "1.2", "FOT_MIN": "NO", "DENS_RES": "150", "DENS_COM": "150", "ALTURA_M": 9.0, "NIVELES": 3.0, "CUF_AV": "200", "CUF_CAL": "200", "RET_FRENTE": "SI", "RET_FONDO": "SI", "RET_LATERA": "SI", "PARC_SUP_M": "300", "PARC_ANC_M": 12.0, "INC_PRM": "No aplica", "COLOR_HEX": "#A80000" }, "bbox": [ -58.1739499189, -34.9360724524, -58.1703382145, -34.9316499544 ], "geometry": { "type": "MultiPolygon", "coordinates": [ [ [ [ -58.1708956413, -34.9316499544 ], [ -58.1703382145, -34.9360724524 ], [ -58.1704931929, -34.9359508092 ], [ -58.1708580982, -34.9356633139 ], [ -58.1709077759, -34.9356242276 ], [ -58.1711429153, -34.9354388701 ], [ -58.1711988756, -34.9353951577 ], [ -58.171355792, -34.935527144 ], [ -58.1737103646, -34.9337384653 ], [ -58.1739499189, -34.9318963138 ], [ -58.1708956413, -34.9316499544 ] ] ] ] } },
{ "type": "Feature", "properties": { "ZONA_COD": "AU-CLo5", "ZONA_DESC": "CENTRAL LOCALIDADES 5", "AREA_TIPO": "Urbana", "DENOM": "Central Loc. 5", "FOS_MAX": "0.6", "FOT_RES": "0.8", "FOT_COM": "1.2", "FOT_MIN": "NO", "DENS_RES": "150", "DENS_COM": "150", "ALTURA_M": 9.0, "NIVELES": 3.0, "CUF_AV": "200", "CUF_CAL": "200", "RET_FRENTE": "SI", "RET_FONDO": "SI", "RET_LATERA": "SI", "PARC_SUP_M": "300", "PARC_ANC_M": 12.0, "INC_PRM": "No aplica", "COLOR_HEX": "#A80000" }, "bbox": [ -58.1723500231, -34.9440373008, -58.1684677533, -34.9392651023 ], "geometry": { "type": "MultiPolygon", "coordinates": [ [ [ [ -58.1684677533, -34.9440170382 ], [ -58.1686003727, -34.9440373008 ], [ -58.169953597, -34.9430164965 ], [ -58.1694079198, -34.9425187505 ], [ -58.1723500231, -34.9402708582 ], [ -58.1714263007, -34.9394818767 ], [ -58.1712283122, -34.9393681709 ], [ -58.1704202174, -34.9392685854 ], [ -58.1698783804, -34.9392651023 ], [ -58.1684677533, -34.9440170382 ] ] ] ] } },
{ "type": "Feature", "properties": { "ZONA_COD": "AU-R6", "ZONA_DESC": "RESIDENCIAL 6", "AREA_TIPO": "Urbana", "DENOM": "Residencial 6", "FOS_MAX": "0.4", "FOT_RES": "0.8", "FOT_COM": null, "FOT_MIN": "NO", "DENS_RES": "150", "DENS_COM": null, "ALTURA_M": 9.0, "NIVELES": 3.0, "CUF_AV": "300", "CUF_CAL": "300", "RET_FRENTE": "SI", "RET_FONDO": "SI", "RET_LATERA": "SI", "PARC_SUP_M": "300", "PARC_ANC_M": 12.0, "INC_PRM": "CUF x 2.0 (por Multifamiliar en Bloque,Ver COT Art 287 Ordenanza 12692) (por Distrito de Interes Urbanistico Ver COT Art 16 , 244 y 286 Ord 12692)", "COLOR_HEX": "#D5EEF9" }, "bbox": [ -58.1799107935, -34.9605990303, -58.1645793258, -34.9397742184 ], "geometry": { "type": "MultiPolygon", "coordinates": [ [ [ [ -58.1799107935, -34.9515566367 ], [ -58.1777565027, -34.9497263446 ], [ -58.1795140208, -34.9483399929 ], [ -58.1768001528, -34.9459904961 ], [ -58.1767407616, -34.9459420766 ], [ -58.1784904385, -34.9445930099 ], [ -58.1729743811, -34.9397742184 ], [ -58.1723500231, -34.9402708582 ], [ -58.1694079198, -34.9425187505 ], [ -58.169953597, -34.9430164965 ], [ -58.1686003727, -34.9440373008 ], [ -58.1684677533, -34.9440170382 ], [ -58.1645793258, -34.9573820277 ], [ -58.168264279, -34.9605990303 ], [ -58.1740858199, -34.9560817033 ], [ -58.1799107935, -34.9515566367 ] ] ] ] } },
{ "type": "Feature", "properties": { "ZONA_COD": "AR-RE", "ZONA_DESC": "RURAL EXTENSIVO", "AREA_TIPO": "Rural", "DENOM": "Rural Extensivo", "FOS_MAX": null, "FOT_RES": null, "FOT_COM": null, "FOT_MIN": null, "DENS_RES": null, "DENS_COM": null, "ALTURA_M": 0.0, "NIVELES": 0.0, "CUF_AV": null, "CUF_CAL": null, "RET_FRENTE": "SI", "RET_FONDO": "SI", "RET_LATERA": "SI", "PARC_SUP_M": "30 Ha", "PARC_ANC_M": 0.0, "INC_PRM": "No aplica", "COLOR_HEX": "#EAF0B7" }, "bbox": [ -58.1776635182, -35.0813265147, -58.1092663543, -35.0200975051 ], "geometry": { "type": "MultiPolygon", "coordinates": [ [ [ [ -58.1145529407, -35.055872269 ], [ -58.1179578612, -35.0590683022 ], [ -58.1188346246, -35.0591172172 ], [ -58.1188027014, -35.0598400842 ], [ -58.1240736774, -35.0647764368 ], [ -58.1251679041, -35.064789325 ], [ -58.1247686519, -35.065077742 ], [ -58.131027561, -35.0691251247 ], [ -58.1354067323, -35.0729173104 ], [ -58.1351882663, -35.0730804141 ], [ -58.1404303938, -35.0776917832 ], [ -58.1406548826, -35.0775338065 ], [ -58.1424432897, -35.079035186 ], [ -58.1432676632, -35.0794836483 ], [ -58.1436631203, -35.0797964019 ], [ -58.145099852, -35.0813265147 ], [ -58.1465423133, -35.0802278498 ], [ -58.1473717049, -35.0795960716 ], [ -58.1482011937, -35.0789642889 ], [ -58.1490305575, -35.0783325889 ], [ -58.1498599105, -35.0777007927 ], [ -58.1499979951, -35.077597448 ], [ -58.1509336444, -35.0768828323 ], [ -58.1518703809, -35.0761692967 ], [ -58.1528069915, -35.0754557521 ], [ -58.1546600869, -35.0740440143 ], [ -58.1554330272, -35.0734551185 ], [ -58.1585681745, -35.0710664355 ], [ -58.1618098671, -35.0685962811 ], [ -58.163055251, -35.0676406714 ], [ -58.1632166155, -35.0675186738 ], [ -58.1634585969, -35.0673357149 ], [ -58.1636199047, -35.0672136679 ], [ -58.1637812269, -35.0670917252 ], [ -58.164168493, -35.0667989446 ], [ -58.1643144682, -35.0666876913 ], [ -58.1645582412, -35.0665019462 ], [ -58.1646214527, -35.0664447745 ], [ -58.1647351045, -35.0663671882 ], [ -58.1645793698, -35.0661673391 ], [ -58.1648971723, -35.0660022154 ], [ -58.1650732541, -35.0658679853 ], [ -58.1651629237, -35.0657999732 ], [ -58.165226924, -35.06575072 ], [ -58.1653883271, -35.0656503332 ], [ -58.1655030446, -35.0655593335 ], [ -58.1663756622, -35.064892926 ], [ -58.1672483724, -35.064226603 ], [ -58.1681209594, -35.0635602719 ], [ -58.1689935347, -35.0628938437 ], [ -58.1698660929, -35.0622274991 ], [ -58.1707387474, -35.0615611491 ], [ -58.1716112795, -35.0608947002 ], [ -58.1724837955, -35.060228335 ], [ -58.1733562998, -35.0595618735 ], [ -58.1742177478, -35.0589039798 ], [ -58.1750791841, -35.05824599 ], [ -58.1759407166, -35.0575879947 ], [ -58.1768022347, -35.0569299931 ], [ -58.1776635182, -35.0562720725 ], [ -58.1769179649, -35.0555993715 ], [ -58.1761725321, -35.0549267587 ], [ -58.1754270032, -35.0542540505 ], [ -58.1746815938, -35.0535814286 ], [ -58.1739361997, -35.0529087133 ], [ -58.1731907049, -35.0522360815 ], [ -58.1724453333, -35.0515634471 ], [ -58.1709545172, -35.0502180739 ], [ -58.1702090737, -35.0495453351 ], [ -58.1687184411, -35.0481999386 ], [ -58.1679730317, -35.0475272763 ], [ -58.1672277465, -35.0468545222 ], [ -58.1657371013, -35.0455090897 ], [ -58.1649918511, -35.044836413 ], [ -58.1642465038, -35.04416373 ], [ -58.163697304, -35.0436190106 ], [ -58.1616219898, -35.0416896087 ], [ -58.1614180541, -35.0412988137 ], [ -58.1555669372, -35.0362973268 ], [ -58.1555739015, -35.0362919623 ], [ -58.154717443, -35.03551912 ], [ -58.1538609988, -35.0347463614 ], [ -58.1530045726, -35.0339735083 ], [ -58.1521481608, -35.0332007388 ], [ -58.1520768572, -35.0331363869 ], [ -58.1509956023, -35.0321606549 ], [ -58.1499143726, -35.0311849139 ], [ -58.1476417174, -35.0291338489 ], [ -58.1459742088, -35.027628847 ], [ -58.1451403691, -35.0268762916 ], [ -58.1450346116, -35.0267807674 ], [ -58.1435586307, -35.0254485414 ], [ -58.142820603, -35.0247824217 ], [ -58.1420826976, -35.0241162983 ], [ -58.1413446941, -35.0234501696 ], [ -58.1406067023, -35.0227840373 ], [ -58.1398688329, -35.0221179022 ], [ -58.1391308672, -35.021451671 ], [ -58.137655077, -35.0201193775 ], [ -58.1376308484, -35.0200975051 ], [ -58.1282369629, -35.0270814189 ], [ -58.1296748457, -35.0283928723 ], [ -58.1311252264, -35.0297155871 ], [ -58.132489248, -35.030959452 ], [ -58.1338733811, -35.0322217252 ], [ -58.1351905776, -35.0334227527 ], [ -58.1352842699, -35.0335102234 ], [ -58.1258055441, -35.040601903 ], [ -58.1261685527, -35.0409435644 ], [ -58.1182772896, -35.046720758 ], [ -58.1181196978, -35.0470385694 ], [ -58.1168448845, -35.0479285906 ], [ -58.1187964358, -35.0496882041 ], [ -58.1093197281, -35.050872918 ], [ -58.1092663543, -35.0514110956 ], [ -58.1145529407, -35.055872269 ] ] ] ] } },
{ "type": "Feature", "properties": { "ZONA_COD": "AC-CS2", "ZONA_DESC": "CORREDOR SERVICIOS 2", "AREA_TIPO": "Complem.", "DENOM": "Corredor Serv. 2", "FOS_MAX": "0.5", "FOT_RES": "0.8", "FOT_COM": null, "FOT_MIN": null, "DENS_RES": "80", "DENS_COM": null, "ALTURA_M": 9.0, "NIVELES": 3.0, "CUF_AV": null, "CUF_CAL": null, "RET_FRENTE": "SI", "RET_FONDO": "SI", "RET_LATERA": "SI", "PARC_SUP_M": "2000", "PARC_ANC_M": 40.0, "INC_PRM": "No aplica", "COLOR_HEX": "#D98E9F" }, "bbox": [ -58.0872856599, -35.0307077201, -58.0692135289, -35.0146571715 ], "geometry": { "type": "MultiPolygon", "coordinates": [ [ [ [ -58.0705125663, -35.0175723311 ], [ -58.0704342425, -35.0176305649 ], [ -58.0703006195, -35.0177321685 ], [ -58.0709255107, -35.0182921566 ], [ -58.0715476563, -35.0188496733 ], [ -58.0716495729, -35.0189410012 ], [ -58.072009495, -35.0186715778 ], [ -58.0721267046, -35.0187742444 ], [ -58.0729619445, -35.0195140654 ], [ -58.0746323696, -35.0209937901 ], [ -58.0746710269, -35.0210280282 ], [ -58.0756450916, -35.0202712901 ], [ -58.0782968461, -35.0226726454 ], [ -58.0791832296, -35.0234752859 ], [ -58.0809564886, -35.0250713046 ], [ -58.0798528064, -35.0258909944 ], [ -58.0799110725, -35.0259426901 ], [ -58.0848983457, -35.0304743244 ], [ -58.0851929078, -35.0307077201 ], [ -58.0856541485, -35.0305320051 ], [ -58.0860988129, -35.0300445303 ], [ -58.0863928427, -35.0297840498 ], [ -58.0872856599, -35.0290798078 ], [ -58.0872286447, -35.0290280779 ], [ -58.0816547186, -35.0239527458 ], [ -58.0806948362, -35.0230939445 ], [ -58.0801394104, -35.0225970628 ], [ -58.0800515071, -35.022519249 ], [ -58.0794285449, -35.0219687551 ], [ -58.0795467113, -35.0218798391 ], [ -58.0793651616, -35.0217165618 ], [ -58.0792381881, -35.0216016545 ], [ -58.0781194647, -35.0206091024 ], [ -58.077987036, -35.020706678 ], [ -58.0778056922, -35.0205445617 ], [ -58.0776154424, -35.0203745538 ], [ -58.0775010576, -35.0202722569 ], [ -58.0773246457, -35.020114549 ], [ -58.0771412533, -35.0199506071 ], [ -58.0767279177, -35.0195811072 ], [ -58.0767738047, -35.0195463655 ], [ -58.0766633248, -35.0194429407 ], [ -58.0752764595, -35.0181421685 ], [ -58.0750646017, -35.0179462827 ], [ -58.0742126677, -35.0171487072 ], [ -58.0740749113, -35.0170197382 ], [ -58.074117586, -35.0169878572 ], [ -58.0732995797, -35.0162359071 ], [ -58.0724754014, -35.0154917181 ], [ -58.0716431283, -35.014733434 ], [ -58.0715594266, -35.0146571715 ], [ -58.0692135289, -35.0163934611 ], [ -58.0705125663, -35.0175723311 ] ] ] ] } },
{ "type": "Feature", "properties": { "ZONA_COD": "AC-CS2", "ZONA_DESC": "CORREDOR SERVICIOS 2", "AREA_TIPO": "Complem.", "DENOM": "Corredor Serv. 2", "FOS_MAX": "0.5", "FOT_RES": "0.8", "FOT_COM": null, "FOT_MIN": null, "DENS_RES": "80", "DENS_COM": null, "ALTURA_M": 9.0, "NIVELES": 3.0, "CUF_AV": null, "CUF_CAL": null, "RET_FRENTE": "SI", "RET_FONDO": "SI", "RET_LATERA": "SI", "PARC_SUP_M": "2000", "PARC_ANC_M": 40.0, "INC_PRM": "No aplica", "COLOR_HEX": "#D98E9F" }, "bbox": [ -58.1041558578, -35.0020044513, -58.0924637791, -34.9899508874 ], "geometry": { "type": "MultiPolygon", "coordinates": [ [ [ [ -58.0924637791, -34.9905624453 ], [ -58.0939059886, -34.9918920561 ], [ -58.0928117088, -34.9927130759 ], [ -58.0928458677, -34.9927441736 ], [ -58.0932015325, -34.9930679646 ], [ -58.0935471483, -34.9933826032 ], [ -58.0936535857, -34.9934795007 ], [ -58.094461319, -34.9942148233 ], [ -58.0955149854, -34.9951740051 ], [ -58.0965686761, -34.9961331788 ], [ -58.0976224063, -34.997092357 ], [ -58.0986761609, -34.9980515263 ], [ -58.098783664, -34.9981493779 ], [ -58.0997946999, -34.9990696308 ], [ -58.1008057582, -34.9999898764 ], [ -58.1007522009, -35.0000324162 ], [ -58.1018397636, -35.0010184383 ], [ -58.1029273524, -35.0020044513 ], [ -58.1041558578, -35.0011010859 ], [ -58.0994713567, -34.9968161698 ], [ -58.0996573689, -34.9967051665 ], [ -58.1002735736, -34.9962466049 ], [ -58.093286067, -34.9899508874 ], [ -58.0924637791, -34.9905624453 ] ] ] ] } },
{ "type": "Feature", "properties": { "ZONA_COD": "AU-R6", "ZONA_DESC": "RESIDENCIAL 6", "AREA_TIPO": "Urbana", "DENOM": "Residencial 6", "FOS_MAX": "0.4", "FOT_RES": "0.8", "FOT_COM": null, "FOT_MIN": "NO", "DENS_RES": "150", "DENS_COM": null, "ALTURA_M": 9.0, "NIVELES": 3.0, "CUF_AV": "300", "CUF_CAL": "300", "RET_FRENTE": "SI", "RET_FONDO": "SI", "RET_LATERA": "SI", "PARC_SUP_M": "300", "PARC_ANC_M": 12.0, "INC_PRM": "CUF x 2.0 (por Multifamiliar en Bloque,Ver COT Art 287 Ordenanza 12692) (por Distrito de Interes Urbanistico Ver COT Art 16 , 244 y 286 Ord 12692)", "COLOR_HEX": "#D5EEF9" }, "bbox": [ -58.0901726671, -34.9945372833, -58.0801521646, -34.9863568071 ], "geometry": { "type": "MultiPolygon", "coordinates": [ [ [ [ -58.0849556532, -34.9941970616 ], [ -58.0878847802, -34.9920105867 ], [ -58.0879997504, -34.9919266026 ], [ -58.0884925375, -34.9915599122 ], [ -58.0886225795, -34.9914634572 ], [ -58.0889827508, -34.9911954313 ], [ -58.0891314087, -34.9910848498 ], [ -58.0896256302, -34.9907172762 ], [ -58.0901130502, -34.9903547289 ], [ -58.0901726671, -34.9903104265 ], [ -58.0901713694, -34.9903092457 ], [ -58.0876488736, -34.988012522 ], [ -58.08583052, -34.9863568071 ], [ -58.085576126, -34.9865489149 ], [ -58.0802153159, -34.9905689888 ], [ -58.0801521646, -34.9906174191 ], [ -58.0802348932, -34.9906810137 ], [ -58.0823642315, -34.9926091656 ], [ -58.0844936687, -34.9945372833 ], [ -58.0845747067, -34.9944766438 ], [ -58.0847651804, -34.9943368532 ], [ -58.0849556532, -34.9941970616 ], [ -58.0849556532, -34.9941970616 ], [ -58.0849556532, -34.9941970616 ] ], [ [ -58.0865186299, -34.9888474939 ], [ -58.0874355895, -34.9896865929 ], [ -58.0863492768, -34.9904902621 ], [ -58.085435321, -34.9896563397 ], [ -58.0865186299, -34.9888474939 ] ] ] ] } },
{ "type": "Feature", "properties": { "ZONA_COD": "AU-CS1", "ZONA_DESC": "CORREDOR SERVICIOS 1", "AREA_TIPO": "Urbana", "DENOM": "Corredor Servicios 1", "FOS_MAX": "0.6", "FOT_RES": "1.0", "FOT_COM": null, "FOT_MIN": "NO", "DENS_RES": "300", "DENS_COM": null, "ALTURA_M": 9.0, "NIVELES": 3.0, "CUF_AV": "100", "CUF_CAL": null, "RET_FRENTE": "NO", "RET_FONDO": "SI", "RET_LATERA": "SI", "PARC_SUP_M": "375", "PARC_ANC_M": 15.0, "INC_PRM": "No aplica", "COLOR_HEX": "#C22B7E" }, "bbox": [ -58.0865720883, -34.9834914169, -58.0817206767, -34.9798874998 ], "geometry": { "type": "MultiPolygon", "coordinates": [ [ [ [ -58.0865720883, -34.9822103165 ], [ -58.0864950065, -34.9821391585 ], [ -58.0857690126, -34.9814768555 ], [ -58.0850526774, -34.9820076479 ], [ -58.0848630599, -34.9818395431 ], [ -58.0846699359, -34.9816717529 ], [ -58.084938174, -34.9814709595 ], [ -58.0847543669, -34.9813047594 ], [ -58.0841864693, -34.9817249541 ], [ -58.0840078829, -34.9815602775 ], [ -58.0845766735, -34.9811440631 ], [ -58.0842189537, -34.9808194789 ], [ -58.0840052245, -34.9809751894 ], [ -58.082782079, -34.9798874998 ], [ -58.0817206767, -34.9806719523 ], [ -58.0848626615, -34.9834914169 ], [ -58.085872494, -34.9827372787 ], [ -58.0865720883, -34.9822103165 ] ] ] ] } },
{ "type": "Feature", "properties": { "ZONA_COD": "AC-RU", "ZONA_DESC": "RESERVA URBANA", "AREA_TIPO": "Complem.", "DENOM": "Reserva Urbana", "FOS_MAX": "0.2", "FOT_RES": "0.3", "FOT_COM": null, "FOT_MIN": null, "DENS_RES": "1 vivienda por parcela", "DENS_COM": null, "ALTURA_M": 6.0, "NIVELES": 2.0, "CUF_AV": null, "CUF_CAL": null, "RET_FRENTE": "SI", "RET_FONDO": "SI", "RET_LATERA": "SI", "PARC_SUP_M": "4 Ha", "PARC_ANC_M": 0.0, "INC_PRM": "No aplica", "COLOR_HEX": "#DFDDA1" }, "bbox": [ -58.085576126, -34.9905689888, -58.0749312575, -34.9815487113 ], "geometry": { "type": "MultiPolygon", "coordinates": [ [ [ [ -58.0749312575, -34.9857457196 ], [ -58.0779210563, -34.9884849709 ], [ -58.0780033227, -34.9885603656 ], [ -58.0780878599, -34.9886378422 ], [ -58.0801435158, -34.9905038158 ], [ -58.0802153159, -34.9905689888 ], [ -58.085576126, -34.9865489149 ], [ -58.0855160684, -34.9864945095 ], [ -58.0846394812, -34.9857005008 ], [ -58.0845631261, -34.9856313438 ], [ -58.0844834498, -34.9855590716 ], [ -58.0844200691, -34.9855017452 ], [ -58.0841250555, -34.9852344757 ], [ -58.0837621179, -34.984907645 ], [ -58.083463936, -34.984635547 ], [ -58.0834027911, -34.9845815994 ], [ -58.0837192167, -34.9843453079 ], [ -58.0805932542, -34.9815487113 ], [ -58.0749312575, -34.9857457196 ] ] ] ] } },
{ "type": "Feature", "properties": { "ZONA_COD": "AU-R6", "ZONA_DESC": "RESIDENCIAL 6", "AREA_TIPO": "Urbana", "DENOM": "Residencial 6", "FOS_MAX": "0.4", "FOT_RES": "0.8", "FOT_COM": null, "FOT_MIN": "NO", "DENS_RES": "150", "DENS_COM": null, "ALTURA_M": 9.0, "NIVELES": 3.0, "CUF_AV": "300", "CUF_CAL": "300", "RET_FRENTE": "SI", "RET_FONDO": "SI", "RET_LATERA": "SI", "PARC_SUP_M": "300", "PARC_ANC_M": 12.0, "INC_PRM": "CUF x 2.0 (por Multifamiliar en Bloque,Ver COT Art 287 Ordenanza 12692) (por Distrito de Interes Urbanistico Ver COT Art 16 , 244 y 286 Ord 12692)", "COLOR_HEX": "#D5EEF9" }, "bbox": [ -58.0989081779, -34.98990956, -58.082782079, -34.9761255799 ], "geometry": { "type": "MultiPolygon", "coordinates": [ [ [ [ -58.0969711164, -34.9872168306 ], [ -58.0989081779, -34.9858130788 ], [ -58.0941195371, -34.9816711702 ], [ -58.0909462433, -34.9789094916 ], [ -58.090999511, -34.9788684043 ], [ -58.0879522734, -34.9761919796 ], [ -58.087858386, -34.9761840188 ], [ -58.0877922516, -34.9761255799 ], [ -58.0828537442, -34.9798336934 ], [ -58.082782079, -34.9798874998 ], [ -58.0840052245, -34.9809751894 ], [ -58.0842189537, -34.9808194789 ], [ -58.0845766735, -34.9811440631 ], [ -58.0840078829, -34.9815602775 ], [ -58.0841864693, -34.9817249541 ], [ -58.0847543669, -34.9813047594 ], [ -58.084938174, -34.9814709595 ], [ -58.0846699359, -34.9816717529 ], [ -58.0848630599, -34.9818395431 ], [ -58.0850526774, -34.9820076479 ], [ -58.0857690126, -34.9814768555 ], [ -58.0864950065, -34.9821391585 ], [ -58.0865720883, -34.9822103165 ], [ -58.085872494, -34.9827372787 ], [ -58.0869633276, -34.9837429735 ], [ -58.0900519979, -34.981427292 ], [ -58.0910733418, -34.9823502734 ], [ -58.0912700226, -34.9822141611 ], [ -58.0915093349, -34.9820334072 ], [ -58.0927315378, -34.9831518671 ], [ -58.0928157063, -34.9832289812 ], [ -58.0928998774, -34.9833060055 ], [ -58.0929877223, -34.9833863995 ], [ -58.0930755555, -34.9834668034 ], [ -58.0931633491, -34.9835472297 ], [ -58.093251194, -34.9836276237 ], [ -58.0933390667, -34.9837079979 ], [ -58.0934269926, -34.9837884153 ], [ -58.0934558806, -34.9838176181 ], [ -58.093543587, -34.9838980319 ], [ -58.0936314022, -34.9839785374 ], [ -58.0937191068, -34.984059042 ], [ -58.0938069238, -34.9841394576 ], [ -58.0938946292, -34.9842199613 ], [ -58.0939824462, -34.9843003769 ], [ -58.0940701526, -34.9843808806 ], [ -58.0941579696, -34.9844612962 ], [ -58.094245676, -34.9845417999 ], [ -58.0943334921, -34.9846223054 ], [ -58.0945090164, -34.9847832238 ], [ -58.0946424029, -34.9849055397 ], [ -58.0947722515, -34.985024555 ], [ -58.0949477776, -34.9851854734 ], [ -58.0950354858, -34.9852659771 ], [ -58.0951233028, -34.9853464818 ], [ -58.0952113356, -34.9854271698 ], [ -58.0952967928, -34.9855055646 ], [ -58.0954484797, -34.9856445674 ], [ -58.0953853302, -34.9856904652 ], [ -58.0953238714, -34.9857357992 ], [ -58.0948144234, -34.9861201919 ], [ -58.0946337541, -34.9862519974 ], [ -58.0944759996, -34.9861037946 ], [ -58.0943288858, -34.9859595091 ], [ -58.0937559817, -34.9854250492 ], [ -58.0935931, -34.9852761341 ], [ -58.0934561369, -34.9851570054 ], [ -58.0932907938, -34.9850057079 ], [ -58.0932414867, -34.9849598272 ], [ -58.0931921796, -34.9849139474 ], [ -58.0929337063, -34.9846776434 ], [ -58.0928836537, -34.9846332384 ], [ -58.0928360489, -34.9845895026 ], [ -58.0927884451, -34.9845457668 ], [ -58.092707088, -34.984472481 ], [ -58.0926257317, -34.9843991962 ], [ -58.0925764012, -34.9843614255 ], [ -58.0925270716, -34.9843236558 ], [ -58.0924748839, -34.9842733208 ], [ -58.0923617024, -34.9841641557 ], [ -58.0922542856, -34.984064866 ], [ -58.0921885847, -34.9840035421 ], [ -58.0921082816, -34.9839297321 ], [ -58.0920269766, -34.9838566271 ], [ -58.0919458946, -34.9837833458 ], [ -58.0918648126, -34.9837100646 ], [ -58.0917148246, -34.9835720735 ], [ -58.0916641856, -34.9835216764 ], [ -58.0910597395, -34.9839719471 ], [ -58.0909303783, -34.9840683113 ], [ -58.0902842721, -34.9845496051 ], [ -58.0901401423, -34.984625158 ], [ -58.0887234888, -34.9856804072 ], [ -58.0914092098, -34.9881381042 ], [ -58.0915867818, -34.9882723199 ], [ -58.0923535834, -34.9889926103 ], [ -58.0924516697, -34.9890998904 ], [ -58.0932495689, -34.9898257836 ], [ -58.0933416568, -34.98990956 ], [ -58.0967435879, -34.9873803705 ], [ -58.0969711164, -34.9872168306 ] ] ] ] } },
{ "type": "Feature", "properties": { "ZONA_COD": "AR-IE", "ZONA_DESC": "INDUSTRIAL EXCLUSIVO", "AREA_TIPO": "Rural", "DENOM": "Industrial Exclusivo", "FOS_MAX": "0.6", "FOT_RES": null, "FOT_COM": "1.2", "FOT_MIN": null, "DENS_RES": null, "DENS_COM": null, "ALTURA_M": 6.0, "NIVELES": 2.0, "CUF_AV": null, "CUF_CAL": null, "RET_FRENTE": "SI", "RET_FONDO": "SI", "RET_LATERA": "SI", "PARC_SUP_M": "600", "PARC_ANC_M": 20.0, "INC_PRM": "No aplica", "COLOR_HEX": "#764E88" }, "bbox": [ -58.0846616387, -34.9791280547, -58.0738334667, -34.9706440574 ], "geometry": { "type": "MultiPolygon", "coordinates": [ [ [ [ -58.0815206549, -34.9706440574 ], [ -58.0756009997, -34.9750570963 ], [ -58.0738334667, -34.9763746211 ], [ -58.0739135541, -34.9764455713 ], [ -58.0768303747, -34.9790629744 ], [ -58.0768925242, -34.9791280547 ], [ -58.0774541103, -34.9787290264 ], [ -58.0797794289, -34.9769826177 ], [ -58.0846616387, -34.9733591178 ], [ -58.0815206549, -34.9706440574 ] ] ] ] } },
{ "type": "Feature", "properties": { "ZONA_COD": "AU-CS1", "ZONA_DESC": "CORREDOR SERVICIOS 1", "AREA_TIPO": "Urbana", "DENOM": "Corredor Servicios 1", "FOS_MAX": "0.6", "FOT_RES": "1.0", "FOT_COM": null, "FOT_MIN": "NO", "DENS_RES": "300", "DENS_COM": null, "ALTURA_M": 9.0, "NIVELES": 3.0, "CUF_AV": "100", "CUF_CAL": null, "RET_FRENTE": "NO", "RET_FONDO": "SI", "RET_LATERA": "SI", "PARC_SUP_M": "375", "PARC_ANC_M": 15.0, "INC_PRM": "No aplica", "COLOR_HEX": "#C22B7E" }, "bbox": [ -58.0685180957, -34.9675533978, -58.0571232115, -34.9575772246 ], "geometry": { "type": "MultiPolygon", "coordinates": [ [ [ [ -58.0685180957, -34.9666553698 ], [ -58.0623485109, -34.9610500736 ], [ -58.0620031011, -34.9612893148 ], [ -58.0594821179, -34.9589297051 ], [ -58.0579933298, -34.9575772246 ], [ -58.0571232115, -34.9582286018 ], [ -58.0611704637, -34.9619247156 ], [ -58.0673348424, -34.9675533978 ], [ -58.0685180957, -34.9666553698 ] ] ] ] } },
{ "type": "Feature", "properties": { "ZONA_COD": "AC-IM", "ZONA_DESC": "INDUSTRIAL MIXTA", "AREA_TIPO": "Complem.", "DENOM": "Industrial Mixta", "FOS_MAX": "0.5", "FOT_RES": "0.8", "FOT_COM": null, "FOT_MIN": null, "DENS_RES": "1 vivienda asociada al uso principal", "DENS_COM": null, "ALTURA_M": 0.0, "NIVELES": 0.0, "CUF_AV": "1 UF por parcela", "CUF_CAL": "1 UF por parcela", "RET_FRENTE": "SI", "RET_FONDO": "SI", "RET_LATERA": "SI", "PARC_SUP_M": "2000", "PARC_ANC_M": 40.0, "INC_PRM": "No aplica", "COLOR_HEX": "#9C7CB5" }, "bbox": [ -58.0815206549, -34.9750570963, -58.0706834941, -34.9652314166 ], "geometry": { "type": "MultiPolygon", "coordinates": [ [ [ [ -58.0753070455, -34.9652314166 ], [ -58.0727628175, -34.9670019533 ], [ -58.0706834941, -34.9685470506 ], [ -58.0707626893, -34.9705780975 ], [ -58.0756009997, -34.9750570963 ], [ -58.0815206549, -34.9706440574 ], [ -58.0753070455, -34.9652314166 ] ] ] ] } },
{ "type": "Feature", "properties": { "ZONA_COD": "AR-AI", "ZONA_DESC": "AGROINDUSTRIAL", "AREA_TIPO": "Rural", "DENOM": "Agroindustrial", "FOS_MAX": "0.5", "FOT_RES": null, "FOT_COM": "0.8", "FOT_MIN": null, "DENS_RES": "1 vivienda asociada al uso principal", "DENS_COM": null, "ALTURA_M": 0.0, "NIVELES": 0.0, "CUF_AV": null, "CUF_CAL": null, "RET_FRENTE": "SI", "RET_FONDO": "SI", "RET_LATERA": "SI", "PARC_SUP_M": "4 Ha", "PARC_ANC_M": 0.0, "INC_PRM": "No aplica", "COLOR_HEX": "#B0A0C9" }, "bbox": [ -58.0756009997, -34.9852230264, -58.0558819753, -34.9704310727 ], "geometry": { "type": "MultiPolygon", "coordinates": [ [ [ [ -58.0558819753, -34.979686594 ], [ -58.0568291538, -34.9805542095 ], [ -58.0598032766, -34.9832260494 ], [ -58.0598815221, -34.9834140572 ], [ -58.0618957733, -34.9852230264 ], [ -58.0687585556, -34.980139622 ], [ -58.0738334667, -34.9763746211 ], [ -58.0756009997, -34.9750570963 ], [ -58.0707626893, -34.9705780975 ], [ -58.0683884243, -34.9704310727 ], [ -58.0629068091, -34.9743688245 ], [ -58.0625812105, -34.9747259902 ], [ -58.0558819753, -34.979686594 ] ] ] ] } },
{ "type": "Feature", "properties": { "ZONA_COD": "AU-R6", "ZONA_DESC": "RESIDENCIAL 6", "AREA_TIPO": "Urbana", "DENOM": "Residencial 6", "FOS_MAX": "0.4", "FOT_RES": "0.8", "FOT_COM": null, "FOT_MIN": "NO", "DENS_RES": "150", "DENS_COM": null, "ALTURA_M": 9.0, "NIVELES": 3.0, "CUF_AV": "300", "CUF_CAL": "300", "RET_FRENTE": "SI", "RET_FONDO": "SI", "RET_LATERA": "SI", "PARC_SUP_M": "300", "PARC_ANC_M": 12.0, "INC_PRM": "CUF x 2.0 (por Multifamiliar en Bloque,Ver COT Art 287 Ordenanza 12692) (por Distrito de Interes Urbanistico Ver COT Art 16 , 244 y 286 Ord 12692)", "COLOR_HEX": "#D5EEF9" }, "bbox": [ -58.0731385237, -34.9666553698, -58.0579933298, -34.9541218647 ], "geometry": { "type": "MultiPolygon", "coordinates": [ [ [ [ -58.0579933298, -34.9575772246 ], [ -58.0594821179, -34.9589297051 ], [ -58.0620031011, -34.9612893148 ], [ -58.0623485109, -34.9610500736 ], [ -58.0685180957, -34.9666553698 ], [ -58.0731385237, -34.9631895329 ], [ -58.0690490141, -34.9596187594 ], [ -58.0656914942, -34.9568128746 ], [ -58.0626096173, -34.9541218647 ], [ -58.059819611, -34.9562100033 ], [ -58.0579933298, -34.9575772246 ] ], [ [ -58.061111104, -34.9577364739 ], [ -58.0618638419, -34.958412845 ], [ -58.0610097243, -34.9590393145 ], [ -58.0602309483, -34.958343125 ], [ -58.061111104, -34.9577364739 ] ] ] ] } },
{ "type": "Feature", "properties": { "ZONA_COD": "AU-R6", "ZONA_DESC": "RESIDENCIAL 6", "AREA_TIPO": "Urbana", "DENOM": "Residencial 6", "FOS_MAX": "0.4", "FOT_RES": "0.8", "FOT_COM": null, "FOT_MIN": "NO", "DENS_RES": "150", "DENS_COM": null, "ALTURA_M": 9.0, "NIVELES": 3.0, "CUF_AV": "300", "CUF_CAL": "300", "RET_FRENTE": "SI", "RET_FONDO": "SI", "RET_LATERA": "SI", "PARC_SUP_M": "300", "PARC_ANC_M": 12.0, "INC_PRM": "CUF x 2.0 (por Multifamiliar en Bloque,Ver COT Art 287 Ordenanza 12692) (por Distrito de Interes Urbanistico Ver COT Art 16 , 244 y 286 Ord 12692)", "COLOR_HEX": "#D5EEF9" }, "bbox": [ -58.0578760223, -34.9535337477, -58.0462289573, -34.9426594423 ], "geometry": { "type": "MultiPolygon", "coordinates": [ [ [ [ -58.0515295111, -34.9451656001 ], [ -58.0527023286, -34.9464066555 ], [ -58.0545429891, -34.9481805233 ], [ -58.0555486829, -34.949127415 ], [ -58.054651647, -34.9498287666 ], [ -58.050886994, -34.9526415339 ], [ -58.0518666435, -34.9535337477 ], [ -58.0538761049, -34.9520547775 ], [ -58.0539290867, -34.9520955492 ], [ -58.0541552329, -34.9522619318 ], [ -58.0543618728, -34.9521283492 ], [ -58.0543768276, -34.9521393129 ], [ -58.0555346337, -34.9512836853 ], [ -58.0562292979, -34.9507715646 ], [ -58.0578760223, -34.9496141892 ], [ -58.0576770392, -34.949432349 ], [ -58.0565891041, -34.9483464581 ], [ -58.0565389615, -34.9482856828 ], [ -58.056488818, -34.9482249076 ], [ -58.0548378741, -34.9466603228 ], [ -58.0545288562, -34.9463286582 ], [ -58.0534511051, -34.9452488558 ], [ -58.05206423, -34.9439135343 ], [ -58.0507617733, -34.9426594423 ], [ -58.0507336569, -34.9426796527 ], [ -58.0491026096, -34.9438270968 ], [ -58.0487371827, -34.9440275701 ], [ -58.0462289573, -34.9458510382 ], [ -58.0471475257, -34.9466907739 ], [ -58.0481201165, -34.9475718711 ], [ -58.0486529899, -34.9480596086 ], [ -58.0488326808, -34.9481993902 ], [ -58.0498180635, -34.9491074788 ], [ -58.0506745949, -34.9498753973 ], [ -58.0525625111, -34.9484518892 ], [ -58.0522422472, -34.9481671252 ], [ -58.0525376313, -34.9479443523 ], [ -58.0524370538, -34.9478538716 ], [ -58.052342, -34.9477680834 ], [ -58.0522398712, -34.9476759641 ], [ -58.0521335659, -34.947579992 ], [ -58.0520792873, -34.9475310419 ], [ -58.0520250087, -34.9474820918 ], [ -58.0519152177, -34.9473830891 ], [ -58.0518603231, -34.9473335886 ], [ -58.0518054285, -34.9472840872 ], [ -58.0517500248, -34.9472340822 ], [ -58.0516946221, -34.9471840781 ], [ -58.0516419524, -34.9471365498 ], [ -58.0515892818, -34.9470890224 ], [ -58.0514160697, -34.9469205102 ], [ -58.0513085845, -34.9468235723 ], [ -58.0512011003, -34.9467266343 ], [ -58.0510945297, -34.946630432 ], [ -58.0509879591, -34.9465342298 ], [ -58.0508762984, -34.9464334392 ], [ -58.0507646377, -34.9463326494 ], [ -58.0506492268, -34.946228507 ], [ -58.050533922, -34.9461244609 ], [ -58.0505277572, -34.946128917 ], [ -58.0503997081, -34.9460101058 ], [ -58.0501998652, -34.9458247618 ], [ -58.0505133248, -34.9455937673 ], [ -58.0502845058, -34.9453841677 ], [ -58.0498483985, -34.9449848679 ], [ -58.0506981643, -34.9443695562 ], [ -58.0509826261, -34.9446419618 ], [ -58.0511233071, -34.9447766532 ], [ -58.0512642318, -34.9449111711 ], [ -58.0515295111, -34.9451656001 ], [ -58.0515295111, -34.9451656001 ], [ -58.0515295111, -34.9451656001 ] ] ] ] } },
{ "type": "Feature", "properties": { "ZONA_COD": "AU-R6", "ZONA_DESC": "RESIDENCIAL 6", "AREA_TIPO": "Urbana", "DENOM": "Residencial 6", "FOS_MAX": "0.4", "FOT_RES": "0.8", "FOT_COM": null, "FOT_MIN": "NO", "DENS_RES": "150", "DENS_COM": null, "ALTURA_M": 9.0, "NIVELES": 3.0, "CUF_AV": "300", "CUF_CAL": "300", "RET_FRENTE": "SI", "RET_FONDO": "SI", "RET_LATERA": "SI", "PARC_SUP_M": "300", "PARC_ANC_M": 12.0, "INC_PRM": "CUF x 2.0 (por Multifamiliar en Bloque,Ver COT Art 287 Ordenanza 12692) (por Distrito de Interes Urbanistico Ver COT Art 16 , 244 y 286 Ord 12692)", "COLOR_HEX": "#D5EEF9" }, "bbox": [ -58.0499394917, -34.9551537666, -58.0378344056, -34.947868901 ], "geometry": { "type": "MultiPolygon", "coordinates": [ [ [ [ -58.0489859882, -34.952518539 ], [ -58.048067972, -34.953198833 ], [ -58.047198288, -34.9524380308 ], [ -58.0481388628, -34.9517458181 ], [ -58.0462561528, -34.9500411676 ], [ -58.0460829227, -34.9501672453 ], [ -58.0448233844, -34.9490059085 ], [ -58.0435284083, -34.947868901 ], [ -58.0390554476, -34.9512020754 ], [ -58.0378344056, -34.9521053077 ], [ -58.0391705824, -34.9532961711 ], [ -58.0410188016, -34.9549310207 ], [ -58.0410799959, -34.9548841058 ], [ -58.0444075981, -34.9523301526 ], [ -58.0475242221, -34.9551537666 ], [ -58.0475762793, -34.9551148781 ], [ -58.0491861575, -34.953912213 ], [ -58.0499394917, -34.9533494127 ], [ -58.0490044027, -34.9525050339 ], [ -58.0489859882, -34.952518539 ] ] ] ] } },
{ "type": "Feature", "properties": { "ZONA_COD": "AU-R3", "ZONA_DESC": "RESIDENCIAL 3", "AREA_TIPO": "Urbana", "DENOM": "Residencial 3", "FOS_MAX": "0.6", "FOT_RES": "1.2", "FOT_COM": null, "FOT_MIN": "NO", "DENS_RES": "300", "DENS_COM": null, "ALTURA_M": 9.0, "NIVELES": 3.0, "CUF_AV": "80", "CUF_CAL": "100", "RET_FRENTE": "NO", "RET_FONDO": "SI", "RET_LATERA": "SI", "PARC_SUP_M": "375", "PARC_ANC_M": 15.0, "INC_PRM": "CUF x 2.0 (por Distrito de interes urbanistico Ver COT Art 16 , 244 y 286 Ord 12692)", "COLOR_HEX": "#5290CE" }, "bbox": [ -58.0367073923, -34.9562732121, -58.0209356525, -34.9426647105 ], "geometry": { "type": "MultiPolygon", "coordinates": [ [ [ [ -58.0209356525, -34.9459992393 ], [ -58.0218835181, -34.946850346 ], [ -58.0219725456, -34.9469876194 ], [ -58.0229479116, -34.9478420752 ], [ -58.0239157341, -34.9486833334 ], [ -58.023987018, -34.9488325615 ], [ -58.025941395, -34.9505216672 ], [ -58.026211992, -34.9507501742 ], [ -58.0322322903, -34.9562732121 ], [ -58.0367073923, -34.9529438482 ], [ -58.0325951955, -34.9492149451 ], [ -58.0306089016, -34.9474005197 ], [ -58.0305161392, -34.9471787604 ], [ -58.0285891556, -34.9454783663 ], [ -58.0284342159, -34.9453624788 ], [ -58.0274771043, -34.9445077316 ], [ -58.0265242978, -34.9436568327 ], [ -58.0254051571, -34.9426647105 ], [ -58.0209356525, -34.9459992393 ] ] ] ] } },
{ "type": "Feature", "properties": { "ZONA_COD": "AR-P", "ZONA_DESC": "PERIURBANO", "AREA_TIPO": "Rural", "DENOM": "Periurbano", "FOS_MAX": null, "FOT_RES": null, "FOT_COM": null, "FOT_MIN": null, "DENS_RES": null, "DENS_COM": null, "ALTURA_M": 0.0, "NIVELES": 0.0, "CUF_AV": null, "CUF_CAL": null, "RET_FRENTE": "SI", "RET_FONDO": "SI", "RET_LATERA": "SI", "PARC_SUP_M": "4 Ha", "PARC_ANC_M": 0.0, "INC_PRM": "No aplica", "COLOR_HEX": "#83AE7E" }, "bbox": [ -58.0671340499, -34.9879096863, -58.0185709499, -34.9521053077 ], "geometry": { "type": "MultiPolygon", "coordinates": [ [ [ [ -58.0287044181, -34.9756996547 ], [ -58.0307206702, -34.9774378806 ], [ -58.0330631793, -34.979550433 ], [ -58.0340238792, -34.9804323442 ], [ -58.0369853836, -34.9831377765 ], [ -58.0372425663, -34.9833480587 ], [ -58.0392726059, -34.9851856335 ], [ -58.0392987933, -34.9851662207 ], [ -58.0402662651, -34.9860286166 ], [ -58.0403506287, -34.9860046875 ], [ -58.0413579755, -34.9869164327 ], [ -58.0412520345, -34.9870040771 ], [ -58.0422406664, -34.9879096863 ], [ -58.0433540828, -34.9870664496 ], [ -58.0444639766, -34.9862294316 ], [ -58.0477485606, -34.9837836273 ], [ -58.0478568705, -34.9836917166 ], [ -58.0513232426, -34.9811660219 ], [ -58.051673971, -34.9814704928 ], [ -58.054954884, -34.9790237954 ], [ -58.0549444518, -34.9785654802 ], [ -58.0604476202, -34.9744142285 ], [ -58.0615000833, -34.9736726728 ], [ -58.0617368981, -34.9734758408 ], [ -58.0671340499, -34.9694049715 ], [ -58.0661159418, -34.9684636619 ], [ -58.0664006519, -34.9682500603 ], [ -58.0622271438, -34.9643978548 ], [ -58.0603201161, -34.9626885367 ], [ -58.0602418832, -34.9626325926 ], [ -58.057808038, -34.9644788747 ], [ -58.0536776974, -34.9607584711 ], [ -58.0502731942, -34.9633283028 ], [ -58.0482056833, -34.9614551229 ], [ -58.0461789136, -34.9596245672 ], [ -58.0440667074, -34.9577422421 ], [ -58.0441736035, -34.9576612806 ], [ -58.0410799959, -34.9548841058 ], [ -58.0410188016, -34.9549310207 ], [ -58.0391705824, -34.9532961711 ], [ -58.0378344056, -34.9521053077 ], [ -58.0367073923, -34.9529438482 ], [ -58.0322322903, -34.9562732121 ], [ -58.0299211837, -34.9579924434 ], [ -58.0287768324, -34.9588436814 ], [ -58.0253845465, -34.9613294111 ], [ -58.0230043081, -34.9631026638 ], [ -58.0185709499, -34.9663875338 ], [ -58.0254843874, -34.9726966907 ], [ -58.0287044181, -34.9756996547 ] ] ] ] } },
{ "type": "Feature", "properties": { "ZONA_COD": "AC-UE", "ZONA_DESC": "USO ESPECÍFICO", "AREA_TIPO": "Complem.", "DENOM": "Usos Específicos", "FOS_MAX": null, "FOT_RES": null, "FOT_COM": null, "FOT_MIN": null, "DENS_RES": null, "DENS_COM": null, "ALTURA_M": 0.0, "NIVELES": 0.0, "CUF_AV": null, "CUF_CAL": null, "RET_FRENTE": null, "RET_FONDO": null, "RET_LATERA": null, "PARC_SUP_M": null, "PARC_ANC_M": 0.0, "INC_PRM": null, "COLOR_HEX": "#D4D4D4" }, "bbox": [ -58.0611704637, -34.9644788747, -58.0464025705, -34.9526415339 ], "geometry": { "type": "MultiPolygon", "coordinates": [ [ [ [ -58.0571232115, -34.9582286018 ], [ -58.0518666435, -34.9535337477 ], [ -58.050886994, -34.9526415339 ], [ -58.0499394917, -34.9533494127 ], [ -58.0491861575, -34.953912213 ], [ -58.0475762793, -34.9551148781 ], [ -58.0475242221, -34.9551537666 ], [ -58.0464025705, -34.9559916641 ], [ -58.048491076, -34.9578568346 ], [ -58.0473935488, -34.9586884071 ], [ -58.0494485716, -34.9605319814 ], [ -58.0482056833, -34.9614551229 ], [ -58.0502731942, -34.9633283028 ], [ -58.0536776974, -34.9607584711 ], [ -58.057808038, -34.9644788747 ], [ -58.0602418832, -34.9626325926 ], [ -58.0611704637, -34.9619247156 ], [ -58.0571232115, -34.9582286018 ] ] ] ] } },
{ "type": "Feature", "properties": { "ZONA_COD": "AU-EV", "ZONA_DESC": "ESPACIO VERDE", "AREA_TIPO": "Urbana", "DENOM": "Espacio Verde", "FOS_MAX": null, "FOT_RES": null, "FOT_COM": null, "FOT_MIN": null, "DENS_RES": null, "DENS_COM": null, "ALTURA_M": 0.0, "NIVELES": 0.0, "CUF_AV": null, "CUF_CAL": null, "RET_FRENTE": null, "RET_FONDO": null, "RET_LATERA": null, "PARC_SUP_M": null, "PARC_ANC_M": 0.0, "INC_PRM": null, "COLOR_HEX": "#9AD66E" }, "bbox": [ -58.0618638419, -34.9590393145, -58.0602309483, -34.9577364739 ], "geometry": { "type": "MultiPolygon", "coordinates": [ [ [ [ -58.061111104, -34.9577364739 ], [ -58.0602309483, -34.958343125 ], [ -58.0610097243, -34.9590393145 ], [ -58.0618638419, -34.958412845 ], [ -58.061111104, -34.9577364739 ] ] ] ] } },
{ "type": "Feature", "properties": { "ZONA_COD": "AC-RU", "ZONA_DESC": "RESERVA URBANA", "AREA_TIPO": "Complem.", "DENOM": "Reserva Urbana", "FOS_MAX": "0.2", "FOT_RES": "0.3", "FOT_COM": null, "FOT_MIN": null, "DENS_RES": "1 vivienda por parcela", "DENS_COM": null, "ALTURA_M": 6.0, "NIVELES": 2.0, "CUF_AV": null, "CUF_CAL": null, "RET_FRENTE": "SI", "RET_FONDO": "SI", "RET_LATERA": "SI", "PARC_SUP_M": "4 Ha", "PARC_ANC_M": 0.0, "INC_PRM": "No aplica", "COLOR_HEX": "#DFDDA1" }, "bbox": [ -58.0494485716, -34.9614551229, -58.0410799959, -34.9523301526 ], "geometry": { "type": "MultiPolygon", "coordinates": [ [ [ [ -58.0475242221, -34.9551537666 ], [ -58.0444075981, -34.9523301526 ], [ -58.0410799959, -34.9548841058 ], [ -58.0441736035, -34.9576612806 ], [ -58.0440667074, -34.9577422421 ], [ -58.0461789136, -34.9596245672 ], [ -58.0482056833, -34.9614551229 ], [ -58.0494485716, -34.9605319814 ], [ -58.0473935488, -34.9586884071 ], [ -58.048491076, -34.9578568346 ], [ -58.0464025705, -34.9559916641 ], [ -58.0475242221, -34.9551537666 ] ] ] ] } },
{ "type": "Feature", "properties": { "ZONA_COD": "AR-SR", "ZONA_DESC": "SERVICIOS RURALES", "AREA_TIPO": "Rural", "DENOM": "Servicios Rurales", "FOS_MAX": "0.4", "FOT_RES": "0.8", "FOT_COM": null, "FOT_MIN": null, "DENS_RES": "80", "DENS_COM": null, "ALTURA_M": 6.0, "NIVELES": 2.0, "CUF_AV": null, "CUF_CAL": null, "RET_FRENTE": "SI", "RET_FONDO": "SI", "RET_LATERA": "SI", "PARC_SUP_M": "600", "PARC_ANC_M": 20.0, "INC_PRM": "No aplica", "COLOR_HEX": "#497441" }, "bbox": [ -58.098746245, -34.94225149, -58.0934883506, -34.9379422913 ], "geometry": { "type": "MultiPolygon", "coordinates": [ [ [ [ -58.0962489689, -34.9386947154 ], [ -58.0958001829, -34.939053124 ], [ -58.0953586014, -34.9393979457 ], [ -58.0952461214, -34.9394867537 ], [ -58.09440256, -34.9401529499 ], [ -58.0935590949, -34.9408191407 ], [ -58.0934883506, -34.9408738393 ], [ -58.0941596037, -34.9414442612 ], [ -58.0942525387, -34.9416131845 ], [ -58.0944775572, -34.9418070532 ], [ -58.0949931925, -34.94225149 ], [ -58.098746245, -34.9392802397 ], [ -58.0980328353, -34.9386699903 ], [ -58.0978641081, -34.9385237453 ], [ -58.0972021711, -34.9379422913 ], [ -58.097139429, -34.9379914797 ], [ -58.0962489689, -34.9386947154 ] ] ] ] } },
{ "type": "Feature", "properties": { "ZONA_COD": "AU-R6", "ZONA_DESC": "RESIDENCIAL 6", "AREA_TIPO": "Urbana", "DENOM": "Residencial 6", "FOS_MAX": "0.4", "FOT_RES": "0.8", "FOT_COM": null, "FOT_MIN": "NO", "DENS_RES": "150", "DENS_COM": null, "ALTURA_M": 9.0, "NIVELES": 3.0, "CUF_AV": "300", "CUF_CAL": "300", "RET_FRENTE": "SI", "RET_FONDO": "SI", "RET_LATERA": "SI", "PARC_SUP_M": "300", "PARC_ANC_M": 12.0, "INC_PRM": "CUF x 2.0 (por Multifamiliar en Bloque,Ver COT Art 287 Ordenanza 12692) (por Distrito de Interes Urbanistico Ver COT Art 16 , 244 y 286 Ord 12692)", "COLOR_HEX": "#D5EEF9" }, "bbox": [ -58.1304914095, -34.8892258956, -58.1204383155, -34.8833852584 ], "geometry": { "type": "MultiPolygon", "coordinates": [ [ [ [ -58.1289297133, -34.887277919 ], [ -58.1304914095, -34.886003247 ], [ -58.1274236115, -34.8833852584 ], [ -58.1239332545, -34.8860949274 ], [ -58.1237520339, -34.8862054163 ], [ -58.1204383155, -34.8887411916 ], [ -58.1210122961, -34.8892258956 ], [ -58.1221506813, -34.888943334 ], [ -58.124249913, -34.8872460318 ], [ -58.125026876, -34.8878884445 ], [ -58.1265862797, -34.8866007295 ], [ -58.1273698051, -34.8872462593 ], [ -58.1281447473, -34.8866168634 ], [ -58.1289291773, -34.8872780153 ], [ -58.1289297133, -34.887277919 ] ] ] ] } },
{ "type": "Feature", "properties": { "ZONA_COD": "AU-CLo5", "ZONA_DESC": "CENTRAL LOCALIDADES 5", "AREA_TIPO": "Urbana", "DENOM": "Central Loc. 5", "FOS_MAX": "0.6", "FOT_RES": "0.8", "FOT_COM": "1.2", "FOT_MIN": "NO", "DENS_RES": "150", "DENS_COM": "150", "ALTURA_M": 9.0, "NIVELES": 3.0, "CUF_AV": "200", "CUF_CAL": "200", "RET_FRENTE": "SI", "RET_FONDO": "SI", "RET_LATERA": "SI", "PARC_SUP_M": "300", "PARC_ANC_M": 12.0, "INC_PRM": "No aplica", "COLOR_HEX": "#A80000" }, "bbox": [ -58.1313856773, -34.887277919, -58.1289297133, -34.886003247 ], "geometry": { "type": "MultiPolygon", "coordinates": [ [ [ [ -58.1289297133, -34.887277919 ], [ -58.1313856773, -34.8867526997 ], [ -58.1304914095, -34.886003247 ], [ -58.1289297133, -34.887277919 ] ] ] ] } },
{ "type": "Feature", "properties": { "ZONA_COD": "AU-CLo5", "ZONA_DESC": "CENTRAL LOCALIDADES 5", "AREA_TIPO": "Urbana", "DENOM": "Central Loc. 5", "FOS_MAX": "0.6", "FOT_RES": "0.8", "FOT_COM": "1.2", "FOT_MIN": "NO", "DENS_RES": "150", "DENS_COM": "150", "ALTURA_M": 9.0, "NIVELES": 3.0, "CUF_AV": "200", "CUF_CAL": "200", "RET_FRENTE": "SI", "RET_FONDO": "SI", "RET_LATERA": "SI", "PARC_SUP_M": "300", "PARC_ANC_M": 12.0, "INC_PRM": "No aplica", "COLOR_HEX": "#A80000" }, "bbox": [ -58.1328299166, -34.8904430236, -58.1226389439, -34.8874808241 ], "geometry": { "type": "MultiPolygon", "coordinates": [ [ [ [ -58.1288973809, -34.8885603379 ], [ -58.1296613676, -34.8891961892 ], [ -58.1304410753, -34.8885693068 ], [ -58.1312319589, -34.88793196 ], [ -58.1320188072, -34.8885925975 ], [ -58.1328105416, -34.8879592103 ], [ -58.1328299166, -34.8879437105 ], [ -58.1322840326, -34.8874808241 ], [ -58.1274441718, -34.8886481936 ], [ -58.1262231704, -34.8889102659 ], [ -58.1250490119, -34.8892001345 ], [ -58.1238326177, -34.889499874 ], [ -58.1226389439, -34.8897638367 ], [ -58.1234322629, -34.8904274051 ], [ -58.1241975518, -34.8898081346 ], [ -58.124977809, -34.8904360503 ], [ -58.1257790869, -34.8898084962 ], [ -58.1265494678, -34.8904430236 ], [ -58.1288973809, -34.8885603379 ] ] ] ] } },
{ "type": "Feature", "properties": { "ZONA_COD": "AC-RU", "ZONA_DESC": "RESERVA URBANA", "AREA_TIPO": "Complem.", "DENOM": "Reserva Urbana", "FOS_MAX": "0.2", "FOT_RES": "0.3", "FOT_COM": null, "FOT_MIN": null, "DENS_RES": "1 vivienda por parcela", "DENS_COM": null, "ALTURA_M": 6.0, "NIVELES": 2.0, "CUF_AV": null, "CUF_CAL": null, "RET_FRENTE": "SI", "RET_FONDO": "SI", "RET_LATERA": "SI", "PARC_SUP_M": "4 Ha", "PARC_ANC_M": 0.0, "INC_PRM": "No aplica", "COLOR_HEX": "#DFDDA1" }, "bbox": [ -58.0945938764, -34.8993180102, -58.071536618, -34.8812724685 ], "geometry": { "type": "MultiPolygon", "coordinates": [ [ [ [ -58.0916461973, -34.8813828918 ], [ -58.0765568108, -34.8849566169 ], [ -58.0746453513, -34.8854112844 ], [ -58.0747060196, -34.8855856108 ], [ -58.0746381711, -34.88560979 ], [ -58.0727119492, -34.8860486375 ], [ -58.0735790719, -34.8886246646 ], [ -58.0735247735, -34.8886365653 ], [ -58.0716098327, -34.8890729362 ], [ -58.071536618, -34.8890895143 ], [ -58.0717499264, -34.8897202124 ], [ -58.0722130953, -34.8910730167 ], [ -58.0722222899, -34.8910994406 ], [ -58.0786900045, -34.889621501 ], [ -58.0789336309, -34.8903249112 ], [ -58.0790213139, -34.8905780694 ], [ -58.0801724704, -34.893901559 ], [ -58.0802278066, -34.8940613137 ], [ -58.080758099, -34.8955922215 ], [ -58.0783396314, -34.896135921 ], [ -58.0788483931, -34.8975411864 ], [ -58.0799133883, -34.897303429 ], [ -58.0806352192, -34.8993180102 ], [ -58.0853591871, -34.8982241918 ], [ -58.0945393028, -34.8959884214 ], [ -58.0945275478, -34.8959541591 ], [ -58.0945938764, -34.8959387114 ], [ -58.0945750824, -34.8958493988 ], [ -58.094478836, -34.8953801542 ], [ -58.0937426492, -34.8951120285 ], [ -58.0931761168, -34.8943377284 ], [ -58.093057989, -34.8939479613 ], [ -58.0930670146, -34.893511756 ], [ -58.0929049334, -34.8932411877 ], [ -58.0923480435, -34.8929116105 ], [ -58.0919910136, -34.8927479653 ], [ -58.0919252659, -34.8926383901 ], [ -58.0918304324, -34.8920568337 ], [ -58.0918155001, -34.8919363245 ], [ -58.0915638842, -34.8914323732 ], [ -58.0914302404, -34.8912425488 ], [ -58.091260666, -34.8909889841 ], [ -58.0912346037, -34.8904608176 ], [ -58.0911696798, -34.8903443266 ], [ -58.0905038218, -34.8896165143 ], [ -58.0903523229, -34.889550737 ], [ -58.0901202493, -34.8894064578 ], [ -58.0898599135, -34.8893479228 ], [ -58.0897915578, -34.889045389 ], [ -58.0898886432, -34.888733604 ], [ -58.0898563828, -34.8884610617 ], [ -58.0898251592, -34.8882329604 ], [ -58.0897610726, -34.8881654033 ], [ -58.0896919345, -34.88801523 ], [ -58.0896403188, -34.8875755506 ], [ -58.0895761765, -34.8872957031 ], [ -58.0896570651, -34.8869793405 ], [ -58.0897539752, -34.8867335459 ], [ -58.0898364025, -34.8864778255 ], [ -58.0897124607, -34.885857582 ], [ -58.0896912016, -34.8857590477 ], [ -58.0897150345, -34.8855557488 ], [ -58.0898150409, -34.8852396866 ], [ -58.0898441952, -34.8850607179 ], [ -58.0898328259, -34.8849162706 ], [ -58.0899263743, -34.8845613118 ], [ -58.0900865337, -34.8843795525 ], [ -58.0903189113, -34.8841286128 ], [ -58.0905732773, -34.8839446961 ], [ -58.0908718873, -34.883819666 ], [ -58.0912100864, -34.8832551769 ], [ -58.0914095461, -34.8827733723 ], [ -58.0920217992, -34.8822544032 ], [ -58.0921237661, -34.8819165477 ], [ -58.0921092007, -34.8815283688 ], [ -58.0920752738, -34.8812724685 ], [ -58.0916461973, -34.8813828918 ] ] ] ] } },
{ "type": "Feature", "properties": { "ZONA_COD": "AU-CLo3", "ZONA_DESC": "CENTRAL LOCALIDADES 3", "AREA_TIPO": "Urbana", "DENOM": "Central Loc. 3", "FOS_MAX": "0.4", "FOT_RES": "1.2", "FOT_COM": "1.8", "FOT_MIN": "NO", "DENS_RES": "300", "DENS_COM": "400", "ALTURA_M": 9.0, "NIVELES": 3.0, "CUF_AV": "100", "CUF_CAL": "200", "RET_FRENTE": "SI", "RET_FONDO": "SI", "RET_LATERA": "SI", "PARC_SUP_M": "375", "PARC_ANC_M": 15.0, "INC_PRM": "No aplica", "COLOR_HEX": "#A80000" }, "bbox": [ -58.0472160235, -34.9090882431, -58.0354157914, -34.9007186279 ], "geometry": { "type": "MultiPolygon", "coordinates": [ [ [ [ -58.0407101677, -34.9079664171 ], [ -58.0408127885, -34.9079431984 ], [ -58.0409116716, -34.9079207307 ], [ -58.0410214429, -34.9078958248 ], [ -58.0411240654, -34.9078725162 ], [ -58.0412325156, -34.9078479485 ], [ -58.0413390969, -34.9078238026 ], [ -58.0414407284, -34.9078007476 ], [ -58.0415493998, -34.9077760936 ], [ -58.0416565315, -34.9077517759 ], [ -58.0417579418, -34.9077288072 ], [ -58.0418637524, -34.9077048277 ], [ -58.0419708841, -34.90768051 ], [ -58.0421025431, -34.9076506382 ], [ -58.0426084657, -34.907532711 ], [ -58.0432053538, -34.9073892997 ], [ -58.0434681807, -34.9073271134 ], [ -58.0437308016, -34.907264382 ], [ -58.0439934226, -34.9072016498 ], [ -58.044256146, -34.9071391901 ], [ -58.0444662843, -34.9070890403 ], [ -58.0446763156, -34.9070387988 ], [ -58.0448864565, -34.9069885582 ], [ -58.0450965876, -34.9069386773 ], [ -58.0453656945, -34.9077089232 ], [ -58.0456693775, -34.9076363416 ], [ -58.0449219618, -34.9054764291 ], [ -58.0470224219, -34.9037846245 ], [ -58.0472160235, -34.9036288844 ], [ -58.0471885717, -34.9035553495 ], [ -58.046008305, -34.9038252199 ], [ -58.0454988634, -34.902330239 ], [ -58.0434386731, -34.9007186279 ], [ -58.041386171, -34.9012650523 ], [ -58.042079462, -34.9031172484 ], [ -58.0434827156, -34.9027957695 ], [ -58.0439278107, -34.9042354168 ], [ -58.0439530349, -34.9043186077 ], [ -58.0432414266, -34.9044908792 ], [ -58.0436070306, -34.9055179121 ], [ -58.0424967267, -34.9057709211 ], [ -58.0429014073, -34.9067805099 ], [ -58.0427590248, -34.9068114025 ], [ -58.0423147282, -34.9069119395 ], [ -58.0418704308, -34.9070124738 ], [ -58.0416473629, -34.907058806 ], [ -58.0402971298, -34.9073810358 ], [ -58.0354157914, -34.908508086 ], [ -58.0359657745, -34.9090882431 ], [ -58.036258306, -34.9090226781 ], [ -58.0363873209, -34.9089937622 ], [ -58.0364923518, -34.9089658994 ], [ -58.0365968809, -34.9089407327 ], [ -58.0367022914, -34.9089153098 ], [ -58.0367635811, -34.9089004386 ], [ -58.037024389, -34.9088453533 ], [ -58.0371011929, -34.9088267679 ], [ -58.0372148564, -34.9087993143 ], [ -58.0373311594, -34.9087712735 ], [ -58.0374389917, -34.908745168 ], [ -58.0375393417, -34.908720924 ], [ -58.0376492631, -34.9086944012 ], [ -58.0377534657, -34.9086691384 ], [ -58.0378552447, -34.9086445572 ], [ -58.0379680287, -34.9086172691 ], [ -58.0380848821, -34.9085890555 ], [ -58.0381561831, -34.9085718227 ], [ -58.0389378954, -34.9083809938 ], [ -58.0397196041, -34.9081901612 ], [ -58.0398497773, -34.908160203 ], [ -58.0399676344, -34.9081339617 ], [ -58.0400842126, -34.9081080846 ], [ -58.0401997998, -34.9080824629 ], [ -58.0403980895, -34.9080385275 ], [ -58.0405120408, -34.9080119939 ], [ -58.0406239353, -34.9079859342 ], [ -58.0407101677, -34.9079664171 ] ] ] ] } },
{ "type": "Feature", "properties": { "ZONA_COD": "AR-DR", "ZONA_DESC": "DISTRITO DEP. RECREAT.", "AREA_TIPO": "Rural", "DENOM": "Deportivo Recreativo", "FOS_MAX": null, "FOT_RES": null, "FOT_COM": null, "FOT_MIN": null, "DENS_RES": null, "DENS_COM": null, "ALTURA_M": 0.0, "NIVELES": 0.0, "CUF_AV": null, "CUF_CAL": null, "RET_FRENTE": null, "RET_FONDO": null, "RET_LATERA": null, "PARC_SUP_M": null, "PARC_ANC_M": 0.0, "INC_PRM": null, "COLOR_HEX": "#BDE697" }, "bbox": [ -58.024890378, -34.8897022422, -58.0114704273, -34.8750759247 ], "geometry": { "type": "MultiPolygon", "coordinates": [ [ [ [ -58.0227078403, -34.8800282421 ], [ -58.0220608752, -34.8790392019 ], [ -58.0247557387, -34.8778829031 ], [ -58.023142426, -34.875364242 ], [ -58.0229583563, -34.8750759247 ], [ -58.0203728369, -34.8762018336 ], [ -58.0202109536, -34.8762808472 ], [ -58.0167676194, -34.877800804 ], [ -58.0166365792, -34.8778521076 ], [ -58.0114704273, -34.8801364036 ], [ -58.0115118096, -34.8801868861 ], [ -58.011554906, -34.8802407618 ], [ -58.0115817715, -34.8802743479 ], [ -58.0116555411, -34.8803665689 ], [ -58.0117134151, -34.8804389193 ], [ -58.0117369819, -34.8804670159 ], [ -58.0117605495, -34.8804951135 ], [ -58.0118918451, -34.8806516486 ], [ -58.0119339559, -34.8806222281 ], [ -58.0121619376, -34.8809279536 ], [ -58.0122601949, -34.8810620838 ], [ -58.012358453, -34.8811962141 ], [ -58.0124202355, -34.8812827955 ], [ -58.0124443499, -34.8813165884 ], [ -58.012495265, -34.8813778835 ], [ -58.0125369918, -34.8814276367 ], [ -58.0125787185, -34.8814773899 ], [ -58.0126098639, -34.8815169223 ], [ -58.0126410101, -34.8815564538 ], [ -58.0128054007, -34.8816422095 ], [ -58.0128169678, -34.881633951 ], [ -58.0129203665, -34.8817613157 ], [ -58.0130237651, -34.8818886804 ], [ -58.0130410357, -34.8819111518 ], [ -58.0130964762, -34.8819778725 ], [ -58.0131727351, -34.8820696465 ], [ -58.0132072088, -34.8821095476 ], [ -58.0132416817, -34.8821494496 ], [ -58.013300786, -34.8822201696 ], [ -58.0134196665, -34.8823608991 ], [ -58.0135385479, -34.8825016295 ], [ -58.0136519236, -34.882648487 ], [ -58.0136682049, -34.8826687407 ], [ -58.0136821327, -34.8826860661 ], [ -58.0136972377, -34.8827048556 ], [ -58.0137123428, -34.8827236443 ], [ -58.0137429746, -34.882761861 ], [ -58.0137736064, -34.8828000777 ], [ -58.0138028056, -34.8828364678 ], [ -58.0138320056, -34.882872858 ], [ -58.0138616815, -34.8829098876 ], [ -58.0138913573, -34.8829469163 ], [ -58.0139529456, -34.8830235349 ], [ -58.0140109204, -34.8830957685 ], [ -58.0140759018, -34.8831767677 ], [ -58.0141389748, -34.8832553028 ], [ -58.0141967356, -34.883327352 ], [ -58.014259171, -34.883405155 ], [ -58.0143205444, -34.8834815893 ], [ -58.0143821308, -34.8835582979 ], [ -58.0144821193, -34.8837162017 ], [ -58.0148631629, -34.8841566303 ], [ -58.0152439395, -34.8845947108 ], [ -58.0152771568, -34.8847051107 ], [ -58.0154500317, -34.8849134557 ], [ -58.0156229075, -34.8851217998 ], [ -58.0158237746, -34.8853645772 ], [ -58.0160246427, -34.8856073537 ], [ -58.0161531334, -34.8857641991 ], [ -58.0160977225, -34.8858061371 ], [ -58.0179272511, -34.8880602033 ], [ -58.0188462656, -34.8891625833 ], [ -58.0192909444, -34.8897022422 ], [ -58.024890378, -34.8883232307 ], [ -58.0247997749, -34.8880242979 ], [ -58.0247411661, -34.8878313501 ], [ -58.0246443118, -34.8875848945 ], [ -58.0245674935, -34.8873535664 ], [ -58.0243174901, -34.8870467843 ], [ -58.0243581529, -34.8869648264 ], [ -58.0217617094, -34.8838764034 ], [ -58.021636031, -34.8837496116 ], [ -58.0212528793, -34.883295614 ], [ -58.0211630775, -34.8831625287 ], [ -58.0203821422, -34.8822569951 ], [ -58.0196469653, -34.8813702491 ], [ -58.0227078403, -34.8800282421 ] ] ] ] } },
{ "type": "Feature", "properties": { "ZONA_COD": "UE", "ZONA_DESC": "USO ESPECÍFICO", "AREA_TIPO": "General", "DENOM": "Usos Específicos", "FOS_MAX": null, "FOT_RES": null, "FOT_COM": null, "FOT_MIN": null, "DENS_RES": null, "DENS_COM": null, "ALTURA_M": 0.0, "NIVELES": 0.0, "CUF_AV": null, "CUF_CAL": null, "RET_FRENTE": null, "RET_FONDO": null, "RET_LATERA": null, "PARC_SUP_M": null, "PARC_ANC_M": 0.0, "INC_PRM": null, "COLOR_HEX": "#D4D4D4" }, "bbox": [ -58.0786228585, -34.8516818028, -58.0713012313, -34.8469677401 ], "geometry": { "type": "MultiPolygon", "coordinates": [ [ [ [ -58.0776491139, -34.8469677401 ], [ -58.0727317055, -34.8493277077 ], [ -58.0732333267, -34.8500331116 ], [ -58.0713493711, -34.8509230331 ], [ -58.0713012313, -34.8509449406 ], [ -58.0715670538, -34.851313864 ], [ -58.0716671717, -34.851452812 ], [ -58.0718273553, -34.8516751217 ], [ -58.0718678689, -34.8516818028 ], [ -58.0786110665, -34.8483963527 ], [ -58.0786228585, -34.8483594086 ], [ -58.078459332, -34.8481287684 ], [ -58.0776491139, -34.8469677401 ] ] ] ] } },
{ "type": "Feature", "properties": { "ZONA_COD": "AU-EV", "ZONA_DESC": "ESPACIO VERDE", "AREA_TIPO": "Urbana", "DENOM": "Espacio Verde", "FOS_MAX": null, "FOT_RES": null, "FOT_COM": null, "FOT_MIN": null, "DENS_RES": null, "DENS_COM": null, "ALTURA_M": 0.0, "NIVELES": 0.0, "CUF_AV": null, "CUF_CAL": null, "RET_FRENTE": null, "RET_FONDO": null, "RET_LATERA": null, "PARC_SUP_M": null, "PARC_ANC_M": 0.0, "INC_PRM": null, "COLOR_HEX": "#9AD66E" }, "bbox": [ -58.0883888717, -34.8515118444, -58.0859724483, -34.8501251078 ], "geometry": { "type": "MultiPolygon", "coordinates": [ [ [ [ -58.0863091149, -34.8515118444 ], [ -58.0883888717, -34.8509957675 ], [ -58.0883784306, -34.8509695244 ], [ -58.088269413, -34.8506877434 ], [ -58.0880467004, -34.8501251078 ], [ -58.0859724483, -34.8506475482 ], [ -58.0863091149, -34.8515118444 ] ] ] ] } },
{ "type": "Feature", "properties": { "ZONA_COD": "AU-CC3 Cent.", "ZONA_DESC": "CORREDOR DE CENTRALIDAD 3 (CENTENARIO)", "AREA_TIPO": "Urbana", "DENOM": "Corredor Central. 3 (Centenario)", "FOS_MAX": "0.6", "FOT_RES": "1.5", "FOT_COM": "2.0", "FOT_MIN": "NO", "DENS_RES": "400", "DENS_COM": "600", "ALTURA_M": 18.0, "NIVELES": 6.0, "CUF_AV": "100", "CUF_CAL": "100", "RET_FRENTE": "SI", "RET_FONDO": "SI", "RET_LATERA": "NO", "PARC_SUP_M": "375", "PARC_ANC_M": 15.0, "INC_PRM": "Art 289 COT Ord 12692 (Art. 47 del Dec.ley 8912/77 por mejora morfológica) - Receptor APU (Ver Titulo 9 Cap 1 y 2- COT Ord 12692)", "COLOR_HEX": "#CD6969" }, "bbox": [ -58.09448726, -34.8509695244, -58.088269413, -34.8491228448 ], "geometry": { "type": "MultiPolygon", "coordinates": [ [ [ [ -58.0883784306, -34.8509695244 ], [ -58.09448726, -34.8494110937 ], [ -58.0941480573, -34.8491228448 ], [ -58.0934824052, -34.8492892284 ], [ -58.0930327325, -34.849404294 ], [ -58.092575259, -34.8495209468 ], [ -58.0904489074, -34.8500711458 ], [ -58.0903635851, -34.8501916225 ], [ -58.090151775, -34.850245884 ], [ -58.0900847755, -34.8500654872 ], [ -58.0896704929, -34.8501692015 ], [ -58.0897040988, -34.8502647167 ], [ -58.0894334415, -34.8503344547 ], [ -58.0893157202, -34.8504234489 ], [ -58.0889486332, -34.8505170854 ], [ -58.0884022573, -34.8506531438 ], [ -58.088269413, -34.8506877434 ], [ -58.0883784306, -34.8509695244 ] ] ] ] } },
{ "type": "Feature", "properties": { "ZONA_COD": "AU-CLo3", "ZONA_DESC": "CENTRAL LOCALIDADES 3", "AREA_TIPO": "Urbana", "DENOM": "Central Loc. 3", "FOS_MAX": "0.4", "FOT_RES": "1.2", "FOT_COM": "1.8", "FOT_MIN": "NO", "DENS_RES": "300", "DENS_COM": "400", "ALTURA_M": 9.0, "NIVELES": 3.0, "CUF_AV": "100", "CUF_CAL": "200", "RET_FRENTE": "SI", "RET_FONDO": "SI", "RET_LATERA": "SI", "PARC_SUP_M": "375", "PARC_ANC_M": 15.0, "INC_PRM": "No aplica", "COLOR_HEX": "#A80000" }, "bbox": [ -58.0881277095, -34.8545805345, -58.074393507, -34.8492115207 ], "geometry": { "type": "MultiPolygon", "coordinates": [ [ [ [ -58.0765777102, -34.8545805345 ], [ -58.0790410387, -34.8533231069 ], [ -58.0863091149, -34.8515118444 ], [ -58.0859724483, -34.8506475482 ], [ -58.0880467004, -34.8501251078 ], [ -58.0881277095, -34.8501042156 ], [ -58.0877817826, -34.8492115207 ], [ -58.0792864862, -34.8513584497 ], [ -58.0785824672, -34.8495054209 ], [ -58.0767247853, -34.8503774576 ], [ -58.076223773, -34.850650829 ], [ -58.074393507, -34.8515707275 ], [ -58.0754245203, -34.852981878 ], [ -58.075407364, -34.8529900582 ], [ -58.0763251779, -34.8542397157 ], [ -58.0765777102, -34.8545805345 ] ] ] ] } },
{ "type": "Feature", "properties": { "ZONA_COD": "AU-EV", "ZONA_DESC": "ESPACIO VERDE", "AREA_TIPO": "Urbana", "DENOM": "Espacio Verde", "FOS_MAX": null, "FOT_RES": null, "FOT_COM": null, "FOT_MIN": null, "DENS_RES": null, "DENS_COM": null, "ALTURA_M": 0.0, "NIVELES": 0.0, "CUF_AV": null, "CUF_CAL": null, "RET_FRENTE": null, "RET_FONDO": null, "RET_LATERA": null, "PARC_SUP_M": null, "PARC_ANC_M": 0.0, "INC_PRM": null, "COLOR_HEX": "#9AD66E" }, "bbox": [ -58.0717858202, -34.8578307068, -58.0697931905, -34.8561974058 ], "geometry": { "type": "MultiPolygon", "coordinates": [ [ [ [ -58.0707946854, -34.8578307068 ], [ -58.0715154237, -34.8573802121 ], [ -58.0717858202, -34.8564877798 ], [ -58.0699732222, -34.8561974058 ], [ -58.0697931905, -34.8569621946 ], [ -58.070368494, -34.8574611241 ], [ -58.0707946854, -34.8578307068 ] ] ] ] } },
{ "type": "Feature", "properties": { "ZONA_COD": "AU-EV", "ZONA_DESC": "ESPACIO VERDE", "AREA_TIPO": "Urbana", "DENOM": "Espacio Verde", "FOS_MAX": null, "FOT_RES": null, "FOT_COM": null, "FOT_MIN": null, "DENS_RES": null, "DENS_COM": null, "ALTURA_M": 0.0, "NIVELES": 0.0, "CUF_AV": null, "CUF_CAL": null, "RET_FRENTE": null, "RET_FONDO": null, "RET_LATERA": null, "PARC_SUP_M": null, "PARC_ANC_M": 0.0, "INC_PRM": null, "COLOR_HEX": "#9AD66E" }, "bbox": [ -58.0483221851, -34.8678783347, -58.0468107422, -34.8666067446 ], "geometry": { "type": "MultiPolygon", "coordinates": [ [ [ [ -58.047892284, -34.8666645908 ], [ -58.0477338945, -34.8666182595 ], [ -58.047581427, -34.8666067446 ], [ -58.0474266645, -34.8666220475 ], [ -58.0472965056, -34.8666500614 ], [ -58.0471507624, -34.8667051907 ], [ -58.047040948, -34.866785528 ], [ -58.0469408966, -34.8668742327 ], [ -58.046865448, -34.8669756483 ], [ -58.0468316838, -34.8670695222 ], [ -58.0468107422, -34.8671827604 ], [ -58.0468113762, -34.8672963448 ], [ -58.0468304922, -34.8674006481 ], [ -58.046875935, -34.867514952 ], [ -58.0469528459, -34.8676324987 ], [ -58.0470668188, -34.867727379 ], [ -58.0472158697, -34.8678132436 ], [ -58.0473642974, -34.8678553112 ], [ -58.0475198154, -34.8678783347 ], [ -58.0476843113, -34.8678727661 ], [ -58.0478262513, -34.8678380999 ], [ -58.04793542, -34.8677851191 ], [ -58.0480534362, -34.8677090176 ], [ -58.0481585948, -34.8676149206 ], [ -58.0482442589, -34.8675027212 ], [ -58.0482988432, -34.8673708671 ], [ -58.0483221851, -34.8672261949 ], [ -58.0483175257, -34.8671242235 ], [ -58.0482955922, -34.8670342823 ], [ -58.0482586246, -34.8669651847 ], [ -58.0481635222, -34.8668446099 ], [ -58.0480316816, -34.8667330238 ], [ -58.047892284, -34.8666645908 ] ] ] ] } },
{ "type": "Feature", "properties": { "ZONA_COD": "AR-DR", "ZONA_DESC": "DISTRITO DEP. RECREAT.", "AREA_TIPO": "Rural", "DENOM": "Deportivo Recreativo", "FOS_MAX": null, "FOT_RES": null, "FOT_COM": null, "FOT_MIN": null, "DENS_RES": null, "DENS_COM": null, "ALTURA_M": 0.0, "NIVELES": 0.0, "CUF_AV": null, "CUF_CAL": null, "RET_FRENTE": null, "RET_FONDO": null, "RET_LATERA": null, "PARC_SUP_M": null, "PARC_ANC_M": 0.0, "INC_PRM": null, "COLOR_HEX": "#BDE697" }, "bbox": [ -58.1085258507, -34.9208945753, -58.0974504137, -34.9092099034 ], "geometry": { "type": "MultiPolygon", "coordinates": [ [ [ [ -58.1085258507, -34.9166857131 ], [ -58.1084712007, -34.9166083444 ], [ -58.1071908053, -34.9147528766 ], [ -58.1067357187, -34.9144217948 ], [ -58.1059381037, -34.913375386 ], [ -58.1054893896, -34.9131817457 ], [ -58.1046134428, -34.9131499673 ], [ -58.104361682, -34.9130316741 ], [ -58.1041710141, -34.9126165686 ], [ -58.1035954893, -34.9121430944 ], [ -58.1034053439, -34.9119100441 ], [ -58.1032660857, -34.9114719475 ], [ -58.1031308348, -34.9112210978 ], [ -58.103142231, -34.9107257818 ], [ -58.1028299118, -34.9102254116 ], [ -58.1029608513, -34.90956046 ], [ -58.1027872353, -34.9092987366 ], [ -58.1024831746, -34.9092099034 ], [ -58.1009468546, -34.9094803296 ], [ -58.0998939068, -34.9097198793 ], [ -58.0974504137, -34.9103007829 ], [ -58.0974903094, -34.9104188674 ], [ -58.0987709188, -34.9142686718 ], [ -58.098762548, -34.9144702197 ], [ -58.0995482811, -34.9168018129 ], [ -58.0997349129, -34.9173913391 ], [ -58.1005622182, -34.9183676854 ], [ -58.100662373, -34.918498847 ], [ -58.1026519746, -34.9208267979 ], [ -58.1028072965, -34.9208945753 ], [ -58.1028512824, -34.9208075785 ], [ -58.1085258507, -34.9166857131 ] ] ] ] } },
{ "type": "Feature", "properties": { "ZONA_COD": "AU-EV", "ZONA_DESC": "ESPACIO VERDE", "AREA_TIPO": "Urbana", "DENOM": "Espacio Verde", "FOS_MAX": null, "FOT_RES": null, "FOT_COM": null, "FOT_MIN": null, "DENS_RES": null, "DENS_COM": null, "ALTURA_M": 0.0, "NIVELES": 0.0, "CUF_AV": null, "CUF_CAL": null, "RET_FRENTE": null, "RET_FONDO": null, "RET_LATERA": null, "PARC_SUP_M": null, "PARC_ANC_M": 0.0, "INC_PRM": null, "COLOR_HEX": "#9AD66E" }, "bbox": [ -58.1312055071, -34.8898469692, -58.1296515146, -34.8885693068 ], "geometry": { "type": "MultiPolygon", "coordinates": [ [ [ [ -58.1296515146, -34.889204194 ], [ -58.1304268156, -34.8898469692 ], [ -58.1312055071, -34.8892173763 ], [ -58.1304410753, -34.8885693068 ], [ -58.1296613676, -34.8891961892 ], [ -58.1296515146, -34.889204194 ] ] ] ] } },
{ "type": "Feature", "properties": { "ZONA_COD": "AU-R6", "ZONA_DESC": "RESIDENCIAL 6", "AREA_TIPO": "Urbana", "DENOM": "Residencial 6", "FOS_MAX": "0.4", "FOT_RES": "0.8", "FOT_COM": null, "FOT_MIN": "NO", "DENS_RES": "150", "DENS_COM": null, "ALTURA_M": 9.0, "NIVELES": 3.0, "CUF_AV": "300", "CUF_CAL": "300", "RET_FRENTE": "SI", "RET_FONDO": "SI", "RET_LATERA": "SI", "PARC_SUP_M": "300", "PARC_ANC_M": 12.0, "INC_PRM": "CUF x 2.0 (por Multifamiliar en Bloque,Ver COT Art 287 Ordenanza 12692) (por Distrito de Interes Urbanistico Ver COT Art 16 , 244 y 286 Ord 12692)", "COLOR_HEX": "#D5EEF9" }, "bbox": [ -58.089934327, -34.8481287684, -58.0772879516, -34.8412871076 ], "geometry": { "type": "MultiPolygon", "coordinates": [ [ [ [ -58.0776491139, -34.8469677401 ], [ -58.078459332, -34.8481287684 ], [ -58.0799662675, -34.8473959262 ], [ -58.0808676733, -34.8470825484 ], [ -58.0821851279, -34.846678224 ], [ -58.0825944508, -34.8465715761 ], [ -58.0838745233, -34.8462485459 ], [ -58.0845774946, -34.8461270178 ], [ -58.0853537633, -34.8460066409 ], [ -58.0873837472, -34.8457811818 ], [ -58.089934327, -34.8456715706 ], [ -58.0892230892, -34.8450580054 ], [ -58.0887746099, -34.8446897771 ], [ -58.0881276034, -34.8441428022 ], [ -58.0870684242, -34.8432608587 ], [ -58.0869130384, -34.8431266808 ], [ -58.0868943028, -34.843142489 ], [ -58.0864245932, -34.8427629221 ], [ -58.0859548872, -34.8423833542 ], [ -58.0857035375, -34.8421878542 ], [ -58.0854521887, -34.8419923533 ], [ -58.084611622, -34.8412871076 ], [ -58.0821346418, -34.8430557917 ], [ -58.0773331245, -34.8464017553 ], [ -58.0772879516, -34.8464333197 ], [ -58.0776491139, -34.8469677401 ] ] ] ] } },
{ "type": "Feature", "properties": { "ZONA_COD": "AU-EV", "ZONA_DESC": "ESPACIO VERDE", "AREA_TIPO": "Urbana", "DENOM": "Espacio Verde", "FOS_MAX": null, "FOT_RES": null, "FOT_COM": null, "FOT_MIN": null, "DENS_RES": null, "DENS_COM": null, "ALTURA_M": 0.0, "NIVELES": 0.0, "CUF_AV": null, "CUF_CAL": null, "RET_FRENTE": null, "RET_FONDO": null, "RET_LATERA": null, "PARC_SUP_M": null, "PARC_ANC_M": 0.0, "INC_PRM": null, "COLOR_HEX": "#9AD66E" }, "bbox": [ -58.06021899, -34.8694068818, -58.059124668, -34.8682589179 ], "geometry": { "type": "MultiPolygon", "coordinates": [ [ [ [ -58.059124668, -34.8684341184 ], [ -58.0594787562, -34.8694068818 ], [ -58.06021899, -34.8692341275 ], [ -58.0598684981, -34.8682589179 ], [ -58.059124668, -34.8684341184 ] ] ] ] } },
{ "type": "Feature", "properties": { "ZONA_COD": "AU-EV", "ZONA_DESC": "ESPACIO VERDE", "AREA_TIPO": "Urbana", "DENOM": "Espacio Verde", "FOS_MAX": null, "FOT_RES": null, "FOT_COM": null, "FOT_MIN": null, "DENS_RES": null, "DENS_COM": null, "ALTURA_M": 0.0, "NIVELES": 0.0, "CUF_AV": null, "CUF_CAL": null, "RET_FRENTE": null, "RET_FONDO": null, "RET_LATERA": null, "PARC_SUP_M": null, "PARC_ANC_M": 0.0, "INC_PRM": null, "COLOR_HEX": "#9AD66E" }, "bbox": [ -58.0534765064, -34.8689290792, -58.0519756629, -34.867686521 ], "geometry": { "type": "MultiPolygon", "coordinates": [ [ [ [ -58.0531744188, -34.8678161556 ], [ -58.0531275596, -34.8677836694 ], [ -58.0530393091, -34.8677446739 ], [ -58.0529578341, -34.8677191493 ], [ -58.052853957, -34.867698277 ], [ -58.0527376684, -34.8676880625 ], [ -58.0526414418, -34.867686521 ], [ -58.0525460112, -34.8676941787 ], [ -58.0524440506, -34.8677209408 ], [ -58.0523304554, -34.8677683944 ], [ -58.0522501288, -34.8678230624 ], [ -58.052183088, -34.8678729325 ], [ -58.0521218495, -34.8679345882 ], [ -58.0520686349, -34.8679997126 ], [ -58.0520284891, -34.8680692221 ], [ -58.0519972638, -34.8681472266 ], [ -58.051982362, -34.8682204809 ], [ -58.0519756629, -34.8682896918 ], [ -58.051981138, -34.8683582615 ], [ -58.0519945991, -34.8684319709 ], [ -58.0520336278, -34.868538661 ], [ -58.0520645834, -34.8686009589 ], [ -58.052103623, -34.8686642208 ], [ -58.052162007, -34.8687236174 ], [ -58.0522356444, -34.8687807531 ], [ -58.0523465622, -34.8688468371 ], [ -58.0524438914, -34.8688876483 ], [ -58.052552677, -34.8689152818 ], [ -58.0526840814, -34.8689290792 ], [ -58.0528037254, -34.8689259846 ], [ -58.0529215987, -34.8689120047 ], [ -58.0530427868, -34.8688863857 ], [ -58.0531480237, -34.8688496547 ], [ -58.0532221943, -34.8687982279 ], [ -58.0532988247, -34.8687284665 ], [ -58.0533518415, -34.8686716905 ], [ -58.0533959587, -34.8686055841 ], [ -58.0534331825, -34.8685310168 ], [ -58.0534580739, -34.8684637673 ], [ -58.0534704954, -34.8684096812 ], [ -58.053476082, -34.8683446287 ], [ -58.0534765064, -34.8682836691 ], [ -58.05347099, -34.8682167685 ], [ -58.0534546466, -34.8681363322 ], [ -58.0534259915, -34.8680623801 ], [ -58.0533829581, -34.8679965488 ], [ -58.0533235219, -34.867938806 ], [ -58.0532441018, -34.867869051 ], [ -58.0531744188, -34.8678161556 ] ] ] ] } },
{ "type": "Feature", "properties": { "ZONA_COD": "AU-EV", "ZONA_DESC": "ESPACIO VERDE", "AREA_TIPO": "Urbana", "DENOM": "Espacio Verde", "FOS_MAX": null, "FOT_RES": null, "FOT_COM": null, "FOT_MIN": null, "DENS_RES": null, "DENS_COM": null, "ALTURA_M": 0.0, "NIVELES": 0.0, "CUF_AV": null, "CUF_CAL": null, "RET_FRENTE": null, "RET_FONDO": null, "RET_LATERA": null, "PARC_SUP_M": null, "PARC_ANC_M": 0.0, "INC_PRM": null, "COLOR_HEX": "#9AD66E" }, "bbox": [ -58.0624309472, -34.8735810599, -58.0607077221, -34.8726921475 ], "geometry": { "type": "MultiPolygon", "coordinates": [ [ [ [ -58.0622384339, -34.8726921475 ], [ -58.0607077221, -34.8730602571 ], [ -58.0608961354, -34.8735810599 ], [ -58.0624309472, -34.8732113423 ], [ -58.0622384339, -34.8726921475 ] ] ] ] } },
{ "type": "Feature", "properties": { "ZONA_COD": "AU-CC3 Cent.", "ZONA_DESC": "CORREDOR DE CENTRALIDAD 3 (CENTENARIO)", "AREA_TIPO": "Urbana", "DENOM": "Corredor Central. 3 (Centenario)", "FOS_MAX": "0.6", "FOT_RES": "1.5", "FOT_COM": "2.0", "FOT_MIN": "NO", "DENS_RES": "400", "DENS_COM": "600", "ALTURA_M": 18.0, "NIVELES": 6.0, "CUF_AV": "100", "CUF_CAL": "100", "RET_FRENTE": "SI", "RET_FONDO": "SI", "RET_LATERA": "NO", "PARC_SUP_M": "375", "PARC_ANC_M": 15.0, "INC_PRM": "Art 289 COT Ord 12692 (Art. 47 del Dec.ley 8912/77 por mejora morfológica) - Receptor APU (Ver Titulo 9 Cap 1 y 2- COT Ord 12692)", "COLOR_HEX": "#CD6969" }, "bbox": [ -58.0627181421, -34.8643603766, -58.0467404044, -34.8619582946 ], "geometry": { "type": "MultiPolygon", "coordinates": [ [ [ [ -58.0625949692, -34.8619683913 ], [ -58.0600023595, -34.8620744115 ], [ -58.0597883182, -34.8619582946 ], [ -58.0568678274, -34.8621141912 ], [ -58.0517886336, -34.8633959194 ], [ -58.0495414895, -34.8637697037 ], [ -58.0486692713, -34.8638400235 ], [ -58.0485372409, -34.8639265464 ], [ -58.0467404044, -34.8640276949 ], [ -58.0469766815, -34.8643574646 ], [ -58.0470831217, -34.864360141 ], [ -58.0472668154, -34.8642629666 ], [ -58.0474736811, -34.8643603766 ], [ -58.0478976494, -34.8643396086 ], [ -58.0482395149, -34.8641702608 ], [ -58.0484173055, -34.8641933033 ], [ -58.0486078826, -34.864077762 ], [ -58.0489023117, -34.8641251158 ], [ -58.0489290548, -34.864330663 ], [ -58.0491400349, -34.864230859 ], [ -58.0493513243, -34.8641271851 ], [ -58.0495529793, -34.8640286725 ], [ -58.0497858021, -34.863999333 ], [ -58.0499357424, -34.8639283792 ], [ -58.0502490123, -34.8640391181 ], [ -58.050271498, -34.8641333859 ], [ -58.0515876343, -34.8637995873 ], [ -58.0518620057, -34.8636682611 ], [ -58.0519641219, -34.8636686379 ], [ -58.0520666725, -34.8636690174 ], [ -58.0523056629, -34.8635542459 ], [ -58.05234133, -34.8636553036 ], [ -58.0524440515, -34.8636067511 ], [ -58.0524755241, -34.8636955753 ], [ -58.0525323343, -34.8636651233 ], [ -58.0525653088, -34.863657811 ], [ -58.052536473, -34.863573084 ], [ -58.0526494521, -34.8635485784 ], [ -58.0526159236, -34.8634588207 ], [ -58.0528444332, -34.8634129139 ], [ -58.0529979628, -34.8633426444 ], [ -58.0532305491, -34.863286078 ], [ -58.0532629498, -34.8633726629 ], [ -58.0533633618, -34.8633478659 ], [ -58.0533949568, -34.8634315541 ], [ -58.0534994167, -34.8634066411 ], [ -58.0534689944, -34.8633242326 ], [ -58.0535833585, -34.8632965938 ], [ -58.0535498839, -34.8632091806 ], [ -58.0537584898, -34.8631587169 ], [ -58.0539267295, -34.8631972798 ], [ -58.0542632891, -34.8631178616 ], [ -58.0542965712, -34.8632041911 ], [ -58.0549281165, -34.8630602789 ], [ -58.0550749551, -34.8630093665 ], [ -58.0561222642, -34.8627514256 ], [ -58.0562769125, -34.8626938771 ], [ -58.0570161823, -34.8625159876 ], [ -58.0573510151, -34.8625004311 ], [ -58.0575368465, -34.8624930369 ], [ -58.0586491505, -34.8624417711 ], [ -58.0588168588, -34.8624331843 ], [ -58.0596780505, -34.8623709603 ], [ -58.0596224256, -34.862206861 ], [ -58.0598405697, -34.862192318 ], [ -58.0600980546, -34.8624253387 ], [ -58.0626548406, -34.862308309 ], [ -58.0627181421, -34.8623049482 ], [ -58.0625949692, -34.8619683913 ] ] ] ] } },
{ "type": "Feature", "properties": { "ZONA_COD": "AC-EV", "ZONA_DESC": "ESPACIO VERDE", "AREA_TIPO": "Complem.", "DENOM": "Espacio Verde", "FOS_MAX": null, "FOT_RES": null, "FOT_COM": null, "FOT_MIN": null, "DENS_RES": null, "DENS_COM": null, "ALTURA_M": 0.0, "NIVELES": 0.0, "CUF_AV": null, "CUF_CAL": null, "RET_FRENTE": null, "RET_FONDO": null, "RET_LATERA": null, "PARC_SUP_M": null, "PARC_ANC_M": 0.0, "INC_PRM": null, "COLOR_HEX": "#9AD66E" }, "bbox": [ -58.0928460233, -34.8868694677, -58.0914579072, -34.8851624204 ], "geometry": { "type": "MultiPolygon", "coordinates": [ [ [ [ -58.0914579072, -34.8853931361 ], [ -58.0920829261, -34.8868694677 ], [ -58.0928460233, -34.8866477191 ], [ -58.0922242033, -34.8851624204 ], [ -58.0914579072, -34.8853931361 ] ] ] ] } },
{ "type": "Feature", "properties": { "ZONA_COD": "AR-P", "ZONA_DESC": "PERIURBANO", "AREA_TIPO": "Rural", "DENOM": "Periurbano", "FOS_MAX": null, "FOT_RES": null, "FOT_COM": null, "FOT_MIN": null, "DENS_RES": null, "DENS_COM": null, "ALTURA_M": 0.0, "NIVELES": 0.0, "CUF_AV": null, "CUF_CAL": null, "RET_FRENTE": "SI", "RET_FONDO": "SI", "RET_LATERA": "SI", "PARC_SUP_M": "4 Ha", "PARC_ANC_M": 0.0, "INC_PRM": "No aplica", "COLOR_HEX": "#83AE7E" }, "bbox": [ -58.1477542361, -34.8912964236, -58.1161941746, -34.8646203715 ], "geometry": { "type": "MultiPolygon", "coordinates": [ [ [ [ -58.1198651901, -34.8646203715 ], [ -58.1191150881, -34.8651777165 ], [ -58.1189873592, -34.865274426 ], [ -58.1185015391, -34.8656490305 ], [ -58.1183275788, -34.8657831446 ], [ -58.1180616195, -34.8659861315 ], [ -58.1176662029, -34.8662894926 ], [ -58.1175543803, -34.8663741889 ], [ -58.1169374958, -34.8668519313 ], [ -58.1162398611, -34.8673843857 ], [ -58.1161941746, -34.8674207462 ], [ -58.116958816, -34.8680608656 ], [ -58.1248499847, -34.8745965114 ], [ -58.1315972977, -34.8801464661 ], [ -58.1317118983, -34.8802433536 ], [ -58.1319236428, -34.8804175649 ], [ -58.1322409245, -34.8806786039 ], [ -58.1323079222, -34.8807337252 ], [ -58.1326889928, -34.8810472414 ], [ -58.1332253799, -34.8814885352 ], [ -58.1332397934, -34.8815003936 ], [ -58.1332589094, -34.8815161201 ], [ -58.133294313, -34.8815452473 ], [ -58.1336438759, -34.8818328334 ], [ -58.1338536778, -34.8820054367 ], [ -58.1343711504, -34.8824311551 ], [ -58.1346836936, -34.8826882766 ], [ -58.1348766036, -34.8828469782 ], [ -58.1358943385, -34.8836842236 ], [ -58.1362680625, -34.8839916641 ], [ -58.1372381666, -34.8847896937 ], [ -58.1377285265, -34.8851930666 ], [ -58.1385423814, -34.8858625363 ], [ -58.1387057918, -34.8859969535 ], [ -58.1392273159, -34.8864259436 ], [ -58.1393461307, -34.8865236765 ], [ -58.1408517991, -34.8877824126 ], [ -58.1449789831, -34.8912964236 ], [ -58.1451257614, -34.8911853016 ], [ -58.1453017111, -34.8910520922 ], [ -58.146109653, -34.8904404057 ], [ -58.1465136744, -34.8901345607 ], [ -58.1469176921, -34.8898287147 ], [ -58.1476246959, -34.8892910883 ], [ -58.1465817126, -34.8883376334 ], [ -58.1477542361, -34.8873961448 ], [ -58.1464818456, -34.8863757425 ], [ -58.1454132837, -34.8854849713 ], [ -58.1452761335, -34.8853778845 ], [ -58.1441802322, -34.8844881267 ], [ -58.1439852916, -34.8843295969 ], [ -58.1428191668, -34.8833734162 ], [ -58.1422822481, -34.882932617 ], [ -58.1417750413, -34.8825228221 ], [ -58.1416574378, -34.8824272053 ], [ -58.1407590259, -34.8817022096 ], [ -58.1387494422, -34.8800575177 ], [ -58.137535576, -34.8790656788 ], [ -58.1363541618, -34.878110285 ], [ -58.1351837068, -34.8771550476 ], [ -58.1339919315, -34.8761814469 ], [ -58.132663908, -34.8751022802 ], [ -58.1318246553, -34.874408501 ], [ -58.1301441111, -34.8730017877 ], [ -58.1291223706, -34.8721689157 ], [ -58.1284380792, -34.87160277 ], [ -58.1279268892, -34.8711817721 ], [ -58.1276349999, -34.8709323209 ], [ -58.1269025146, -34.8703464989 ], [ -58.1261025101, -34.8696910469 ], [ -58.1253518406, -34.8690738431 ], [ -58.1246963679, -34.8685361492 ], [ -58.1234746794, -34.8675327873 ], [ -58.1220744431, -34.8664628477 ], [ -58.1212897019, -34.8658078714 ], [ -58.1205751419, -34.865211835 ], [ -58.1198651901, -34.8646203715 ] ] ] ] } },
{ "type": "Feature", "properties": { "ZONA_COD": "AC-EV", "ZONA_DESC": "ESPACIO VERDE", "AREA_TIPO": "Complem.", "DENOM": "Espacio Verde", "FOS_MAX": null, "FOT_RES": null, "FOT_COM": null, "FOT_MIN": null, "DENS_RES": null, "DENS_COM": null, "ALTURA_M": 0.0, "NIVELES": 0.0, "CUF_AV": null, "CUF_CAL": null, "RET_FRENTE": null, "RET_FONDO": null, "RET_LATERA": null, "PARC_SUP_M": null, "PARC_ANC_M": 0.0, "INC_PRM": null, "COLOR_HEX": "#9AD66E" }, "bbox": [ -58.0948120196, -34.8818565503, -58.0928785482, -34.8807571966 ], "geometry": { "type": "MultiPolygon", "coordinates": [ [ [ [ -58.0948120196, -34.8812451966 ], [ -58.0944036464, -34.8807571966 ], [ -58.0928785482, -34.8816276693 ], [ -58.0937345166, -34.8818565503 ], [ -58.0948120196, -34.8812451966 ] ] ] ] } },
{ "type": "Feature", "properties": { "ZONA_COD": "AU-CC4", "ZONA_DESC": "CORREDOR CENTRALIDAD 4", "AREA_TIPO": "Urbana", "DENOM": "Corredor Central. 4", "FOS_MAX": "0.6", "FOT_RES": "1.2", "FOT_COM": null, "FOT_MIN": "NO", "DENS_RES": "300", "DENS_COM": null, "ALTURA_M": 12.0, "NIVELES": 4.0, "CUF_AV": "50", "CUF_CAL": "60", "RET_FRENTE": "NO", "RET_FONDO": "SI", "RET_LATERA": "NO", "PARC_SUP_M": "375", "PARC_ANC_M": 15.0, "INC_PRM": "Art 289 COT Ord 12692 (Art. 47 del Dec.ley 8912/77 por mejora morfológica)", "COLOR_HEX": "#C69C9C" }, "bbox": [ -58.01372992, -34.9240614893, -58.0071424337, -34.9188061877 ], "geometry": { "type": "MultiPolygon", "coordinates": [ [ [ [ -58.0071424337, -34.9221458947 ], [ -58.0092440189, -34.9240614893 ], [ -58.01372992, -34.9207479903 ], [ -58.0116385502, -34.9188061877 ], [ -58.0071424337, -34.9221458947 ] ] ] ] } },
{ "type": "Feature", "properties": { "ZONA_COD": "AU-R3", "ZONA_DESC": "RESIDENCIAL 3", "AREA_TIPO": "Urbana", "DENOM": "Residencial 3", "FOS_MAX": "0.6", "FOT_RES": "1.2", "FOT_COM": null, "FOT_MIN": "NO", "DENS_RES": "300", "DENS_COM": null, "ALTURA_M": 9.0, "NIVELES": 3.0, "CUF_AV": "80", "CUF_CAL": "100", "RET_FRENTE": "NO", "RET_FONDO": "SI", "RET_LATERA": "SI", "PARC_SUP_M": "375", "PARC_ANC_M": 15.0, "INC_PRM": "CUF x 2.0 (por Distrito de interes urbanistico Ver COT Art 16 , 244 y 286 Ord 12692)", "COLOR_HEX": "#5290CE" }, "bbox": [ -58.0116385502, -34.9221458947, -58.0026209401, -34.914799341 ], "geometry": { "type": "MultiPolygon", "coordinates": [ [ [ [ -58.0026209401, -34.9180568213 ], [ -58.0030593929, -34.9184605674 ], [ -58.0032258088, -34.9186140745 ], [ -58.0036126441, -34.918995334 ], [ -58.0039783067, -34.9193293817 ], [ -58.0040047188, -34.9194873279 ], [ -58.0043426886, -34.9197967684 ], [ -58.0048582168, -34.9202880033 ], [ -58.0051033073, -34.9203818143 ], [ -58.0059705208, -34.9211709658 ], [ -58.006177596, -34.9212765812 ], [ -58.0071424337, -34.9221458947 ], [ -58.0116385502, -34.9188061877 ], [ -58.0106781084, -34.9179526996 ], [ -58.0105551459, -34.9178597124 ], [ -58.0089590138, -34.9164167744 ], [ -58.0081254538, -34.9157003484 ], [ -58.0071320411, -34.914799341 ], [ -58.0071320411, -34.914799341 ], [ -58.0071320411, -34.914799341 ], [ -58.0060788837, -34.9155729576 ], [ -58.005957085, -34.9155581233 ], [ -58.0036616653, -34.9172790246 ], [ -58.0026209401, -34.9180568213 ] ] ] ] } },
{ "type": "Feature", "properties": { "ZONA_COD": "AU-EV", "ZONA_DESC": "ESPACIO VERDE", "AREA_TIPO": "Urbana", "DENOM": "Espacio Verde", "FOS_MAX": null, "FOT_RES": null, "FOT_COM": null, "FOT_MIN": null, "DENS_RES": null, "DENS_COM": null, "ALTURA_M": 0.0, "NIVELES": 0.0, "CUF_AV": null, "CUF_CAL": null, "RET_FRENTE": null, "RET_FONDO": null, "RET_LATERA": null, "PARC_SUP_M": null, "PARC_ANC_M": 0.0, "INC_PRM": null, "COLOR_HEX": "#9AD66E" }, "bbox": [ -57.9918193943, -34.9647360134, -57.990716786, -34.9637868356 ], "geometry": { "type": "MultiPolygon", "coordinates": [ [ [ [ -57.9907848332, -34.9637868356 ], [ -57.990716786, -34.9643165237 ], [ -57.9911527413, -34.9647112802 ], [ -57.991808205, -34.9647360134 ], [ -57.9918193943, -34.9641724118 ], [ -57.9917995733, -34.9641554317 ], [ -57.9914187626, -34.9638128647 ], [ -57.9907848332, -34.9637868356 ] ] ] ] } },
{ "type": "Feature", "properties": { "ZONA_COD": "AU-CLo1", "ZONA_DESC": "CENTRAL LOCALIDADES 1", "AREA_TIPO": "Urbana", "DENOM": "Central Loc. 1", "FOS_MAX": "0.6", "FOT_RES": "2.0", "FOT_COM": "2.5", "FOT_MIN": "NO", "DENS_RES": "600", "DENS_COM": "1000", "ALTURA_M": 18.0, "NIVELES": 6.0, "CUF_AV": "40", "CUF_CAL": "50", "RET_FRENTE": "NO", "RET_FONDO": "SI", "RET_LATERA": "NO", "PARC_SUP_M": "600", "PARC_ANC_M": 20.0, "INC_PRM": "No aplica", "COLOR_HEX": "#A80000" }, "bbox": [ -57.9727280715, -34.9596556109, -57.9592863555, -34.9493071355 ], "geometry": { "type": "MultiPolygon", "coordinates": [ [ [ [ -57.9727280715, -34.9512337504 ], [ -57.9706208826, -34.9493071355 ], [ -57.9661452986, -34.9526360516 ], [ -57.96379738, -34.9543822427 ], [ -57.9592863555, -34.95773683 ], [ -57.9613954698, -34.9596556109 ], [ -57.9659054889, -34.9563039564 ], [ -57.9682669333, -34.9545705896 ], [ -57.9694471891, -34.9536870911 ], [ -57.9694798939, -34.9536625675 ], [ -57.9696044725, -34.9535691522 ], [ -57.9697617549, -34.9534512124 ], [ -57.9727280715, -34.9512337504 ] ] ] ] } },
{ "type": "Feature", "properties": { "ZONA_COD": "AU-R3", "ZONA_DESC": "RESIDENCIAL 3", "AREA_TIPO": "Urbana", "DENOM": "Residencial 3", "FOS_MAX": "0.6", "FOT_RES": "1.2", "FOT_COM": null, "FOT_MIN": "NO", "DENS_RES": "300", "DENS_COM": null, "ALTURA_M": 9.0, "NIVELES": 3.0, "CUF_AV": "80", "CUF_CAL": "100", "RET_FRENTE": "NO", "RET_FONDO": "SI", "RET_LATERA": "SI", "PARC_SUP_M": "375", "PARC_ANC_M": 15.0, "INC_PRM": "CUF x 2.0 (por Distrito de interes urbanistico Ver COT Art 16 , 244 y 286 Ord 12692)", "COLOR_HEX": "#5290CE" }, "bbox": [ -57.96379738, -34.95773683, -57.95527321, -34.9505773668 ], "geometry": { "type": "MultiPolygon", "coordinates": [ [ [ [ -57.9563464492, -34.953210686 ], [ -57.95527321, -34.9539996595 ], [ -57.9592863555, -34.95773683 ], [ -57.96379738, -34.9543822427 ], [ -57.9597459729, -34.9506887091 ], [ -57.9586149909, -34.9515412556 ], [ -57.9575483572, -34.9505773668 ], [ -57.9552975043, -34.9522514296 ], [ -57.9563464492, -34.953210686 ] ] ] ] } },
{ "type": "Feature", "properties": { "ZONA_COD": "AU-CC3", "ZONA_DESC": "CORREDOR CENTRALIDAD 3", "AREA_TIPO": "Urbana", "DENOM": "Corredor Central. 3", "FOS_MAX": "0.6", "FOT_RES": "1.5", "FOT_COM": null, "FOT_MIN": "NO", "DENS_RES": "400", "DENS_COM": null, "ALTURA_M": 18.0, "NIVELES": 6.0, "CUF_AV": "50", "CUF_CAL": "50", "RET_FRENTE": null, "RET_FONDO": "SI", "RET_LATERA": "NO", "PARC_SUP_M": "375", "PARC_ANC_M": 15.0, "INC_PRM": "Art 289 COT Ord 12692 (Art. 47 del Dec.ley 8912/77 por mejora morfológica) - Receptor APU (Ver Titulo 9 Cap 1 y 2- COT Ord 12692)", "COLOR_HEX": "#CD6969" }, "bbox": [ -57.9613954698, -34.9605322494, -57.9530670345, -34.9522514296 ], "geometry": { "type": "MultiPolygon", "coordinates": [ [ [ [ -57.9530670345, -34.953909989 ], [ -57.959218695, -34.9595407207 ], [ -57.9591582884, -34.9595856077 ], [ -57.9602157563, -34.9605322494 ], [ -57.9603500169, -34.9604324831 ], [ -57.9613954698, -34.9596556109 ], [ -57.9592863555, -34.95773683 ], [ -57.95527321, -34.9539996595 ], [ -57.9563464492, -34.953210686 ], [ -57.9552975043, -34.9522514296 ], [ -57.9530670345, -34.953909989 ] ] ] ] } },
{ "type": "Feature", "properties": { "ZONA_COD": "AU-R3", "ZONA_DESC": "RESIDENCIAL 3", "AREA_TIPO": "Urbana", "DENOM": "Residencial 3", "FOS_MAX": "0.6", "FOT_RES": "1.2", "FOT_COM": null, "FOT_MIN": "NO", "DENS_RES": "300", "DENS_COM": null, "ALTURA_M": 9.0, "NIVELES": 3.0, "CUF_AV": "80", "CUF_CAL": "100", "RET_FRENTE": "NO", "RET_FONDO": "SI", "RET_LATERA": "SI", "PARC_SUP_M": "375", "PARC_ANC_M": 15.0, "INC_PRM": "CUF x 2.0 (por Distrito de interes urbanistico Ver COT Art 16 , 244 y 286 Ord 12692)", "COLOR_HEX": "#5290CE" }, "bbox": [ -57.9761277661, -34.9689255762, -57.9675706377, -34.9619294577 ], "geometry": { "type": "MultiPolygon", "coordinates": [ [ [ [ -57.9720774111, -34.9619294577 ], [ -57.9686177372, -34.964493334 ], [ -57.9675706377, -34.965268814 ], [ -57.9715521144, -34.9689255762 ], [ -57.97259364, -34.9681236102 ], [ -57.9728325449, -34.9681252407 ], [ -57.9738977838, -34.9673389805 ], [ -57.973958006, -34.9672401801 ], [ -57.9761277661, -34.9656206477 ], [ -57.9720774111, -34.9619294577 ] ] ] ] } },
{ "type": "Feature", "properties": { "ZONA_COD": "AU-R3", "ZONA_DESC": "RESIDENCIAL 3", "AREA_TIPO": "Urbana", "DENOM": "Residencial 3", "FOS_MAX": "0.6", "FOT_RES": "1.2", "FOT_COM": null, "FOT_MIN": "NO", "DENS_RES": "300", "DENS_COM": null, "ALTURA_M": 9.0, "NIVELES": 3.0, "CUF_AV": "80", "CUF_CAL": "100", "RET_FRENTE": "NO", "RET_FONDO": "SI", "RET_LATERA": "SI", "PARC_SUP_M": "375", "PARC_ANC_M": 15.0, "INC_PRM": "CUF x 2.0 (por Distrito de interes urbanistico Ver COT Art 16 , 244 y 286 Ord 12692)", "COLOR_HEX": "#5290CE" }, "bbox": [ -57.9822781495, -34.9745593296, -57.9740965312, -34.9675469262 ], "geometry": { "type": "MultiPolygon", "coordinates": [ [ [ [ -57.9782416756, -34.9675469262 ], [ -57.9741290768, -34.9706000562 ], [ -57.9740965312, -34.9711852892 ], [ -57.977796888, -34.9745593296 ], [ -57.9822781495, -34.9712247766 ], [ -57.9782416756, -34.9675469262 ] ] ] ] } },
{ "type": "Feature", "properties": { "ZONA_COD": "AU-EV", "ZONA_DESC": "ESPACIO VERDE", "AREA_TIPO": "Urbana", "DENOM": "Espacio Verde", "FOS_MAX": null, "FOT_RES": null, "FOT_COM": null, "FOT_MIN": null, "DENS_RES": null, "DENS_COM": null, "ALTURA_M": 0.0, "NIVELES": 0.0, "CUF_AV": null, "CUF_CAL": null, "RET_FRENTE": null, "RET_FONDO": null, "RET_LATERA": null, "PARC_SUP_M": null, "PARC_ANC_M": 0.0, "INC_PRM": null, "COLOR_HEX": "#9AD66E" }, "bbox": [ -57.9741290768, -34.9711852892, -57.9733835046, -34.9705685269 ], "geometry": { "type": "MultiPolygon", "coordinates": [ [ [ [ -57.9741290768, -34.9706000562 ], [ -57.9734136976, -34.9705685269 ], [ -57.9733835046, -34.9711500681 ], [ -57.9740965312, -34.9711852892 ], [ -57.9741290768, -34.9706000562 ] ] ] ] } },
{ "type": "Feature", "properties": { "ZONA_COD": "AU-EV", "ZONA_DESC": "ESPACIO VERDE", "AREA_TIPO": "Urbana", "DENOM": "Espacio Verde", "FOS_MAX": null, "FOT_RES": null, "FOT_COM": null, "FOT_MIN": null, "DENS_RES": null, "DENS_COM": null, "ALTURA_M": 0.0, "NIVELES": 0.0, "CUF_AV": null, "CUF_CAL": null, "RET_FRENTE": null, "RET_FONDO": null, "RET_LATERA": null, "PARC_SUP_M": null, "PARC_ANC_M": 0.0, "INC_PRM": null, "COLOR_HEX": "#9AD66E" }, "bbox": [ -57.9894909381, -34.9664697093, -57.9887594268, -34.9658592801 ], "geometry": { "type": "MultiPolygon", "coordinates": [ [ [ [ -57.9894909381, -34.9658887185 ], [ -57.9887907691, -34.9658592801 ], [ -57.9887594268, -34.9664320556 ], [ -57.989445882, -34.9664697093 ], [ -57.9894909381, -34.9658887185 ] ] ] ] } },
{ "type": "Feature", "properties": { "ZONA_COD": "AU-EV", "ZONA_DESC": "ESPACIO VERDE", "AREA_TIPO": "Urbana", "DENOM": "Espacio Verde", "FOS_MAX": null, "FOT_RES": null, "FOT_COM": null, "FOT_MIN": null, "DENS_RES": null, "DENS_COM": null, "ALTURA_M": 0.0, "NIVELES": 0.0, "CUF_AV": null, "CUF_CAL": null, "RET_FRENTE": null, "RET_FONDO": null, "RET_LATERA": null, "PARC_SUP_M": null, "PARC_ANC_M": 0.0, "INC_PRM": null, "COLOR_HEX": "#9AD66E" }, "bbox": [ -57.971790352, -34.97293954, -57.9710318404, -34.9723105047 ], "geometry": { "type": "MultiPolygon", "coordinates": [ [ [ [ -57.9717536075, -34.97293954 ], [ -57.971790352, -34.9723416491 ], [ -57.9710749692, -34.9723105047 ], [ -57.9710318404, -34.9729096187 ], [ -57.9717536075, -34.97293954 ] ] ] ] } },
{ "type": "Feature", "properties": { "ZONA_COD": "AU-EV", "ZONA_DESC": "ESPACIO VERDE", "AREA_TIPO": "Urbana", "DENOM": "Espacio Verde", "FOS_MAX": null, "FOT_RES": null, "FOT_COM": null, "FOT_MIN": null, "DENS_RES": null, "DENS_COM": null, "ALTURA_M": 0.0, "NIVELES": 0.0, "CUF_AV": null, "CUF_CAL": null, "RET_FRENTE": null, "RET_FONDO": null, "RET_LATERA": null, "PARC_SUP_M": null, "PARC_ANC_M": 0.0, "INC_PRM": null, "COLOR_HEX": "#9AD66E" }, "bbox": [ -57.9738085018, -34.9747227338, -57.9730648578, -34.9741391007 ], "geometry": { "type": "MultiPolygon", "coordinates": [ [ [ [ -57.9734122452, -34.9744663029 ], [ -57.9737252911, -34.974234749 ], [ -57.9738085018, -34.9741732552 ], [ -57.9731009359, -34.9741391007 ], [ -57.9730648578, -34.9747227338 ], [ -57.9734122452, -34.9744663029 ] ] ] ] } },
{ "type": "Feature", "properties": { "ZONA_COD": "AU-R3", "ZONA_DESC": "RESIDENCIAL 3", "AREA_TIPO": "Urbana", "DENOM": "Residencial 3", "FOS_MAX": "0.6", "FOT_RES": "1.2", "FOT_COM": null, "FOT_MIN": "NO", "DENS_RES": "300", "DENS_COM": null, "ALTURA_M": 9.0, "NIVELES": 3.0, "CUF_AV": "80", "CUF_CAL": "100", "RET_FRENTE": "NO", "RET_FONDO": "SI", "RET_LATERA": "SI", "PARC_SUP_M": "375", "PARC_ANC_M": 15.0, "INC_PRM": "CUF x 2.0 (por Distrito de interes urbanistico Ver COT Art 16 , 244 y 286 Ord 12692)", "COLOR_HEX": "#5290CE" }, "bbox": [ -57.9981913977, -34.9209807268, -57.9898947256, -34.9141578753 ], "geometry": { "type": "MultiPolygon", "coordinates": [ [ [ [ -57.9898947256, -34.9173099046 ], [ -57.9899630704, -34.9173697671 ], [ -57.9908496347, -34.9181769518 ], [ -57.9939635706, -34.9209807268 ], [ -57.9981913977, -34.9178457729 ], [ -57.9971839817, -34.916936784 ], [ -57.996175097, -34.9160264417 ], [ -57.9961606989, -34.9160262042 ], [ -57.9946230965, -34.9146032295 ], [ -57.9941418818, -34.9141578753 ], [ -57.9940334092, -34.9142383835 ], [ -57.9898947256, -34.9173099046 ] ] ] ] } },
{ "type": "Feature", "properties": { "ZONA_COD": "AU-EV", "ZONA_DESC": "ESPACIO VERDE", "AREA_TIPO": "Urbana", "DENOM": "Espacio Verde", "FOS_MAX": null, "FOT_RES": null, "FOT_COM": null, "FOT_MIN": null, "DENS_RES": null, "DENS_COM": null, "ALTURA_M": 0.0, "NIVELES": 0.0, "CUF_AV": null, "CUF_CAL": null, "RET_FRENTE": null, "RET_FONDO": null, "RET_LATERA": null, "PARC_SUP_M": null, "PARC_ANC_M": 0.0, "INC_PRM": null, "COLOR_HEX": "#9AD66E" }, "bbox": [ -57.9926962801, -34.908942829, -57.9919399611, -34.9083405072 ], "geometry": { "type": "MultiPolygon", "coordinates": [ [ [ [ -57.9919542756, -34.9083405072 ], [ -57.9919399611, -34.9089221105 ], [ -57.9926655323, -34.908942829 ], [ -57.9926962801, -34.9083737956 ], [ -57.9919542756, -34.9083405072 ] ] ] ] } },
{ "type": "Feature", "properties": { "ZONA_COD": "AU-EV", "ZONA_DESC": "ESPACIO VERDE", "AREA_TIPO": "Urbana", "DENOM": "Espacio Verde", "FOS_MAX": null, "FOT_RES": null, "FOT_COM": null, "FOT_MIN": null, "DENS_RES": null, "DENS_COM": null, "ALTURA_M": 0.0, "NIVELES": 0.0, "CUF_AV": null, "CUF_CAL": null, "RET_FRENTE": null, "RET_FONDO": null, "RET_LATERA": null, "PARC_SUP_M": null, "PARC_ANC_M": 0.0, "INC_PRM": null, "COLOR_HEX": "#9AD66E" }, "bbox": [ -57.989131497, -34.9056485054, -57.9872740283, -34.9041212767 ], "geometry": { "type": "MultiPolygon", "coordinates": [ [ [ [ -57.9872740283, -34.9048466752 ], [ -57.9881583406, -34.9056485054 ], [ -57.9886444269, -34.9052876515 ], [ -57.989131497, -34.904926062 ], [ -57.9886848226, -34.9045179541 ], [ -57.9882518656, -34.9041212767 ], [ -57.9877354452, -34.9045026414 ], [ -57.9872740283, -34.9048466752 ] ] ] ] } },
{ "type": "Feature", "properties": { "ZONA_COD": "AU-R3", "ZONA_DESC": "RESIDENCIAL 3", "AREA_TIPO": "Urbana", "DENOM": "Residencial 3", "FOS_MAX": "0.6", "FOT_RES": "1.2", "FOT_COM": null, "FOT_MIN": "NO", "DENS_RES": "300", "DENS_COM": null, "ALTURA_M": 9.0, "NIVELES": 3.0, "CUF_AV": "80", "CUF_CAL": "100", "RET_FRENTE": "NO", "RET_FONDO": "SI", "RET_LATERA": "SI", "PARC_SUP_M": "375", "PARC_ANC_M": 15.0, "INC_PRM": "CUF x 2.0 (por Distrito de interes urbanistico Ver COT Art 16 , 244 y 286 Ord 12692)", "COLOR_HEX": "#5290CE" }, "bbox": [ -57.9858413948, -34.9097578091, -57.9777761479, -34.9027704851 ], "geometry": { "type": "MultiPolygon", "coordinates": [ [ [ [ -57.9815805832, -34.9027704851 ], [ -57.9800197711, -34.9039273361 ], [ -57.9802489705, -34.9041411364 ], [ -57.9794007048, -34.9047765875 ], [ -57.9792829871, -34.9048420446 ], [ -57.9785870396, -34.9053533919 ], [ -57.9784841814, -34.9054441488 ], [ -57.9777761479, -34.9059744206 ], [ -57.978734907, -34.9068549315 ], [ -57.9785536073, -34.9069876562 ], [ -57.9786212642, -34.9070505044 ], [ -57.9795406447, -34.9078863316 ], [ -57.9816116979, -34.9097578091 ], [ -57.9858413948, -34.9066127738 ], [ -57.9857724105, -34.9065498122 ], [ -57.9849019693, -34.9057612732 ], [ -57.984915236, -34.9057511999 ], [ -57.9829923956, -34.9040324848 ], [ -57.9815805832, -34.9027704851 ] ] ] ] } },
{ "type": "Feature", "properties": { "ZONA_COD": "AU-UE", "ZONA_DESC": "USOS ESPECÍFICOS AU", "AREA_TIPO": "Urbana", "DENOM": "Usos Específicos", "FOS_MAX": null, "FOT_RES": null, "FOT_COM": null, "FOT_MIN": null, "DENS_RES": null, "DENS_COM": null, "ALTURA_M": 0.0, "NIVELES": 0.0, "CUF_AV": null, "CUF_CAL": null, "RET_FRENTE": null, "RET_FONDO": null, "RET_LATERA": null, "PARC_SUP_M": null, "PARC_ANC_M": 0.0, "INC_PRM": null, "COLOR_HEX": "#D4D4D4" }, "bbox": [ -58.0016092891, -34.8983328236, -57.9959468698, -34.8944948589 ], "geometry": { "type": "MultiPolygon", "coordinates": [ [ [ [ -57.996136285, -34.8954142115 ], [ -57.9982748152, -34.8973831107 ], [ -57.9993385648, -34.8983328236 ], [ -58.0016092891, -34.8966427115 ], [ -57.9992045128, -34.8944948589 ], [ -57.9983916821, -34.8946789087 ], [ -57.9984203714, -34.8947025654 ], [ -57.9959468698, -34.8952423115 ], [ -57.996136285, -34.8954142115 ] ] ] ] } },
{ "type": "Feature", "properties": { "ZONA_COD": "AU-EV", "ZONA_DESC": "ESPACIO VERDE", "AREA_TIPO": "Urbana", "DENOM": "Espacio Verde", "FOS_MAX": null, "FOT_RES": null, "FOT_COM": null, "FOT_MIN": null, "DENS_RES": null, "DENS_COM": null, "ALTURA_M": 0.0, "NIVELES": 0.0, "CUF_AV": null, "CUF_CAL": null, "RET_FRENTE": null, "RET_FONDO": null, "RET_LATERA": null, "PARC_SUP_M": null, "PARC_ANC_M": 0.0, "INC_PRM": null, "COLOR_HEX": "#9AD66E" }, "bbox": [ -57.9826995466, -34.9242462434, -57.9783963635, -34.9206912224 ], "geometry": { "type": "MultiPolygon", "coordinates": [ [ [ [ -57.9783963635, -34.9223835693 ], [ -57.9804319843, -34.9242462434 ], [ -57.9826995466, -34.92259583 ], [ -57.9818015259, -34.9217677712 ], [ -57.9816307294, -34.9215166697 ], [ -57.9807088703, -34.9206912224 ], [ -57.9783963635, -34.9223835693 ] ] ] ] } },
{ "type": "Feature", "properties": { "ZONA_COD": "AU-EV", "ZONA_DESC": "ESPACIO VERDE", "AREA_TIPO": "Urbana", "DENOM": "Espacio Verde", "FOS_MAX": null, "FOT_RES": null, "FOT_COM": null, "FOT_MIN": null, "DENS_RES": null, "DENS_COM": null, "ALTURA_M": 0.0, "NIVELES": 0.0, "CUF_AV": null, "CUF_CAL": null, "RET_FRENTE": null, "RET_FONDO": null, "RET_LATERA": null, "PARC_SUP_M": null, "PARC_ANC_M": 0.0, "INC_PRM": null, "COLOR_HEX": "#9AD66E" }, "bbox": [ -57.9681488568, -34.9139003077, -57.9649157572, -34.911168965 ], "geometry": { "type": "MultiPolygon", "coordinates": [ [ [ [ -57.9649157572, -34.9120054226 ], [ -57.9670371068, -34.9139003077 ], [ -57.9681488568, -34.9130737048 ], [ -57.9660494596, -34.911168965 ], [ -57.9649157572, -34.9120054226 ] ] ] ] } },
{ "type": "Feature", "properties": { "ZONA_COD": "AU-EV", "ZONA_DESC": "ESPACIO VERDE", "AREA_TIPO": "Urbana", "DENOM": "Espacio Verde", "FOS_MAX": null, "FOT_RES": null, "FOT_COM": null, "FOT_MIN": null, "DENS_RES": null, "DENS_COM": null, "ALTURA_M": 0.0, "NIVELES": 0.0, "CUF_AV": null, "CUF_CAL": null, "RET_FRENTE": null, "RET_FONDO": null, "RET_LATERA": null, "PARC_SUP_M": null, "PARC_ANC_M": 0.0, "INC_PRM": null, "COLOR_HEX": "#9AD66E" }, "bbox": [ -57.9257208778, -34.9454590381, -57.9236088506, -34.9437262298 ], "geometry": { "type": "MultiPolygon", "coordinates": [ [ [ [ -57.9246770995, -34.9437262298 ], [ -57.9236088506, -34.9445086094 ], [ -57.9246414539, -34.9454590381 ], [ -57.9257208778, -34.9446547087 ], [ -57.9246770995, -34.9437262298 ] ] ] ] } },
{ "type": "Feature", "properties": { "ZONA_COD": "AU-CC4", "ZONA_DESC": "CORREDOR CENTRALIDAD 4", "AREA_TIPO": "Urbana", "DENOM": "Corredor Central. 4", "FOS_MAX": "0.6", "FOT_RES": "1.2", "FOT_COM": null, "FOT_MIN": "NO", "DENS_RES": "300", "DENS_COM": null, "ALTURA_M": 12.0, "NIVELES": 4.0, "CUF_AV": "50", "CUF_CAL": "60", "RET_FRENTE": "NO", "RET_FONDO": "SI", "RET_LATERA": "NO", "PARC_SUP_M": "375", "PARC_ANC_M": 15.0, "INC_PRM": "Art 289 COT Ord 12692 (Art. 47 del Dec.ley 8912/77 por mejora morfológica)", "COLOR_HEX": "#C69C9C" }, "bbox": [ -57.9227120394, -34.9408536666, -57.9050352944, -34.9195304009 ], "geometry": { "type": "MultiPolygon", "coordinates": [ [ [ [ -57.9185685138, -34.9375234042 ], [ -57.9188285789, -34.9377647975 ], [ -57.9184618677, -34.9380348082 ], [ -57.9186989425, -34.9382588284 ], [ -57.9192284148, -34.938743062 ], [ -57.9193225495, -34.9388150609 ], [ -57.9200050945, -34.9394176489 ], [ -57.9200858005, -34.9395188568 ], [ -57.9215481467, -34.9408536666 ], [ -57.9226936546, -34.9400060573 ], [ -57.9227120394, -34.9399924533 ], [ -57.9206911198, -34.9381505824 ], [ -57.9197636589, -34.9373122964 ], [ -57.9194579172, -34.9371352181 ], [ -57.9185216609, -34.9362699417 ], [ -57.9193562075, -34.9356232806 ], [ -57.9200833265, -34.9350751042 ], [ -57.9191394943, -34.9342504349 ], [ -57.9180686122, -34.933274443 ], [ -57.9176650045, -34.9335746591 ], [ -57.9156363157, -34.9317201914 ], [ -57.9160986463, -34.9312935926 ], [ -57.9167394924, -34.9308142495 ], [ -57.9167264631, -34.9307903203 ], [ -57.9173150055, -34.930347469 ], [ -57.9173753347, -34.9304023042 ], [ -57.9181113767, -34.9298073766 ], [ -57.9184797265, -34.9301504698 ], [ -57.9192350616, -34.9295937319 ], [ -57.9188976342, -34.9292792201 ], [ -57.9213980607, -34.9274437271 ], [ -57.9213357727, -34.9273645724 ], [ -57.9213355866, -34.9273644024 ], [ -57.9203541789, -34.9264744693 ], [ -57.9205967512, -34.9262903358 ], [ -57.9195391674, -34.925329323 ], [ -57.9135370678, -34.9297938544 ], [ -57.9115077863, -34.9279439013 ], [ -57.9115119645, -34.9279010342 ], [ -57.9105135255, -34.9269949834 ], [ -57.910270445, -34.9271773165 ], [ -57.9102066058, -34.9271217681 ], [ -57.9100132551, -34.9269450531 ], [ -57.909815148, -34.926774744 ], [ -57.90972248, -34.9266837515 ], [ -57.9095292139, -34.9265037926 ], [ -57.9092620577, -34.9262604702 ], [ -57.909481539, -34.9260971686 ], [ -57.9094482237, -34.9260667904 ], [ -57.9104934139, -34.925289992 ], [ -57.9106454497, -34.9252315145 ], [ -57.9152372811, -34.9218160603 ], [ -57.9141810912, -34.9208533909 ], [ -57.9144251573, -34.9206812876 ], [ -57.9131921355, -34.9195304009 ], [ -57.9120715218, -34.92034848 ], [ -57.9122926633, -34.9205567207 ], [ -57.9065561595, -34.9247973857 ], [ -57.9058348034, -34.9253377433 ], [ -57.9050352944, -34.9259318337 ], [ -57.9060905517, -34.9268538663 ], [ -57.9066168485, -34.9264635731 ], [ -57.9074258228, -34.9271880517 ], [ -57.9071936395, -34.9277301972 ], [ -57.9089237238, -34.9282058387 ], [ -57.9088139543, -34.9284797785 ], [ -57.9097440601, -34.9293039883 ], [ -57.9090771787, -34.9297997 ], [ -57.9096858102, -34.9303470885 ], [ -57.9103456167, -34.9298560218 ], [ -57.9151842409, -34.934309488 ], [ -57.9145270757, -34.9347941821 ], [ -57.9151564689, -34.9353819907 ], [ -57.9157511465, -34.9349380053 ], [ -57.9185685138, -34.9375234042 ] ] ] ] } },
{ "type": "Feature", "properties": { "ZONA_COD": "AU-CC4", "ZONA_DESC": "CORREDOR CENTRALIDAD 4", "AREA_TIPO": "Urbana", "DENOM": "Corredor Central. 4", "FOS_MAX": "0.6", "FOT_RES": "1.2", "FOT_COM": null, "FOT_MIN": "NO", "DENS_RES": "300", "DENS_COM": null, "ALTURA_M": 12.0, "NIVELES": 4.0, "CUF_AV": "50", "CUF_CAL": "60", "RET_FRENTE": "NO", "RET_FONDO": "SI", "RET_LATERA": "NO", "PARC_SUP_M": "375", "PARC_ANC_M": 15.0, "INC_PRM": "Art 289 COT Ord 12692 (Art. 47 del Dec.ley 8912/77 por mejora morfológica)", "COLOR_HEX": "#C69C9C" }, "bbox": [ -57.933726952, -34.940539028, -57.9290947573, -34.936755134 ], "geometry": { "type": "MultiPolygon", "coordinates": [ [ [ [ -57.9316293634, -34.936755134 ], [ -57.9290947573, -34.9386301737 ], [ -57.9292424818, -34.9387201473 ], [ -57.9293218748, -34.9387923305 ], [ -57.9293922737, -34.9389034849 ], [ -57.9312211458, -34.940539028 ], [ -57.9328125627, -34.9393801166 ], [ -57.9329350099, -34.9392525523 ], [ -57.933726952, -34.9386727845 ], [ -57.9316293634, -34.936755134 ] ] ] ] } },
{ "type": "Feature", "properties": { "ZONA_COD": "AU-EV", "ZONA_DESC": "ESPACIO VERDE", "AREA_TIPO": "Urbana", "DENOM": "Espacio Verde", "FOS_MAX": null, "FOT_RES": null, "FOT_COM": null, "FOT_MIN": null, "DENS_RES": null, "DENS_COM": null, "ALTURA_M": 0.0, "NIVELES": 0.0, "CUF_AV": null, "CUF_CAL": null, "RET_FRENTE": null, "RET_FONDO": null, "RET_LATERA": null, "PARC_SUP_M": null, "PARC_ANC_M": 0.0, "INC_PRM": null, "COLOR_HEX": "#9AD66E" }, "bbox": [ -57.9442062671, -34.9342601251, -57.9375640633, -34.9289804005 ], "geometry": { "type": "MultiPolygon", "coordinates": [ [ [ [ -57.9386934383, -34.9315096098 ], [ -57.9375640633, -34.9323445934 ], [ -57.9396681855, -34.9342601251 ], [ -57.9408078091, -34.9334104259 ], [ -57.9431447406, -34.9316679291 ], [ -57.9442062671, -34.9308844703 ], [ -57.9420916273, -34.9289804005 ], [ -57.9410352297, -34.9297726889 ], [ -57.9386934383, -34.9315096098 ] ] ] ] } },
{ "type": "Feature", "properties": { "ZONA_COD": "AU-EV", "ZONA_DESC": "ESPACIO VERDE", "AREA_TIPO": "Urbana", "DENOM": "Espacio Verde", "FOS_MAX": null, "FOT_RES": null, "FOT_COM": null, "FOT_MIN": null, "DENS_RES": null, "DENS_COM": null, "ALTURA_M": 0.0, "NIVELES": 0.0, "CUF_AV": null, "CUF_CAL": null, "RET_FRENTE": null, "RET_FONDO": null, "RET_LATERA": null, "PARC_SUP_M": null, "PARC_ANC_M": 0.0, "INC_PRM": null, "COLOR_HEX": "#9AD66E" }, "bbox": [ -57.9296026315, -34.9208928783, -57.92750162, -34.919783409 ], "geometry": { "type": "MultiPolygon", "coordinates": [ [ [ [ -57.9291843343, -34.9199082439 ], [ -57.9290802396, -34.9198415142 ], [ -57.9289501158, -34.9198143762 ], [ -57.9282614059, -34.919783409 ], [ -57.9281113657, -34.9197988539 ], [ -57.9279831575, -34.9198661511 ], [ -57.9275402576, -34.9201990055 ], [ -57.92750162, -34.9202762905 ], [ -57.9275094729, -34.920348007 ], [ -57.9275540433, -34.9204187575 ], [ -57.9279137262, -34.9207610988 ], [ -57.9280376753, -34.9208278654 ], [ -57.928203522, -34.9208662863 ], [ -57.9288650363, -34.9208928783 ], [ -57.9290317229, -34.9208692342 ], [ -57.9291590696, -34.920796882 ], [ -57.9295812231, -34.9204784635 ], [ -57.9296026315, -34.9203510934 ], [ -57.929546351, -34.9202338641 ], [ -57.9291843343, -34.9199082439 ] ] ] ] } },
{ "type": "Feature", "properties": { "ZONA_COD": "AU-CC2", "ZONA_DESC": "CORREDOR CENTRALIDAD 2", "AREA_TIPO": "Urbana", "DENOM": "Corredor Central. 2", "FOS_MAX": "0.6", "FOT_RES": "2.5", "FOT_COM": "3.0", "FOT_MIN": "0.75", "DENS_RES": "1000", "DENS_COM": "2000", "ALTURA_M": 18.0, "NIVELES": 6.0, "CUF_AV": "20", "CUF_CAL": "30", "RET_FRENTE": "NO", "RET_FONDO": "SI", "RET_LATERA": "NO", "PARC_SUP_M": "900", "PARC_ANC_M": 30.0, "INC_PRM": "Art 289 COT Ord 12692 (Art. 47 del Dec.ley 8912/77 por mejora morfológica) - Receptor APU (Ver Titulo 9 Cap 1 y 2- COT Ord 12692)", "COLOR_HEX": "#F67D44" }, "bbox": [ -57.9287129834, -34.9202430381, -57.9223147738, -34.9148456327 ], "geometry": { "type": "MultiPolygon", "coordinates": [ [ [ [ -57.9263536849, -34.9202430381 ], [ -57.9287129834, -34.9184967921 ], [ -57.9246578864, -34.9148456327 ], [ -57.9223147738, -34.9165758204 ], [ -57.9263536849, -34.9202430381 ] ] ] ] } },
{ "type": "Feature", "properties": { "ZONA_COD": "AU-R2", "ZONA_DESC": "RESIDENCIAL 2", "AREA_TIPO": "Urbana", "DENOM": "Residencial 2", "FOS_MAX": "0.6", "FOT_RES": "1.2", "FOT_COM": null, "FOT_MIN": "0.75", "DENS_RES": "400", "DENS_COM": null, "ALTURA_M": 12.0, "NIVELES": 4.0, "CUF_AV": "50", "CUF_CAL": "70", "RET_FRENTE": "NO", "RET_FONDO": "SI", "RET_LATERA": "NO", "PARC_SUP_M": "375", "PARC_ANC_M": 15.0, "INC_PRM": "Art 289 COT Ord 12692 (Art. 47 del Dec.ley 8912/77 por mejora morfológica)", "COLOR_HEX": "#256199" }, "bbox": [ -57.9536965132, -34.9074601375, -57.9430928713, -34.8948548359 ], "geometry": { "type": "MultiPolygon", "coordinates": [ [ [ [ -57.9456075467, -34.8962617632 ], [ -57.9493547158, -34.8996673968 ], [ -57.9492654276, -34.9014206342 ], [ -57.9485289296, -34.9007629914 ], [ -57.9484825174, -34.9007980335 ], [ -57.9483374918, -34.9006608563 ], [ -57.9473713375, -34.9013836091 ], [ -57.9477534954, -34.901745767 ], [ -57.9476828852, -34.9018042894 ], [ -57.948212361, -34.9023053746 ], [ -57.9470407198, -34.9031725288 ], [ -57.9487749733, -34.9048201578 ], [ -57.9474922649, -34.905307853 ], [ -57.9466903106, -34.9054473594 ], [ -57.9453172698, -34.9053848286 ], [ -57.9438714, -34.9050709922 ], [ -57.9430928713, -34.9047996991 ], [ -57.9459665677, -34.9074601375 ], [ -57.9491273654, -34.9051252429 ], [ -57.9492315105, -34.9032319479 ], [ -57.9525665942, -34.9007344298 ], [ -57.9536965132, -34.8999001989 ], [ -57.9496651034, -34.8962152673 ], [ -57.9481764942, -34.8948548359 ], [ -57.9469001782, -34.8955469811 ], [ -57.9456075467, -34.8962617632 ] ] ] ] } },
{ "type": "Feature", "properties": { "ZONA_COD": "AU-CC2", "ZONA_DESC": "CORREDOR CENTRALIDAD 2", "AREA_TIPO": "Urbana", "DENOM": "Corredor Central. 2", "FOS_MAX": "0.6", "FOT_RES": "2.5", "FOT_COM": "3.0", "FOT_MIN": "0.75", "DENS_RES": "1000", "DENS_COM": "2000", "ALTURA_M": 18.0, "NIVELES": 6.0, "CUF_AV": "20", "CUF_CAL": "30", "RET_FRENTE": "NO", "RET_FONDO": "SI", "RET_LATERA": "NO", "PARC_SUP_M": "900", "PARC_ANC_M": 30.0, "INC_PRM": "Art 289 COT Ord 12692 (Art. 47 del Dec.ley 8912/77 por mejora morfológica) - Receptor APU (Ver Titulo 9 Cap 1 y 2- COT Ord 12692)", "COLOR_HEX": "#F67D44" }, "bbox": [ -57.962642825, -34.9001055654, -57.9560540527, -34.8948219675 ], "geometry": { "type": "MultiPolygon", "coordinates": [ [ [ [ -57.9560540527, -34.8981532991 ], [ -57.9581596848, -34.9001055654 ], [ -57.962642825, -34.8967469717 ], [ -57.9605414691, -34.8948219675 ], [ -57.9560540527, -34.8981532991 ] ] ] ] } },
{ "type": "Feature", "properties": { "ZONA_COD": "AU-EV", "ZONA_DESC": "ESPACIO VERDE", "AREA_TIPO": "Urbana", "DENOM": "Espacio Verde", "FOS_MAX": null, "FOT_RES": null, "FOT_COM": null, "FOT_MIN": null, "DENS_RES": null, "DENS_COM": null, "ALTURA_M": 0.0, "NIVELES": 0.0, "CUF_AV": null, "CUF_CAL": null, "RET_FRENTE": null, "RET_FONDO": null, "RET_LATERA": null, "PARC_SUP_M": null, "PARC_ANC_M": 0.0, "INC_PRM": null, "COLOR_HEX": "#9AD66E" }, "bbox": [ -57.9656639032, -34.8948157765, -57.9624836657, -34.8926396042 ], "geometry": { "type": "MultiPolygon", "coordinates": [ [ [ [ -57.9656639032, -34.8940688212 ], [ -57.9641193868, -34.8926396042 ], [ -57.9624836657, -34.8938639062 ], [ -57.9632502388, -34.8945624483 ], [ -57.9638846242, -34.8941053526 ], [ -57.9646520876, -34.8948157765 ], [ -57.9656639032, -34.8940688212 ] ] ] ] } },
{ "type": "Feature", "properties": { "ZONA_COD": "AU-R3", "ZONA_DESC": "RESIDENCIAL 3", "AREA_TIPO": "Urbana", "DENOM": "Residencial 3", "FOS_MAX": "0.6", "FOT_RES": "1.2", "FOT_COM": null, "FOT_MIN": "NO", "DENS_RES": "300", "DENS_COM": null, "ALTURA_M": 9.0, "NIVELES": 3.0, "CUF_AV": "80", "CUF_CAL": "100", "RET_FRENTE": "NO", "RET_FONDO": "SI", "RET_LATERA": "SI", "PARC_SUP_M": "375", "PARC_ANC_M": 15.0, "INC_PRM": "CUF x 2.0 (por Distrito de interes urbanistico Ver COT Art 16 , 244 y 286 Ord 12692)", "COLOR_HEX": "#5290CE" }, "bbox": [ -57.979674462, -34.9041478507, -57.9711403059, -34.897812457 ], "geometry": { "type": "MultiPolygon", "coordinates": [ [ [ [ -57.9761795733, -34.897812457 ], [ -57.9749431764, -34.8978253371 ], [ -57.9745050896, -34.89814728 ], [ -57.9711403059, -34.9006198616 ], [ -57.9741971132, -34.9034171255 ], [ -57.9744376414, -34.9032359094 ], [ -57.9754382469, -34.9041478507 ], [ -57.979674462, -34.900991189 ], [ -57.9766382303, -34.8982296426 ], [ -57.9761795733, -34.897812457 ] ] ] ] } },
{ "type": "Feature", "properties": { "ZONA_COD": "AU-R3", "ZONA_DESC": "RESIDENCIAL 3", "AREA_TIPO": "Urbana", "DENOM": "Residencial 3", "FOS_MAX": "0.6", "FOT_RES": "1.2", "FOT_COM": null, "FOT_MIN": "NO", "DENS_RES": "300", "DENS_COM": null, "ALTURA_M": 9.0, "NIVELES": 3.0, "CUF_AV": "80", "CUF_CAL": "100", "RET_FRENTE": "NO", "RET_FONDO": "SI", "RET_LATERA": "SI", "PARC_SUP_M": "375", "PARC_ANC_M": 15.0, "INC_PRM": "CUF x 2.0 (por Distrito de interes urbanistico Ver COT Art 16 , 244 y 286 Ord 12692)", "COLOR_HEX": "#5290CE" }, "bbox": [ -57.9865122611, -34.8969000354, -57.9772092503, -34.8922214366 ], "geometry": { "type": "MultiPolygon", "coordinates": [ [ [ [ -57.984534946, -34.894137176 ], [ -57.9844029085, -34.8939941298 ], [ -57.9824483777, -34.8922214366 ], [ -57.9779662438, -34.895553431 ], [ -57.9772092503, -34.8961168464 ], [ -57.9772731049, -34.8961742735 ], [ -57.9775999248, -34.8964691801 ], [ -57.9776577404, -34.8964265244 ], [ -57.9777781129, -34.8965314456 ], [ -57.9779077358, -34.8964375348 ], [ -57.9783459205, -34.8968391027 ], [ -57.9787978991, -34.8967136941 ], [ -57.978836534, -34.8967484924 ], [ -57.9790434059, -34.8967472469 ], [ -57.9790914621, -34.8967100159 ], [ -57.9791665744, -34.8966538343 ], [ -57.9794858733, -34.8968269727 ], [ -57.9796958704, -34.8966758182 ], [ -57.9797006727, -34.8965556769 ], [ -57.9797249077, -34.8965397679 ], [ -57.9798966107, -34.8965364044 ], [ -57.9800496655, -34.8965396708 ], [ -57.9803695786, -34.8965453491 ], [ -57.9803685615, -34.8966494213 ], [ -57.9803565501, -34.8966575125 ], [ -57.9803562183, -34.8966755305 ], [ -57.9805660265, -34.8968760217 ], [ -57.9811005071, -34.8966031953 ], [ -57.9815211407, -34.8968542212 ], [ -57.9818702098, -34.8965982202 ], [ -57.982068505, -34.8967821145 ], [ -57.9821583985, -34.8968633638 ], [ -57.9823252479, -34.8967409579 ], [ -57.9824943996, -34.8969000354 ], [ -57.9835632699, -34.8967306886 ], [ -57.9836533676, -34.8968125709 ], [ -57.9845787232, -34.8965269211 ], [ -57.9847025302, -34.8966393723 ], [ -57.9849228551, -34.8968396693 ], [ -57.9853437171, -34.896763137 ], [ -57.9865122611, -34.8959135277 ], [ -57.984534946, -34.894137176 ] ] ] ] } },
{ "type": "Feature", "properties": { "ZONA_COD": "AU-R3", "ZONA_DESC": "RESIDENCIAL 3", "AREA_TIPO": "Urbana", "DENOM": "Residencial 3", "FOS_MAX": "0.6", "FOT_RES": "1.2", "FOT_COM": null, "FOT_MIN": "NO", "DENS_RES": "300", "DENS_COM": null, "ALTURA_M": 9.0, "NIVELES": 3.0, "CUF_AV": "80", "CUF_CAL": "100", "RET_FRENTE": "NO", "RET_FONDO": "SI", "RET_LATERA": "SI", "PARC_SUP_M": "375", "PARC_ANC_M": 15.0, "INC_PRM": "CUF x 2.0 (por Distrito de interes urbanistico Ver COT Art 16 , 244 y 286 Ord 12692)", "COLOR_HEX": "#5290CE" }, "bbox": [ -57.9803409954, -34.8989929683, -57.9668886611, -34.8858784372 ], "geometry": { "type": "MultiPolygon", "coordinates": [ [ [ [ -57.9771294472, -34.8873791395 ], [ -57.9754564797, -34.8858784372 ], [ -57.9743698397, -34.8866900241 ], [ -57.9761352152, -34.888313385 ], [ -57.969397802, -34.8933322243 ], [ -57.9694300822, -34.8933611582 ], [ -57.9689928561, -34.8936949766 ], [ -57.9699834693, -34.8946029906 ], [ -57.9668886611, -34.8968712031 ], [ -57.9692022642, -34.8989929683 ], [ -57.9726331067, -34.8964294858 ], [ -57.9723837697, -34.896202827 ], [ -57.9758502353, -34.8936267613 ], [ -57.9803409954, -34.8902876585 ], [ -57.9773612294, -34.8876008017 ], [ -57.9771294472, -34.8873791395 ] ] ] ] } },
{ "type": "Feature", "properties": { "ZONA_COD": "AU-UE", "ZONA_DESC": "USOS ESPECÍFICOS AU", "AREA_TIPO": "Urbana", "DENOM": "Usos Específicos", "FOS_MAX": null, "FOT_RES": null, "FOT_COM": null, "FOT_MIN": null, "DENS_RES": null, "DENS_COM": null, "ALTURA_M": 0.0, "NIVELES": 0.0, "CUF_AV": null, "CUF_CAL": null, "RET_FRENTE": null, "RET_FONDO": null, "RET_LATERA": null, "PARC_SUP_M": null, "PARC_ANC_M": 0.0, "INC_PRM": null, "COLOR_HEX": "#D4D4D4" }, "bbox": [ -57.9789906328, -34.8780872461, -57.9747205258, -34.874529708 ], "geometry": { "type": "MultiPolygon", "coordinates": [ [ [ [ -57.9769607308, -34.874529708 ], [ -57.9747205258, -34.8762458743 ], [ -57.9753910532, -34.8768537342 ], [ -57.9754634684, -34.8769197373 ], [ -57.9755358827, -34.8769857403 ], [ -57.9756378829, -34.8770761177 ], [ -57.9767675699, -34.8780872461 ], [ -57.9778941272, -34.8771694628 ], [ -57.9784423827, -34.8767565481 ], [ -57.9789906328, -34.8763436316 ], [ -57.9769607308, -34.874529708 ] ] ] ] } },
{ "type": "Feature", "properties": { "ZONA_COD": "AU-R3", "ZONA_DESC": "RESIDENCIAL 3", "AREA_TIPO": "Urbana", "DENOM": "Residencial 3", "FOS_MAX": "0.6", "FOT_RES": "1.2", "FOT_COM": null, "FOT_MIN": "NO", "DENS_RES": "300", "DENS_COM": null, "ALTURA_M": 9.0, "NIVELES": 3.0, "CUF_AV": "80", "CUF_CAL": "100", "RET_FRENTE": "NO", "RET_FONDO": "SI", "RET_LATERA": "SI", "PARC_SUP_M": "375", "PARC_ANC_M": 15.0, "INC_PRM": "CUF x 2.0 (por Distrito de interes urbanistico Ver COT Art 16 , 244 y 286 Ord 12692)", "COLOR_HEX": "#5290CE" }, "bbox": [ -57.9769607308, -34.888177599, -57.9572687714, -34.8720876475 ], "geometry": { "type": "MultiPolygon", "coordinates": [ [ [ [ -57.9574640826, -34.888177599 ], [ -57.9575591275, -34.8881068781 ], [ -57.9577864176, -34.8879426242 ], [ -57.9577302909, -34.8878859866 ], [ -57.9577945421, -34.8878353377 ], [ -57.9577453923, -34.8877840449 ], [ -57.9578046523, -34.8877406112 ], [ -57.9577470129, -34.8876832273 ], [ -57.9578112227, -34.8876341999 ], [ -57.9577519799, -34.887579763 ], [ -57.9578865158, -34.8874820804 ], [ -57.9579434545, -34.8875368393 ], [ -57.9580066139, -34.8874904972 ], [ -57.9580684882, -34.8875447083 ], [ -57.9581369904, -34.887494581 ], [ -57.9581958933, -34.8875451364 ], [ -57.9582600069, -34.8874955667 ], [ -57.9583195627, -34.8875506394 ], [ -57.9584604775, -34.8874471157 ], [ -57.9585382949, -34.8875199779 ], [ -57.9586230623, -34.8874578671 ], [ -57.9587735189, -34.8873664897 ], [ -57.9588933239, -34.8872762193 ], [ -57.9586816369, -34.8870796257 ], [ -57.9592950798, -34.8866288747 ], [ -57.9595125395, -34.8868264648 ], [ -57.9597583844, -34.8866457568 ], [ -57.9598319067, -34.886472158 ], [ -57.9600752624, -34.8862859093 ], [ -57.9599972884, -34.886219354 ], [ -57.9599247626, -34.88615361 ], [ -57.9602326455, -34.8859186082 ], [ -57.9601869896, -34.8858763868 ], [ -57.9602618006, -34.8858187043 ], [ -57.9603806631, -34.8859256885 ], [ -57.9606504508, -34.8857230308 ], [ -57.9607635369, -34.8858247819 ], [ -57.9608300508, -34.8857665085 ], [ -57.9609407474, -34.8856463429 ], [ -57.9611928876, -34.8854584377 ], [ -57.961114706, -34.8853914283 ], [ -57.9611992081, -34.8853310235 ], [ -57.9611256615, -34.8852622892 ], [ -57.9612101951, -34.8852006236 ], [ -57.9612821984, -34.8852653667 ], [ -57.9613602928, -34.8852075574 ], [ -57.961438408, -34.8852772692 ], [ -57.9616368461, -34.8851248701 ], [ -57.9621963044, -34.8846578783 ], [ -57.962487861, -34.8845255133 ], [ -57.9623282449, -34.884372607 ], [ -57.9624919395, -34.8842540503 ], [ -57.9624792015, -34.884242842 ], [ -57.9625647171, -34.8841856074 ], [ -57.9626366224, -34.8842498972 ], [ -57.9627231147, -34.8841929494 ], [ -57.9627913651, -34.8842591602 ], [ -57.963036818, -34.8840760043 ], [ -57.9632324673, -34.8838413667 ], [ -57.9634675717, -34.8836697527 ], [ -57.9634942474, -34.8836922789 ], [ -57.9636517699, -34.8835710934 ], [ -57.9634536196, -34.8833931203 ], [ -57.9638296603, -34.8831208595 ], [ -57.9640188201, -34.8832953478 ], [ -57.9642322976, -34.8831402219 ], [ -57.9642336295, -34.8829044899 ], [ -57.9645887331, -34.8826472864 ], [ -57.9645254523, -34.8825880094 ], [ -57.9641691193, -34.8828462731 ], [ -57.9639904114, -34.8826825947 ], [ -57.9643470358, -34.8824213624 ], [ -57.9646166732, -34.8822239189 ], [ -57.9649712894, -34.881964183 ], [ -57.9650365415, -34.8819166889 ], [ -57.965702449, -34.8825239849 ], [ -57.9702310868, -34.8791548385 ], [ -57.9712843179, -34.8801149763 ], [ -57.9754634684, -34.8769197373 ], [ -57.9753910532, -34.8768537342 ], [ -57.9747205258, -34.8762458743 ], [ -57.9769607308, -34.874529708 ], [ -57.976382571, -34.8740350539 ], [ -57.9751565972, -34.8729484183 ], [ -57.9741164737, -34.8720876475 ], [ -57.9735786288, -34.8725223897 ], [ -57.9730407775, -34.8729571301 ], [ -57.9725648788, -34.8733558616 ], [ -57.9720889746, -34.8737545904 ], [ -57.9711065444, -34.874524947 ], [ -57.9702442861, -34.8751703221 ], [ -57.9693820117, -34.8758157799 ], [ -57.9685197273, -34.8764611415 ], [ -57.9679477666, -34.8768889346 ], [ -57.9683743177, -34.8772810777 ], [ -57.9681515763, -34.8774460952 ], [ -57.9671574774, -34.8781622766 ], [ -57.9670744116, -34.8782278641 ], [ -57.9665402313, -34.8786141328 ], [ -57.9660059603, -34.8790003251 ], [ -57.966110752, -34.8791003045 ], [ -57.9660290045, -34.8791570769 ], [ -57.9638682592, -34.8806921342 ], [ -57.9637066232, -34.8808121146 ], [ -57.9633744415, -34.8805082157 ], [ -57.9622748881, -34.8813072651 ], [ -57.9617251046, -34.8817067404 ], [ -57.9611753158, -34.8821062129 ], [ -57.9610215902, -34.882207312 ], [ -57.9609992816, -34.8821842777 ], [ -57.9609508603, -34.8821743627 ], [ -57.9608682567, -34.8822421895 ], [ -57.9607839605, -34.8823032283 ], [ -57.9607821736, -34.8823401473 ], [ -57.9608200971, -34.8824008938 ], [ -57.9603657191, -34.8826587627 ], [ -57.9602374065, -34.8827440256 ], [ -57.9601495383, -34.8828035625 ], [ -57.9600658905, -34.8828604653 ], [ -57.9600231152, -34.8828920109 ], [ -57.9598372505, -34.8830137071 ], [ -57.9598014925, -34.8830135569 ], [ -57.9595810849, -34.883174416 ], [ -57.9594936321, -34.8832347704 ], [ -57.959414454, -34.8832966149 ], [ -57.9593342597, -34.8833553784 ], [ -57.9592511614, -34.883416527 ], [ -57.9591706352, -34.8834760189 ], [ -57.9590877789, -34.8835356251 ], [ -57.9588623125, -34.8837018953 ], [ -57.9588606722, -34.8837372845 ], [ -57.9589126422, -34.8837850206 ], [ -57.958994056, -34.8838583036 ], [ -57.9590782191, -34.8839354178 ], [ -57.9591593649, -34.8840106793 ], [ -57.959201544, -34.8840496731 ], [ -57.9590425322, -34.8841666973 ], [ -57.9587975793, -34.8843469691 ], [ -57.9586743785, -34.8844376334 ], [ -57.9585531868, -34.8845283183 ], [ -57.9584318736, -34.8846161425 ], [ -57.9583095613, -34.8847061907 ], [ -57.9581919327, -34.8847926219 ], [ -57.958092009, -34.8848662836 ], [ -57.9579229239, -34.88499223 ], [ -57.9579045849, -34.8849755152 ], [ -57.9577420594, -34.8848256171 ], [ -57.9577083798, -34.8848254112 ], [ -57.9574674533, -34.885029506 ], [ -57.9572687714, -34.88800628 ], [ -57.9574640826, -34.888177599 ] ] ] ] } },
{ "type": "Feature", "properties": { "ZONA_COD": "AU-R3", "ZONA_DESC": "RESIDENCIAL 3", "AREA_TIPO": "Urbana", "DENOM": "Residencial 3", "FOS_MAX": "0.6", "FOT_RES": "1.2", "FOT_COM": null, "FOT_MIN": "NO", "DENS_RES": "300", "DENS_COM": null, "ALTURA_M": 9.0, "NIVELES": 3.0, "CUF_AV": "80", "CUF_CAL": "100", "RET_FRENTE": "NO", "RET_FONDO": "SI", "RET_LATERA": "SI", "PARC_SUP_M": "375", "PARC_ANC_M": 15.0, "INC_PRM": "CUF x 2.0 (por Distrito de interes urbanistico Ver COT Art 16 , 244 y 286 Ord 12692)", "COLOR_HEX": "#5290CE" }, "bbox": [ -57.9742355628, -34.8912659213, -57.9588240428, -34.8809897505 ], "geometry": { "type": "MultiPolygon", "coordinates": [ [ [ [ -57.9638798758, -34.8890416389 ], [ -57.964920144, -34.8899716925 ], [ -57.9664637998, -34.888829835 ], [ -57.9666856023, -34.8890272623 ], [ -57.9673863549, -34.889401722 ], [ -57.9675874235, -34.8894143467 ], [ -57.9677527765, -34.8893939591 ], [ -57.96797398, -34.8893401607 ], [ -57.9681642523, -34.8892634629 ], [ -57.9683301151, -34.8891649917 ], [ -57.9683643532, -34.8891960623 ], [ -57.9685317701, -34.8890729631 ], [ -57.9685428228, -34.8890830697 ], [ -57.970990031, -34.8872762094 ], [ -57.9709898232, -34.8871726741 ], [ -57.9742355628, -34.884738569 ], [ -57.9733156958, -34.8838904148 ], [ -57.973111859, -34.8836791883 ], [ -57.9701108618, -34.8809897505 ], [ -57.9588240428, -34.8893955635 ], [ -57.9608628329, -34.8912659213 ], [ -57.9638798758, -34.8890416389 ] ] ] ] } },
{ "type": "Feature", "properties": { "ZONA_COD": "AU-UE", "ZONA_DESC": "USOS ESPECÍFICOS AU", "AREA_TIPO": "Urbana", "DENOM": "Usos Específicos", "FOS_MAX": null, "FOT_RES": null, "FOT_COM": null, "FOT_MIN": null, "DENS_RES": null, "DENS_COM": null, "ALTURA_M": 0.0, "NIVELES": 0.0, "CUF_AV": null, "CUF_CAL": null, "RET_FRENTE": null, "RET_FONDO": null, "RET_LATERA": null, "PARC_SUP_M": null, "PARC_ANC_M": 0.0, "INC_PRM": null, "COLOR_HEX": "#D4D4D4" }, "bbox": [ -57.9786198468, -34.8845028243, -57.9716145103, -34.8785462898 ], "geometry": { "type": "MultiPolygon", "coordinates": [ [ [ [ -57.9754034251, -34.8838621941 ], [ -57.9761073892, -34.8845028243 ], [ -57.9762399907, -34.884403505 ], [ -57.9786198468, -34.8826237638 ], [ -57.9740631664, -34.8785462898 ], [ -57.9716145103, -34.8804153751 ], [ -57.9754034251, -34.8838621941 ] ] ] ] } },
{ "type": "Feature", "properties": { "ZONA_COD": "AU-EV", "ZONA_DESC": "ESPACIO VERDE", "AREA_TIPO": "Urbana", "DENOM": "Espacio Verde", "FOS_MAX": null, "FOT_RES": null, "FOT_COM": null, "FOT_MIN": null, "DENS_RES": null, "DENS_COM": null, "ALTURA_M": 0.0, "NIVELES": 0.0, "CUF_AV": null, "CUF_CAL": null, "RET_FRENTE": null, "RET_FONDO": null, "RET_LATERA": null, "PARC_SUP_M": null, "PARC_ANC_M": 0.0, "INC_PRM": null, "COLOR_HEX": "#9AD66E" }, "bbox": [ -57.9535877744, -34.8923751829, -57.9524333776, -34.8918465407 ], "geometry": { "type": "MultiPolygon", "coordinates": [ [ [ [ -57.9524333776, -34.8923751829 ], [ -57.9535877744, -34.8922443234 ], [ -57.9531438177, -34.8918465407 ], [ -57.9524333776, -34.8923751829 ] ] ] ] } },
{ "type": "Feature", "properties": { "ZONA_COD": "AU-CS1", "ZONA_DESC": "CORREDOR SERVICIOS 1", "AREA_TIPO": "Urbana", "DENOM": "Corredor Servicios 1", "FOS_MAX": "0.6", "FOT_RES": "1.0", "FOT_COM": null, "FOT_MIN": "NO", "DENS_RES": "300", "DENS_COM": null, "ALTURA_M": 9.0, "NIVELES": 3.0, "CUF_AV": "100", "CUF_CAL": null, "RET_FRENTE": "NO", "RET_FONDO": "SI", "RET_LATERA": "SI", "PARC_SUP_M": "375", "PARC_ANC_M": 15.0, "INC_PRM": "No aplica", "COLOR_HEX": "#C22B7E" }, "bbox": [ -57.9894546855, -34.8970889821, -57.9754564797, -34.8846391319 ], "geometry": { "type": "MultiPolygon", "coordinates": [ [ [ [ -57.9835804812, -34.8909256826 ], [ -57.9837032395, -34.8908345354 ], [ -57.9831794393, -34.8903694726 ], [ -57.9830576693, -34.8904604552 ], [ -57.9828911841, -34.8903135896 ], [ -57.9828113558, -34.8900177504 ], [ -57.9823848136, -34.8896370296 ], [ -57.9823562368, -34.8896003607 ], [ -57.9823609042, -34.889592452 ], [ -57.9823242614, -34.8895593318 ], [ -57.9820269401, -34.8892929544 ], [ -57.9819058527, -34.8893828668 ], [ -57.9817783513, -34.8892699911 ], [ -57.9817378359, -34.8891780264 ], [ -57.9815882076, -34.8890397287 ], [ -57.9816682932, -34.8889805884 ], [ -57.9815249871, -34.8888521292 ], [ -57.9816834602, -34.8886064794 ], [ -57.981313918, -34.8882702301 ], [ -57.9809485001, -34.8884315127 ], [ -57.9808775049, -34.8883695018 ], [ -57.9809528402, -34.8883122653 ], [ -57.9807965281, -34.8881745773 ], [ -57.9805722345, -34.8879769108 ], [ -57.980375738, -34.8879930213 ], [ -57.9803081621, -34.8879253895 ], [ -57.9804145069, -34.8878479408 ], [ -57.9802699265, -34.887713601 ], [ -57.9803492332, -34.8876549895 ], [ -57.9802036231, -34.8875225256 ], [ -57.9801247445, -34.887581505 ], [ -57.9800488219, -34.8875108497 ], [ -57.9799597225, -34.8875763285 ], [ -57.9798078504, -34.8874360999 ], [ -57.979779189, -34.8872442979 ], [ -57.9795910931, -34.8870782327 ], [ -57.9794603838, -34.8871680722 ], [ -57.9794449784, -34.8871540275 ], [ -57.9793696134, -34.8870874372 ], [ -57.9793225321, -34.8869734626 ], [ -57.979173697, -34.8868343653 ], [ -57.9791023817, -34.8867676617 ], [ -57.9791763428, -34.8867129272 ], [ -57.9790288126, -34.8865786269 ], [ -57.9788781762, -34.886441662 ], [ -57.978557674, -34.8864438113 ], [ -57.9784342088, -34.8863317198 ], [ -57.9785038208, -34.8862804279 ], [ -57.9784324686, -34.8862152558 ], [ -57.9785058443, -34.8861621338 ], [ -57.9784229124, -34.8860874855 ], [ -57.9782068503, -34.8858935566 ], [ -57.9780814731, -34.8858863342 ], [ -57.9779166633, -34.8857342624 ], [ -57.9779894158, -34.8856797779 ], [ -57.9779225701, -34.885618195 ], [ -57.9778482654, -34.8856735546 ], [ -57.9776819726, -34.8855195646 ], [ -57.9775258018, -34.8854122458 ], [ -57.9774444311, -34.8853364518 ], [ -57.977526309, -34.8852755416 ], [ -57.9774533479, -34.8852091699 ], [ -57.9775332581, -34.8851482273 ], [ -57.9773545951, -34.884990336 ], [ -57.9771581994, -34.884819714 ], [ -57.9770801679, -34.8848798768 ], [ -57.9769240195, -34.8847404747 ], [ -57.9768136826, -34.8846391319 ], [ -57.9765073546, -34.8848668007 ], [ -57.9766441973, -34.884991328 ], [ -57.9754564797, -34.8858784372 ], [ -57.9771294472, -34.8873791395 ], [ -57.9773612294, -34.8876008017 ], [ -57.9803409954, -34.8902876585 ], [ -57.9824483777, -34.8922214366 ], [ -57.9844029085, -34.8939941298 ], [ -57.984534946, -34.894137176 ], [ -57.9865122611, -34.8959135277 ], [ -57.9873486315, -34.8966846451 ], [ -57.9875161527, -34.8969022154 ], [ -57.9877291815, -34.8970889821 ], [ -57.9894546855, -34.8966952274 ], [ -57.9892735359, -34.8965337586 ], [ -57.9887025645, -34.8960173769 ], [ -57.9887443128, -34.8956885209 ], [ -57.9886635141, -34.8956153575 ], [ -57.9887471466, -34.895554378 ], [ -57.988672885, -34.8954867301 ], [ -57.9884558759, -34.8952892885 ], [ -57.9886983278, -34.8951117092 ], [ -57.9885512113, -34.8949771572 ], [ -57.9883893891, -34.8950957804 ], [ -57.9880930202, -34.8948245674 ], [ -57.9879556631, -34.8947025231 ], [ -57.9877185137, -34.894483388 ], [ -57.987797369, -34.8944253943 ], [ -57.9877252973, -34.8943577815 ], [ -57.9878094549, -34.8942976231 ], [ -57.9876622368, -34.8941628885 ], [ -57.9875790945, -34.8942262179 ], [ -57.9875056891, -34.8941594846 ], [ -57.987425609, -34.8942183587 ], [ -57.9871942917, -34.8940068894 ], [ -57.9875361654, -34.893161363 ], [ -57.987546057, -34.8931280018 ], [ -57.9874587095, -34.8930499532 ], [ -57.9869733696, -34.8934142919 ], [ -57.9863110891, -34.8928137499 ], [ -57.9860262162, -34.8928204732 ], [ -57.9857206473, -34.8925459479 ], [ -57.9858888565, -34.8924210357 ], [ -57.9855892078, -34.8921549893 ], [ -57.9854195642, -34.8922804186 ], [ -57.9851189883, -34.8920121023 ], [ -57.9849985852, -34.8918859193 ], [ -57.9846997855, -34.8916166407 ], [ -57.9846006694, -34.8916891665 ], [ -57.9842542074, -34.8913697102 ], [ -57.9842089984, -34.8914025751 ], [ -57.9841376507, -34.8913368652 ], [ -57.9840505577, -34.8914007575 ], [ -57.9838864485, -34.8912505078 ], [ -57.9838240409, -34.8911974343 ], [ -57.9837947608, -34.8911174999 ], [ -57.9835804812, -34.8909256826 ] ] ] ] } },
{ "type": "Feature", "properties": { "ZONA_COD": "AU-CC4", "ZONA_DESC": "CORREDOR CENTRALIDAD 4", "AREA_TIPO": "Urbana", "DENOM": "Corredor Central. 4", "FOS_MAX": "0.6", "FOT_RES": "1.2", "FOT_COM": null, "FOT_MIN": "NO", "DENS_RES": "300", "DENS_COM": null, "ALTURA_M": 12.0, "NIVELES": 4.0, "CUF_AV": "50", "CUF_CAL": "60", "RET_FRENTE": "NO", "RET_FONDO": "SI", "RET_LATERA": "NO", "PARC_SUP_M": "375", "PARC_ANC_M": 15.0, "INC_PRM": "Art 289 COT Ord 12692 (Art. 47 del Dec.ley 8912/77 por mejora morfológica)", "COLOR_HEX": "#C69C9C" }, "bbox": [ -58.0071320411, -34.9180568213, -57.9995073037, -34.9135830952 ], "geometry": { "type": "MultiPolygon", "coordinates": [ [ [ [ -58.0071320411, -34.914799341 ], [ -58.0061482421, -34.9138907326 ], [ -58.0059633856, -34.9137269363 ], [ -58.0048959209, -34.9145107432 ], [ -58.0038500489, -34.913583338 ], [ -58.0038497728, -34.9135830952 ], [ -58.0016161078, -34.9152773433 ], [ -58.0005793181, -34.9143467491 ], [ -57.9995073037, -34.9151525237 ], [ -57.999619263, -34.915262321 ], [ -57.9997594952, -34.9153066693 ], [ -58.0002459664, -34.9154220127 ], [ -58.0004773889, -34.9157456598 ], [ -58.000527134, -34.915815217 ], [ -58.0005620439, -34.9158640295 ], [ -58.0005650458, -34.9158846267 ], [ -58.0006166957, -34.9163397745 ], [ -58.000625483, -34.9164218934 ], [ -58.0006316793, -34.916479798 ], [ -58.0006464228, -34.9166207182 ], [ -58.0007241575, -34.9167086935 ], [ -58.0008112128, -34.9168093492 ], [ -58.0009763472, -34.9170018607 ], [ -58.0011440456, -34.9171924316 ], [ -58.0016777195, -34.9171890456 ], [ -58.0026209401, -34.9180568213 ], [ -58.0036616653, -34.9172790246 ], [ -58.005957085, -34.9155581233 ], [ -58.0060788837, -34.9155729576 ], [ -58.0071320411, -34.914799341 ], [ -58.0071320411, -34.914799341 ] ] ] ] } },
{ "type": "Feature", "properties": { "ZONA_COD": "AU-DR", "ZONA_DESC": "DISTRITO DEP. RECREAT.", "AREA_TIPO": "Urbana", "DENOM": "Deportivo Recreativo", "FOS_MAX": null, "FOT_RES": null, "FOT_COM": null, "FOT_MIN": null, "DENS_RES": null, "DENS_COM": null, "ALTURA_M": 0.0, "NIVELES": 0.0, "CUF_AV": null, "CUF_CAL": null, "RET_FRENTE": null, "RET_FONDO": null, "RET_LATERA": null, "PARC_SUP_M": null, "PARC_ANC_M": 0.0, "INC_PRM": null, "COLOR_HEX": "#BDE697" }, "bbox": [ -58.0070671191, -34.9145107432, -57.9987269404, -34.9073489318 ], "geometry": { "type": "MultiPolygon", "coordinates": [ [ [ [ -58.0048959209, -34.9145107432 ], [ -58.0059633856, -34.9137269363 ], [ -58.0070671191, -34.9129164727 ], [ -58.0009464267, -34.9073489318 ], [ -58.0000070597, -34.9080410716 ], [ -57.9987269404, -34.9089849443 ], [ -57.9997262275, -34.9098972148 ], [ -58.0007155402, -34.9107996512 ], [ -58.000924146, -34.9108838628 ], [ -58.0027915037, -34.912545881 ], [ -58.002914977, -34.912755048 ], [ -58.0038497728, -34.9135830952 ], [ -58.0038500489, -34.913583338 ], [ -58.0048959209, -34.9145107432 ] ] ] ] } },
{ "type": "Feature", "properties": { "ZONA_COD": "AU-R3", "ZONA_DESC": "RESIDENCIAL 3", "AREA_TIPO": "Urbana", "DENOM": "Residencial 3", "FOS_MAX": "0.6", "FOT_RES": "1.2", "FOT_COM": null, "FOT_MIN": "NO", "DENS_RES": "300", "DENS_COM": null, "ALTURA_M": 9.0, "NIVELES": 3.0, "CUF_AV": "80", "CUF_CAL": "100", "RET_FRENTE": "NO", "RET_FONDO": "SI", "RET_LATERA": "SI", "PARC_SUP_M": "375", "PARC_ANC_M": 15.0, "INC_PRM": "CUF x 2.0 (por Distrito de interes urbanistico Ver COT Art 16 , 244 y 286 Ord 12692)", "COLOR_HEX": "#5290CE" }, "bbox": [ -57.998967367, -34.9080143735, -57.99608351, -34.9044901822 ], "geometry": { "type": "MultiPolygon", "coordinates": [ [ [ [ -57.997720108, -34.9080143735 ], [ -57.998967367, -34.9071024276 ], [ -57.99608351, -34.9044901822 ], [ -57.9970344847, -34.9066904833 ], [ -57.9970222809, -34.907389752 ], [ -57.997720108, -34.9080143735 ] ] ] ] } },
{ "type": "Feature", "properties": { "ZONA_COD": "AU-DR", "ZONA_DESC": "DISTRITO DEP. RECREAT.", "AREA_TIPO": "Urbana", "DENOM": "Deportivo Recreativo", "FOS_MAX": null, "FOT_RES": null, "FOT_COM": null, "FOT_MIN": null, "DENS_RES": null, "DENS_COM": null, "ALTURA_M": 0.0, "NIVELES": 0.0, "CUF_AV": null, "CUF_CAL": null, "RET_FRENTE": null, "RET_FONDO": null, "RET_LATERA": null, "PARC_SUP_M": null, "PARC_ANC_M": 0.0, "INC_PRM": null, "COLOR_HEX": "#BDE697" }, "bbox": [ -57.997734936, -34.9106273231, -57.9935731056, -34.9043414577 ], "geometry": { "type": "MultiPolygon", "coordinates": [ [ [ [ -57.995558341, -34.9079342016 ], [ -57.9944484104, -34.9087395031 ], [ -57.9954694916, -34.909666813 ], [ -57.99652565, -34.9106273231 ], [ -57.9976778309, -34.9097935481 ], [ -57.997734936, -34.9091511336 ], [ -57.9973728744, -34.908269325 ], [ -57.9970222809, -34.907389752 ], [ -57.9970344847, -34.9066904833 ], [ -57.99608351, -34.9044901822 ], [ -57.9959238192, -34.9043414577 ], [ -57.9948578213, -34.9051607266 ], [ -57.9935731056, -34.9060960008 ], [ -57.995558341, -34.9079342016 ] ] ] ] } },
{ "type": "Feature", "properties": { "ZONA_COD": "AU-CC4", "ZONA_DESC": "CORREDOR CENTRALIDAD 4", "AREA_TIPO": "Urbana", "DENOM": "Corredor Central. 4", "FOS_MAX": "0.6", "FOT_RES": "1.2", "FOT_COM": null, "FOT_MIN": "NO", "DENS_RES": "300", "DENS_COM": null, "ALTURA_M": 12.0, "NIVELES": 4.0, "CUF_AV": "50", "CUF_CAL": "60", "RET_FRENTE": "NO", "RET_FONDO": "SI", "RET_LATERA": "NO", "PARC_SUP_M": "375", "PARC_ANC_M": 15.0, "INC_PRM": "Art 289 COT Ord 12692 (Art. 47 del Dec.ley 8912/77 por mejora morfológica)", "COLOR_HEX": "#C69C9C" }, "bbox": [ -58.0000070597, -34.9124240085, -57.9943534977, -34.9071024276 ], "geometry": { "type": "MultiPolygon", "coordinates": [ [ [ [ -57.9976778309, -34.9097935481 ], [ -57.99652565, -34.9106273231 ], [ -57.9954694916, -34.909666813 ], [ -57.9943534977, -34.9104861529 ], [ -57.9964889478, -34.9124240085 ], [ -57.9975740311, -34.9116006845 ], [ -57.9975094013, -34.9115420469 ], [ -57.997575881, -34.9114938325 ], [ -57.9982620853, -34.9109844574 ], [ -57.998600279, -34.9107315626 ], [ -57.9987339092, -34.9106337011 ], [ -57.9992983957, -34.9102154669 ], [ -57.9996236922, -34.9099745241 ], [ -57.9997262275, -34.9098972148 ], [ -57.9987269404, -34.9089849443 ], [ -58.0000070597, -34.9080410716 ], [ -57.998967367, -34.9071024276 ], [ -57.997720108, -34.9080143735 ], [ -57.9970222809, -34.907389752 ], [ -57.9973728744, -34.908269325 ], [ -57.997734936, -34.9091511336 ], [ -57.9976778309, -34.9097935481 ] ] ] ] } },
{ "type": "Feature", "properties": { "ZONA_COD": "AU-R3", "ZONA_DESC": "RESIDENCIAL 3", "AREA_TIPO": "Urbana", "DENOM": "Residencial 3", "FOS_MAX": "0.6", "FOT_RES": "1.2", "FOT_COM": null, "FOT_MIN": "NO", "DENS_RES": "300", "DENS_COM": null, "ALTURA_M": 9.0, "NIVELES": 3.0, "CUF_AV": "80", "CUF_CAL": "100", "RET_FRENTE": "NO", "RET_FONDO": "SI", "RET_LATERA": "SI", "PARC_SUP_M": "375", "PARC_ANC_M": 15.0, "INC_PRM": "CUF x 2.0 (por Distrito de interes urbanistico Ver COT Art 16 , 244 y 286 Ord 12692)", "COLOR_HEX": "#5290CE" }, "bbox": [ -58.0038497728, -34.915815217, -57.9964889478, -34.9098972148 ], "geometry": { "type": "MultiPolygon", "coordinates": [ [ [ [ -58.0001813393, -34.9157992522 ], [ -58.000527134, -34.915815217 ], [ -58.0004773889, -34.9157456598 ], [ -58.0002459664, -34.9154220127 ], [ -57.9997594952, -34.9153066693 ], [ -57.999619263, -34.915262321 ], [ -57.9995073037, -34.9151525237 ], [ -58.0005793181, -34.9143467491 ], [ -58.0016161078, -34.9152773433 ], [ -58.0038497728, -34.9135830952 ], [ -58.002914977, -34.912755048 ], [ -58.0027915037, -34.912545881 ], [ -58.000924146, -34.9108838628 ], [ -58.0007155402, -34.9107996512 ], [ -57.9997262275, -34.9098972148 ], [ -57.9996236922, -34.9099745241 ], [ -57.9992983957, -34.9102154669 ], [ -57.9987339092, -34.9106337011 ], [ -57.998600279, -34.9107315626 ], [ -57.9982620853, -34.9109844574 ], [ -57.997575881, -34.9114938325 ], [ -57.9975094013, -34.9115420469 ], [ -57.9975740311, -34.9116006845 ], [ -57.9964889478, -34.9124240085 ], [ -57.9980152664, -34.9138348604 ], [ -57.9994744794, -34.9151836222 ], [ -58.0001813393, -34.9157992522 ] ] ] ] } },
{ "type": "Feature", "properties": { "ZONA_COD": "AU-R3", "ZONA_DESC": "RESIDENCIAL 3", "AREA_TIPO": "Urbana", "DENOM": "Residencial 3", "FOS_MAX": "0.6", "FOT_RES": "1.2", "FOT_COM": null, "FOT_MIN": "NO", "DENS_RES": "300", "DENS_COM": null, "ALTURA_M": 9.0, "NIVELES": 3.0, "CUF_AV": "80", "CUF_CAL": "100", "RET_FRENTE": "NO", "RET_FONDO": "SI", "RET_LATERA": "SI", "PARC_SUP_M": "375", "PARC_ANC_M": 15.0, "INC_PRM": "CUF x 2.0 (por Distrito de interes urbanistico Ver COT Art 16 , 244 y 286 Ord 12692)", "COLOR_HEX": "#5290CE" }, "bbox": [ -58.0301213494, -34.9389944999, -58.0216896, -34.9319692623 ], "geometry": { "type": "MultiPolygon", "coordinates": [ [ [ [ -58.0260522733, -34.9319692623 ], [ -58.0216896, -34.9352074943 ], [ -58.0226400548, -34.936048373 ], [ -58.0226188623, -34.9363308537 ], [ -58.0245145567, -34.938034926 ], [ -58.024678674, -34.9381351671 ], [ -58.0256299804, -34.9389944999 ], [ -58.0301213494, -34.9356535653 ], [ -58.0260522733, -34.9319692623 ] ] ] ] } },
{ "type": "Feature", "properties": { "ZONA_COD": "AU-R3", "ZONA_DESC": "RESIDENCIAL 3", "AREA_TIPO": "Urbana", "DENOM": "Residencial 3", "FOS_MAX": "0.6", "FOT_RES": "1.2", "FOT_COM": null, "FOT_MIN": "NO", "DENS_RES": "300", "DENS_COM": null, "ALTURA_M": 9.0, "NIVELES": 3.0, "CUF_AV": "80", "CUF_CAL": "100", "RET_FRENTE": "NO", "RET_FONDO": "SI", "RET_LATERA": "SI", "PARC_SUP_M": "375", "PARC_ANC_M": 15.0, "INC_PRM": "CUF x 2.0 (por Distrito de interes urbanistico Ver COT Art 16 , 244 y 286 Ord 12692)", "COLOR_HEX": "#5290CE" }, "bbox": [ -58.0109521112, -34.932834679, -58.0024226594, -34.9258030993 ], "geometry": { "type": "MultiPolygon", "coordinates": [ [ [ [ -58.0109521112, -34.9294966842 ], [ -58.0069111343, -34.9258030993 ], [ -58.0024230119, -34.9291379492 ], [ -58.0024226594, -34.9291382118 ], [ -58.0064712058, -34.932834679 ], [ -58.0109521112, -34.9294966842 ] ] ] ] } },
{ "type": "Feature", "properties": { "ZONA_COD": "AU-R3", "ZONA_DESC": "RESIDENCIAL 3", "AREA_TIPO": "Urbana", "DENOM": "Residencial 3", "FOS_MAX": "0.6", "FOT_RES": "1.2", "FOT_COM": null, "FOT_MIN": "NO", "DENS_RES": "300", "DENS_COM": null, "ALTURA_M": 9.0, "NIVELES": 3.0, "CUF_AV": "80", "CUF_CAL": "100", "RET_FRENTE": "NO", "RET_FONDO": "SI", "RET_LATERA": "SI", "PARC_SUP_M": "375", "PARC_ANC_M": 15.0, "INC_PRM": "CUF x 2.0 (por Distrito de interes urbanistico Ver COT Art 16 , 244 y 286 Ord 12692)", "COLOR_HEX": "#5290CE" }, "bbox": [ -58.0159946656, -34.9384490566, -58.0085798282, -34.9314298723 ], "geometry": { "type": "MultiPolygon", "coordinates": [ [ [ [ -58.0085798282, -34.9347659803 ], [ -58.0090883049, -34.9352351593 ], [ -58.0105342025, -34.9365374145 ], [ -58.0106792802, -34.9366412781 ], [ -58.0126524423, -34.9384490566 ], [ -58.0159946656, -34.9359420417 ], [ -58.0139722558, -34.9341138558 ], [ -58.0150922202, -34.9332792328 ], [ -58.013071833, -34.9314298723 ], [ -58.0085798282, -34.9347659803 ] ] ] ] } },
{ "type": "Feature", "properties": { "ZONA_COD": "AU-R3", "ZONA_DESC": "RESIDENCIAL 3", "AREA_TIPO": "Urbana", "DENOM": "Residencial 3", "FOS_MAX": "0.6", "FOT_RES": "1.2", "FOT_COM": null, "FOT_MIN": "NO", "DENS_RES": "300", "DENS_COM": null, "ALTURA_M": 9.0, "NIVELES": 3.0, "CUF_AV": "80", "CUF_CAL": "100", "RET_FRENTE": "NO", "RET_FONDO": "SI", "RET_LATERA": "SI", "PARC_SUP_M": "375", "PARC_ANC_M": 15.0, "INC_PRM": "CUF x 2.0 (por Distrito de interes urbanistico Ver COT Art 16 , 244 y 286 Ord 12692)", "COLOR_HEX": "#5290CE" }, "bbox": [ -58.010291006, -34.9435338837, -58.001727773, -34.936501965 ], "geometry": { "type": "MultiPolygon", "coordinates": [ [ [ [ -58.001727773, -34.9398629581 ], [ -58.00368952, -34.9416180606 ], [ -58.0058085268, -34.9435338837 ], [ -58.0068535211, -34.9427648545 ], [ -58.0070179423, -34.942628332 ], [ -58.0090878804, -34.9410530607 ], [ -58.0092600133, -34.9409674362 ], [ -58.010291006, -34.9401989655 ], [ -58.0073229663, -34.9375034716 ], [ -58.0072008015, -34.9373737111 ], [ -58.0067212911, -34.9369402568 ], [ -58.0062414083, -34.936501965 ], [ -58.0059248955, -34.9367376521 ], [ -58.0051944841, -34.937281617 ], [ -58.0052094929, -34.937295284 ], [ -58.0039895482, -34.9381882037 ], [ -58.0027695774, -34.93908111 ], [ -58.001727773, -34.9398629581 ] ] ] ] } },
{ "type": "Feature", "properties": { "ZONA_COD": "AU-R3", "ZONA_DESC": "RESIDENCIAL 3", "AREA_TIPO": "Urbana", "DENOM": "Residencial 3", "FOS_MAX": "0.6", "FOT_RES": "1.2", "FOT_COM": null, "FOT_MIN": "NO", "DENS_RES": "300", "DENS_COM": null, "ALTURA_M": 9.0, "NIVELES": 3.0, "CUF_AV": "80", "CUF_CAL": "100", "RET_FRENTE": "NO", "RET_FONDO": "SI", "RET_LATERA": "SI", "PARC_SUP_M": "375", "PARC_ANC_M": 15.0, "INC_PRM": "CUF x 2.0 (por Distrito de interes urbanistico Ver COT Art 16 , 244 y 286 Ord 12692)", "COLOR_HEX": "#5290CE" }, "bbox": [ -58.0034800067, -34.9486001416, -57.9949293957, -34.9416602271 ], "geometry": { "type": "MultiPolygon", "coordinates": [ [ [ [ -57.9989925201, -34.9486001416 ], [ -58.0012832138, -34.9469483964 ], [ -58.0022224217, -34.9462393762 ], [ -58.002421278, -34.9460369038 ], [ -58.0034800067, -34.9452681966 ], [ -58.0025255625, -34.9443956383 ], [ -58.0023584676, -34.9442861873 ], [ -58.0004529103, -34.9425553386 ], [ -58.0003535505, -34.9425366695 ], [ -57.9993890869, -34.9416602271 ], [ -57.9983477116, -34.9424448649 ], [ -57.9982498824, -34.9425228748 ], [ -57.9982231717, -34.9425441744 ], [ -57.9972157925, -34.9432366011 ], [ -57.9965764249, -34.9437048124 ], [ -57.9956339138, -34.9443949998 ], [ -57.9949293957, -34.9449108968 ], [ -57.9949432201, -34.9449234496 ], [ -57.9989925201, -34.9486001416 ] ] ] ] } },
{ "type": "Feature", "properties": { "ZONA_COD": "AU-R3", "ZONA_DESC": "RESIDENCIAL 3", "AREA_TIPO": "Urbana", "DENOM": "Residencial 3", "FOS_MAX": "0.6", "FOT_RES": "1.2", "FOT_COM": null, "FOT_MIN": "NO", "DENS_RES": "300", "DENS_COM": null, "ALTURA_M": 9.0, "NIVELES": 3.0, "CUF_AV": "80", "CUF_CAL": "100", "RET_FRENTE": "NO", "RET_FONDO": "SI", "RET_LATERA": "SI", "PARC_SUP_M": "375", "PARC_ANC_M": 15.0, "INC_PRM": "CUF x 2.0 (por Distrito de interes urbanistico Ver COT Art 16 , 244 y 286 Ord 12692)", "COLOR_HEX": "#5290CE" }, "bbox": [ -58.009608095, -34.9542141891, -58.0011096492, -34.9472341236 ], "geometry": { "type": "MultiPolygon", "coordinates": [ [ [ [ -58.009608095, -34.9509430095 ], [ -58.0086639049, -34.9501122266 ], [ -58.0085289958, -34.9499752661 ], [ -58.0075889902, -34.9491167706 ], [ -58.0076051699, -34.9491048501 ], [ -58.0073034537, -34.9488299633 ], [ -58.0072730818, -34.9487287347 ], [ -58.0067049648, -34.9482026574 ], [ -58.0065402359, -34.948104956 ], [ -58.0055746824, -34.9472341236 ], [ -58.0011096492, -34.9505222761 ], [ -58.005176477, -34.9542141891 ], [ -58.0062239453, -34.9534348223 ], [ -58.0062343873, -34.9534440754 ], [ -58.0062984757, -34.9533965669 ], [ -58.0063967374, -34.9533236121 ], [ -58.0071687757, -34.9527514005 ], [ -58.009608095, -34.9509430095 ] ] ] ] } },
{ "type": "Feature", "properties": { "ZONA_COD": "AU-R3", "ZONA_DESC": "RESIDENCIAL 3", "AREA_TIPO": "Urbana", "DENOM": "Residencial 3", "FOS_MAX": "0.6", "FOT_RES": "1.2", "FOT_COM": null, "FOT_MIN": "NO", "DENS_RES": "300", "DENS_COM": null, "ALTURA_M": 9.0, "NIVELES": 3.0, "CUF_AV": "80", "CUF_CAL": "100", "RET_FRENTE": "NO", "RET_FONDO": "SI", "RET_LATERA": "SI", "PARC_SUP_M": "375", "PARC_ANC_M": 15.0, "INC_PRM": "CUF x 2.0 (por Distrito de interes urbanistico Ver COT Art 16 , 244 y 286 Ord 12692)", "COLOR_HEX": "#5290CE" }, "bbox": [ -58.0234774468, -34.9440736316, -58.0146455935, -34.936880567 ], "geometry": { "type": "MultiPolygon", "coordinates": [ [ [ [ -58.0192816688, -34.936880567 ], [ -58.0146455935, -34.9404213301 ], [ -58.0157061892, -34.9413750908 ], [ -58.015791239, -34.9413114844 ], [ -58.0188321013, -34.9440736316 ], [ -58.0222504649, -34.94155527 ], [ -58.0229276715, -34.9410563306 ], [ -58.0234774468, -34.9406512705 ], [ -58.0203888242, -34.9378728448 ], [ -58.0192816688, -34.936880567 ] ] ] ] } },
{ "type": "Feature", "properties": { "ZONA_COD": "AU-EV", "ZONA_DESC": "ESPACIO VERDE", "AREA_TIPO": "Urbana", "DENOM": "Espacio Verde", "FOS_MAX": null, "FOT_RES": null, "FOT_COM": null, "FOT_MIN": null, "DENS_RES": null, "DENS_COM": null, "ALTURA_M": 0.0, "NIVELES": 0.0, "CUF_AV": null, "CUF_CAL": null, "RET_FRENTE": null, "RET_FONDO": null, "RET_LATERA": null, "PARC_SUP_M": null, "PARC_ANC_M": 0.0, "INC_PRM": null, "COLOR_HEX": "#9AD66E" }, "bbox": [ -58.0076774539, -34.9563831363, -58.0069287134, -34.9558086152 ], "geometry": { "type": "MultiPolygon", "coordinates": [ [ [ [ -58.0076774539, -34.955828921 ], [ -58.0069498538, -34.9558086152 ], [ -58.0069287134, -34.9563831363 ], [ -58.0069668473, -34.9563544002 ], [ -58.0069950672, -34.9563746377 ], [ -58.0073013664, -34.9561423986 ], [ -58.0076683464, -34.9558641465 ], [ -58.0076498815, -34.9558493104 ], [ -58.0076774539, -34.955828921 ] ] ] ] } },
{ "type": "Feature", "properties": { "ZONA_COD": "AU-R3", "ZONA_DESC": "RESIDENCIAL 3", "AREA_TIPO": "Urbana", "DENOM": "Residencial 3", "FOS_MAX": "0.6", "FOT_RES": "1.2", "FOT_COM": null, "FOT_MIN": "NO", "DENS_RES": "300", "DENS_COM": null, "ALTURA_M": 9.0, "NIVELES": 3.0, "CUF_AV": "80", "CUF_CAL": "100", "RET_FRENTE": "NO", "RET_FONDO": "SI", "RET_LATERA": "SI", "PARC_SUP_M": "375", "PARC_ANC_M": 15.0, "INC_PRM": "CUF x 2.0 (por Distrito de interes urbanistico Ver COT Art 16 , 244 y 286 Ord 12692)", "COLOR_HEX": "#5290CE" }, "bbox": [ -58.0299211837, -34.9613294111, -58.0144195723, -34.9477520251 ], "geometry": { "type": "MultiPolygon", "coordinates": [ [ [ [ -58.0191301106, -34.955634975 ], [ -58.0253845465, -34.9613294111 ], [ -58.0287768324, -34.9588436814 ], [ -58.0299211837, -34.9579924434 ], [ -58.0289048122, -34.9570916141 ], [ -58.0287781373, -34.9569814561 ], [ -58.0278939194, -34.9561890994 ], [ -58.0277846212, -34.9560595683 ], [ -58.0248413559, -34.9534451483 ], [ -58.0246937133, -34.9533387405 ], [ -58.0238076041, -34.9525455043 ], [ -58.0235994453, -34.952266951 ], [ -58.0217322126, -34.9505806358 ], [ -58.0215369032, -34.9504300434 ], [ -58.020707597, -34.9496762011 ], [ -58.0205445013, -34.9495097537 ], [ -58.0197114728, -34.948746017 ], [ -58.0195001852, -34.9485984365 ], [ -58.0185775419, -34.9477520251 ], [ -58.0175527204, -34.9485116258 ], [ -58.0152119128, -34.9502375552 ], [ -58.0154548323, -34.9504653022 ], [ -58.0144195723, -34.9512091279 ], [ -58.0144818602, -34.9512684688 ], [ -58.0149369766, -34.9516996559 ], [ -58.0150302902, -34.9517880575 ], [ -58.0154854119, -34.9522192428 ], [ -58.0155787274, -34.9523076435 ], [ -58.0160338545, -34.952738827 ], [ -58.0161997164, -34.9528978047 ], [ -58.0191301106, -34.955634975 ] ] ] ] } },
{ "type": "Feature", "properties": { "ZONA_COD": "AU-R3", "ZONA_DESC": "RESIDENCIAL 3", "AREA_TIPO": "Urbana", "DENOM": "Residencial 3", "FOS_MAX": "0.6", "FOT_RES": "1.2", "FOT_COM": null, "FOT_MIN": "NO", "DENS_RES": "300", "DENS_COM": null, "ALTURA_M": 9.0, "NIVELES": 3.0, "CUF_AV": "80", "CUF_CAL": "100", "RET_FRENTE": "NO", "RET_FONDO": "SI", "RET_LATERA": "SI", "PARC_SUP_M": "375", "PARC_ANC_M": 15.0, "INC_PRM": "CUF x 2.0 (por Distrito de interes urbanistico Ver COT Art 16 , 244 y 286 Ord 12692)", "COLOR_HEX": "#5290CE" }, "bbox": [ -58.0230043081, -34.9663949388, -58.0073013664, -34.9528261071 ], "geometry": { "type": "MultiPolygon", "coordinates": [ [ [ [ -58.0102574532, -34.9588332708 ], [ -58.0103821676, -34.9589932701 ], [ -58.011017205, -34.9595531853 ], [ -58.0117054364, -34.9595587261 ], [ -58.0116753639, -34.9601445957 ], [ -58.0122788171, -34.9606949799 ], [ -58.0127264196, -34.9607151724 ], [ -58.0139112251, -34.961815912 ], [ -58.0136609411, -34.9620010248 ], [ -58.0160685431, -34.9641567277 ], [ -58.016411433, -34.9644756578 ], [ -58.016587291, -34.9646087422 ], [ -58.0185608568, -34.9663949388 ], [ -58.0185709499, -34.9663875338 ], [ -58.0230043081, -34.9631026638 ], [ -58.0229180532, -34.9630282332 ], [ -58.0169764798, -34.9575734996 ], [ -58.0167516061, -34.9574068894 ], [ -58.0138299696, -34.9547328452 ], [ -58.0128162628, -34.9538169487 ], [ -58.0117312037, -34.9528261071 ], [ -58.010731127, -34.9535672151 ], [ -58.0097428432, -34.9542995609 ], [ -58.0097341917, -34.9543059721 ], [ -58.0094660768, -34.9545046486 ], [ -58.0084670802, -34.9552449057 ], [ -58.0083883598, -34.9553032367 ], [ -58.0076774539, -34.955828921 ], [ -58.0076498815, -34.9558493104 ], [ -58.0076683464, -34.9558641465 ], [ -58.0073013664, -34.9561423986 ], [ -58.0102574532, -34.9588332708 ] ] ] ] } },
{ "type": "Feature", "properties": { "ZONA_COD": "AU-R3", "ZONA_DESC": "RESIDENCIAL 3", "AREA_TIPO": "Urbana", "DENOM": "Residencial 3", "FOS_MAX": "0.6", "FOT_RES": "1.2", "FOT_COM": null, "FOT_MIN": "NO", "DENS_RES": "300", "DENS_COM": null, "ALTURA_M": 9.0, "NIVELES": 3.0, "CUF_AV": "80", "CUF_CAL": "100", "RET_FRENTE": "NO", "RET_FONDO": "SI", "RET_LATERA": "SI", "PARC_SUP_M": "375", "PARC_ANC_M": 15.0, "INC_PRM": "CUF x 2.0 (por Distrito de interes urbanistico Ver COT Art 16 , 244 y 286 Ord 12692)", "COLOR_HEX": "#5290CE" }, "bbox": [ -58.0162133717, -34.9766346565, -57.9935592264, -34.9579234222 ], "geometry": { "type": "MultiPolygon", "coordinates": [ [ [ [ -57.9935592264, -34.9663617079 ], [ -57.9946718352, -34.9673505854 ], [ -57.9965226022, -34.9690470071 ], [ -57.9986586468, -34.9709914241 ], [ -57.9987445257, -34.971141887 ], [ -58.0016244031, -34.9737345938 ], [ -58.0017641929, -34.9738777524 ], [ -58.0026282624, -34.974677336 ], [ -58.0027943312, -34.9748037285 ], [ -58.0036665351, -34.9755968874 ], [ -58.0038115031, -34.9757319395 ], [ -58.0047939504, -34.9766346565 ], [ -58.0106323905, -34.9723648481 ], [ -58.0128785354, -34.9706285081 ], [ -58.0150838332, -34.9689547124 ], [ -58.0162133717, -34.9681236786 ], [ -58.0154970734, -34.9674810644 ], [ -58.0140208929, -34.9661465793 ], [ -58.0134213473, -34.9656027143 ], [ -58.013478448, -34.9655571034 ], [ -58.0122130533, -34.9644064694 ], [ -58.011848103, -34.9640744388 ], [ -58.0117791115, -34.9641265824 ], [ -58.0114177217, -34.9638003173 ], [ -58.0112797333, -34.9639057332 ], [ -58.0109946455, -34.9636446456 ], [ -58.0099878581, -34.9627337951 ], [ -58.0101381905, -34.9626243818 ], [ -58.0090532808, -34.9616568992 ], [ -58.0089154471, -34.9615154188 ], [ -58.0079108144, -34.9606079291 ], [ -58.006697227, -34.9595071949 ], [ -58.0059796247, -34.9588571991 ], [ -58.0059047084, -34.9589124858 ], [ -58.0057986487, -34.9588216156 ], [ -58.0052525552, -34.9583236529 ], [ -58.0052801859, -34.9583030225 ], [ -58.0048634167, -34.9579234222 ], [ -58.0038440559, -34.9586765568 ], [ -58.0037733179, -34.9587288191 ], [ -58.0037127144, -34.958774001 ], [ -58.0016253196, -34.9603301645 ], [ -57.9993977186, -34.9619907438 ], [ -57.9990461593, -34.9622528053 ], [ -57.9969326553, -34.9638282116 ], [ -57.9961837818, -34.9643863974 ], [ -57.9961611125, -34.964975894 ], [ -57.9954385019, -34.9649560073 ], [ -57.9946176061, -34.9655619948 ], [ -57.9935592264, -34.9663617079 ] ] ] ] } },
{ "type": "Feature", "properties": { "ZONA_COD": "AU-R3", "ZONA_DESC": "RESIDENCIAL 3", "AREA_TIPO": "Urbana", "DENOM": "Residencial 3", "FOS_MAX": "0.6", "FOT_RES": "1.2", "FOT_COM": null, "FOT_MIN": "NO", "DENS_RES": "300", "DENS_COM": null, "ALTURA_M": 9.0, "NIVELES": 3.0, "CUF_AV": "80", "CUF_CAL": "100", "RET_FRENTE": "NO", "RET_FONDO": "SI", "RET_LATERA": "SI", "PARC_SUP_M": "375", "PARC_ANC_M": 15.0, "INC_PRM": "CUF x 2.0 (por Distrito de interes urbanistico Ver COT Art 16 , 244 y 286 Ord 12692)", "COLOR_HEX": "#5290CE" }, "bbox": [ -58.0024870607, -34.9817168495, -57.9867556851, -34.9681248873 ], "geometry": { "type": "MultiPolygon", "coordinates": [ [ [ [ -57.991898648, -34.9760952197 ], [ -57.9920103546, -34.9761933394 ], [ -57.9949574168, -34.9788912857 ], [ -57.9980441643, -34.9817168495 ], [ -58.0024870607, -34.9783445582 ], [ -58.0015049894, -34.9774612566 ], [ -58.0013272815, -34.9773223869 ], [ -58.0004611103, -34.9765268538 ], [ -58.0003057641, -34.9763686964 ], [ -57.9993447522, -34.9755019514 ], [ -57.9993565558, -34.9754930598 ], [ -57.9973544796, -34.9737165893 ], [ -57.9964598943, -34.9728422541 ], [ -57.9953268403, -34.9718462882 ], [ -57.9952519465, -34.9716943666 ], [ -57.9932218745, -34.9698737755 ], [ -57.9923477056, -34.9690663875 ], [ -57.9922982006, -34.9691030214 ], [ -57.9912256287, -34.9681248873 ], [ -57.9901212909, -34.9689592405 ], [ -57.9890725842, -34.9697792009 ], [ -57.9889119734, -34.9698483138 ], [ -57.9884576944, -34.9701815298 ], [ -57.9879326747, -34.9705687508 ], [ -57.9867556851, -34.9714345947 ], [ -57.9918642597, -34.9761207776 ], [ -57.991898648, -34.9760952197 ] ] ] ] } },
{ "type": "Feature", "properties": { "ZONA_COD": "AU-EV", "ZONA_DESC": "ESPACIO VERDE", "AREA_TIPO": "Urbana", "DENOM": "Espacio Verde", "FOS_MAX": null, "FOT_RES": null, "FOT_COM": null, "FOT_MIN": null, "DENS_RES": null, "DENS_COM": null, "ALTURA_M": 0.0, "NIVELES": 0.0, "CUF_AV": null, "CUF_CAL": null, "RET_FRENTE": null, "RET_FONDO": null, "RET_LATERA": null, "PARC_SUP_M": null, "PARC_ANC_M": 0.0, "INC_PRM": null, "COLOR_HEX": "#9AD66E" }, "bbox": [ -57.9865931039, -34.978834177, -57.9858370825, -34.9782232108 ], "geometry": { "type": "MultiPolygon", "coordinates": [ [ [ [ -57.9865931039, -34.9782499585 ], [ -57.9858694212, -34.9782232108 ], [ -57.9858370825, -34.9788123081 ], [ -57.9865628795, -34.978834177 ], [ -57.9865931039, -34.9782499585 ] ] ] ] } },
{ "type": "Feature", "properties": { "ZONA_COD": "AU-R3", "ZONA_DESC": "RESIDENCIAL 3", "AREA_TIPO": "Urbana", "DENOM": "Residencial 3", "FOS_MAX": "0.6", "FOT_RES": "1.2", "FOT_COM": null, "FOT_MIN": "NO", "DENS_RES": "300", "DENS_COM": null, "ALTURA_M": 9.0, "NIVELES": 3.0, "CUF_AV": "80", "CUF_CAL": "100", "RET_FRENTE": "NO", "RET_FONDO": "SI", "RET_LATERA": "SI", "PARC_SUP_M": "375", "PARC_ANC_M": 15.0, "INC_PRM": "CUF x 2.0 (por Distrito de interes urbanistico Ver COT Art 16 , 244 y 286 Ord 12692)", "COLOR_HEX": "#5290CE" }, "bbox": [ -57.9915501157, -34.9811698224, -57.9798811217, -34.9731616402 ], "geometry": { "type": "MultiPolygon", "coordinates": [ [ [ [ -57.9860326734, -34.9803775458 ], [ -57.9862269746, -34.9802849543 ], [ -57.9883746258, -34.9786802382 ], [ -57.9904365149, -34.9805373985 ], [ -57.9915501157, -34.9796884987 ], [ -57.9896346983, -34.9779657412 ], [ -57.9894192045, -34.977692163 ], [ -57.9863776074, -34.9749595954 ], [ -57.9844040731, -34.9731616402 ], [ -57.9809541271, -34.9757135367 ], [ -57.9798811217, -34.9765338308 ], [ -57.9808231139, -34.9773912282 ], [ -57.9808620321, -34.9773631181 ], [ -57.9819817096, -34.9783652408 ], [ -57.9849975159, -34.9811698224 ], [ -57.9860326734, -34.9803775458 ] ], [ [ -57.9858694212, -34.9782232108 ], [ -57.9865931039, -34.9782499585 ], [ -57.9865628795, -34.978834177 ], [ -57.9858370825, -34.9788123081 ], [ -57.9858694212, -34.9782232108 ] ] ] ] } },
{ "type": "Feature", "properties": { "ZONA_COD": "AC-CS2", "ZONA_DESC": "CORREDOR SERVICIOS 2", "AREA_TIPO": "Complem.", "DENOM": "Corredor Serv. 2", "FOS_MAX": "0.5", "FOT_RES": "0.8", "FOT_COM": null, "FOT_MIN": null, "DENS_RES": "80", "DENS_COM": null, "ALTURA_M": 9.0, "NIVELES": 3.0, "CUF_AV": null, "CUF_CAL": null, "RET_FRENTE": "SI", "RET_FONDO": "SI", "RET_LATERA": "SI", "PARC_SUP_M": "2000", "PARC_ANC_M": 40.0, "INC_PRM": "No aplica", "COLOR_HEX": "#D98E9F" }, "bbox": [ -58.0326665738, -35.0060764062, -58.0218203299, -34.9976757257 ], "geometry": { "type": "MultiPolygon", "coordinates": [ [ [ [ -58.0320964936, -34.9976980342 ], [ -58.032071809, -34.9976757257 ], [ -58.0285678191, -35.0002805229 ], [ -58.028508249, -35.0002284216 ], [ -58.0218203299, -35.005243053 ], [ -58.0225381427, -35.0058883229 ], [ -58.0227450731, -35.0060764062 ], [ -58.0228720511, -35.0059836537 ], [ -58.0239111026, -35.0052024792 ], [ -58.025026655, -35.0043636923 ], [ -58.0260694575, -35.0035796751 ], [ -58.0259298953, -35.0032804967 ], [ -58.0291263665, -35.000844602 ], [ -58.0292351584, -35.0007589407 ], [ -58.0293429385, -35.0006764971 ], [ -58.0326073948, -34.9982410737 ], [ -58.0326665738, -34.9981960455 ], [ -58.0320964936, -34.9976980342 ] ] ] ] } },
{ "type": "Feature", "properties": { "ZONA_COD": "AU-CC4", "ZONA_DESC": "CORREDOR CENTRALIDAD 4", "AREA_TIPO": "Urbana", "DENOM": "Corredor Central. 4", "FOS_MAX": "0.6", "FOT_RES": "1.2", "FOT_COM": null, "FOT_MIN": "NO", "DENS_RES": "300", "DENS_COM": null, "ALTURA_M": 12.0, "NIVELES": 4.0, "CUF_AV": "50", "CUF_CAL": "60", "RET_FRENTE": "NO", "RET_FONDO": "SI", "RET_LATERA": "NO", "PARC_SUP_M": "375", "PARC_ANC_M": 15.0, "INC_PRM": "Art 289 COT Ord 12692 (Art. 47 del Dec.ley 8912/77 por mejora morfológica)", "COLOR_HEX": "#C69C9C" }, "bbox": [ -57.9949109299, -34.9065322665, -57.9886444269, -34.9015412881 ], "geometry": { "type": "MultiPolygon", "coordinates": [ [ [ [ -57.9937453312, -34.9042857015 ], [ -57.9944545356, -34.9037365008 ], [ -57.9949109299, -34.9033981084 ], [ -57.9939462002, -34.902499585 ], [ -57.9936026429, -34.9023902706 ], [ -57.9926718869, -34.9015412881 ], [ -57.9915293225, -34.9023710683 ], [ -57.9915265148, -34.9023731628 ], [ -57.9892364632, -34.904095021 ], [ -57.9892444699, -34.9041023388 ], [ -57.9886848226, -34.9045179541 ], [ -57.989131497, -34.904926062 ], [ -57.9886444269, -34.9052876515 ], [ -57.9899789651, -34.9065022965 ], [ -57.9906653807, -34.9065322665 ], [ -57.993653612, -34.9043080155 ], [ -57.9936817032, -34.9043330877 ], [ -57.9937453312, -34.9042857015 ] ] ] ] } },
{ "type": "Feature", "properties": { "ZONA_COD": "AU-CC4", "ZONA_DESC": "CORREDOR CENTRALIDAD 4", "AREA_TIPO": "Urbana", "DENOM": "Corredor Central. 4", "FOS_MAX": "0.6", "FOT_RES": "1.2", "FOT_COM": null, "FOT_MIN": "NO", "DENS_RES": "300", "DENS_COM": null, "ALTURA_M": 12.0, "NIVELES": 4.0, "CUF_AV": "50", "CUF_CAL": "60", "RET_FRENTE": "NO", "RET_FONDO": "SI", "RET_LATERA": "NO", "PARC_SUP_M": "375", "PARC_ANC_M": 15.0, "INC_PRM": "Art 289 COT Ord 12692 (Art. 47 del Dec.ley 8912/77 por mejora morfológica)", "COLOR_HEX": "#C69C9C" }, "bbox": [ -58.0060819873, -34.9020877, -57.9941737907, -34.8941041772 ], "geometry": { "type": "MultiPolygon", "coordinates": [ [ [ [ -57.9970738651, -34.9017258614 ], [ -57.9977412052, -34.901241107 ], [ -57.9978112903, -34.9013010207 ], [ -57.9987901142, -34.9005612141 ], [ -57.9987978322, -34.9004522091 ], [ -57.9992579172, -34.900111715 ], [ -57.9994482255, -34.9000071121 ], [ -57.9999570349, -34.8996363585 ], [ -57.9999604919, -34.8996395358 ], [ -58.0003185956, -34.8993745272 ], [ -58.0004513598, -34.8992494612 ], [ -58.0009432251, -34.8988902225 ], [ -58.0014316209, -34.8985340793 ], [ -58.0015760898, -34.8984314648 ], [ -58.0020799826, -34.8980449326 ], [ -58.0020395347, -34.898010297 ], [ -58.0026308452, -34.8975649312 ], [ -58.0026679522, -34.89759843 ], [ -58.0042761486, -34.8964244235 ], [ -58.0049444582, -34.8959231513 ], [ -58.0060055872, -34.8951411962 ], [ -58.0060819873, -34.895084824 ], [ -58.0050249628, -34.8941041772 ], [ -58.003323682, -34.8953686042 ], [ -58.0016092891, -34.8966427115 ], [ -57.9993385648, -34.8983328236 ], [ -57.9982748152, -34.8973831107 ], [ -57.9941737907, -34.9004140221 ], [ -57.9942291539, -34.900468342 ], [ -57.9947973033, -34.9010041149 ], [ -57.9951333008, -34.9007719208 ], [ -57.9954213347, -34.9010412677 ], [ -57.9956498444, -34.901248878 ], [ -57.9965810762, -34.9020877 ], [ -57.9970738651, -34.9017258614 ] ] ] ] } },
{ "type": "Feature", "properties": { "ZONA_COD": "AC-RU", "ZONA_DESC": "RESERVA URBANA", "AREA_TIPO": "Complem.", "DENOM": "Reserva Urbana", "FOS_MAX": "0.2", "FOT_RES": "0.3", "FOT_COM": null, "FOT_MIN": null, "DENS_RES": "1 vivienda por parcela", "DENS_COM": null, "ALTURA_M": 6.0, "NIVELES": 2.0, "CUF_AV": null, "CUF_CAL": null, "RET_FRENTE": "SI", "RET_FONDO": "SI", "RET_LATERA": "SI", "PARC_SUP_M": "4 Ha", "PARC_ANC_M": 0.0, "INC_PRM": "No aplica", "COLOR_HEX": "#DFDDA1" }, "bbox": [ -58.1449789831, -34.8946055942, -58.1026895645, -34.8680608656 ], "geometry": { "type": "MultiPolygon", "coordinates": [ [ [ [ -58.1131558852, -34.8884026804 ], [ -58.1131516162, -34.8884055978 ], [ -58.1122279081, -34.8876127312 ], [ -58.1121244537, -34.8875261382 ], [ -58.1113668162, -34.8868815222 ], [ -58.1105334621, -34.8862291531 ], [ -58.1095422384, -34.8853886557 ], [ -58.1094189881, -34.8853070692 ], [ -58.1079884752, -34.8840313772 ], [ -58.1079414352, -34.8839993245 ], [ -58.1066539199, -34.8849370278 ], [ -58.1061605842, -34.8851763293 ], [ -58.1056957831, -34.8855012067 ], [ -58.1052593233, -34.8858062702 ], [ -58.1043405893, -34.8864471901 ], [ -58.1042500204, -34.8865117398 ], [ -58.1079681982, -34.8896977752 ], [ -58.105520302, -34.891666071 ], [ -58.1026895645, -34.8898664305 ], [ -58.1041573471, -34.893710981 ], [ -58.1057750026, -34.893327421 ], [ -58.1073458583, -34.8929547402 ], [ -58.1106178941, -34.892212848 ], [ -58.1108042246, -34.8921625723 ], [ -58.1151422304, -34.8912135295 ], [ -58.1152568104, -34.8911916948 ], [ -58.1166418949, -34.8908656564 ], [ -58.1172848814, -34.8907142951 ], [ -58.1192782449, -34.8902394684 ], [ -58.1215524334, -34.8896985244 ], [ -58.1210122961, -34.8892258956 ], [ -58.1204383155, -34.8887411916 ], [ -58.1237520339, -34.8862054163 ], [ -58.1239332545, -34.8860949274 ], [ -58.1274236115, -34.8833852584 ], [ -58.1304914095, -34.886003247 ], [ -58.1313856773, -34.8867526997 ], [ -58.1322840326, -34.8874808241 ], [ -58.1328299166, -34.8879437105 ], [ -58.1328105416, -34.8879592103 ], [ -58.140666804, -34.8945738706 ], [ -58.1407041457, -34.8946055942 ], [ -58.1407694715, -34.8945539308 ], [ -58.1409833879, -34.8943847522 ], [ -58.1414569736, -34.8940103239 ], [ -58.1419305557, -34.8936358939 ], [ -58.1423435486, -34.8933192057 ], [ -58.142756538, -34.8930025158 ], [ -58.1436857913, -34.892275449 ], [ -58.1444937575, -34.8916637742 ], [ -58.1449789831, -34.8912964236 ], [ -58.1408517991, -34.8877824126 ], [ -58.1393461307, -34.8865236765 ], [ -58.1392273159, -34.8864259436 ], [ -58.1387057918, -34.8859969535 ], [ -58.1385423814, -34.8858625363 ], [ -58.1385201511, -34.8858442495 ], [ -58.1383498114, -34.8857041306 ], [ -58.1377285265, -34.8851930666 ], [ -58.1372381666, -34.8847896937 ], [ -58.1362680625, -34.8839916641 ], [ -58.1358943385, -34.8836842236 ], [ -58.1348766036, -34.8828469782 ], [ -58.1346836936, -34.8826882766 ], [ -58.1343711504, -34.8824311551 ], [ -58.1338536778, -34.8820054367 ], [ -58.1336438759, -34.8818328334 ], [ -58.133294313, -34.8815452473 ], [ -58.1332589094, -34.8815161201 ], [ -58.1332397934, -34.8815003936 ], [ -58.1332253799, -34.8814885352 ], [ -58.1326889928, -34.8810472414 ], [ -58.1323079222, -34.8807337252 ], [ -58.1322409245, -34.8806786039 ], [ -58.1319236428, -34.8804175649 ], [ -58.1317118983, -34.8802433536 ], [ -58.1315972977, -34.8801464661 ], [ -58.1248499847, -34.8745965114 ], [ -58.116958816, -34.8680608656 ], [ -58.1128938741, -34.8712507645 ], [ -58.1128061335, -34.8711761118 ], [ -58.1119848492, -34.871841656 ], [ -58.1119568767, -34.8718171575 ], [ -58.1116570248, -34.8715545672 ], [ -58.1112927094, -34.8712323041 ], [ -58.1115480017, -34.8710286266 ], [ -58.1120611423, -34.8706193271 ], [ -58.1121147725, -34.8705775752 ], [ -58.1113497138, -34.8699158963 ], [ -58.1096757868, -34.8712222038 ], [ -58.1112373867, -34.8725713911 ], [ -58.1095661451, -34.8738843518 ], [ -58.1110483771, -34.8751414196 ], [ -58.1112607817, -34.875335872 ], [ -58.1119516498, -34.8759356505 ], [ -58.1126505706, -34.8765376225 ], [ -58.1128261812, -34.8766723796 ], [ -58.113494346, -34.8772440193 ], [ -58.1141807733, -34.8778370673 ], [ -58.114237999, -34.8778868394 ], [ -58.1142988795, -34.8778923514 ], [ -58.1143984677, -34.8779777564 ], [ -58.1159323784, -34.8792931686 ], [ -58.1174663376, -34.880608562 ], [ -58.1182448861, -34.8812805328 ], [ -58.1190234472, -34.8819524981 ], [ -58.120519571, -34.8832670488 ], [ -58.1188109698, -34.8846358305 ], [ -58.1175280527, -34.8856651055 ], [ -58.117142972, -34.885965327 ], [ -58.1169532321, -34.8858084772 ], [ -58.116609611, -34.8860426472 ], [ -58.1131558852, -34.8884026804 ] ] ] ] } },
{ "type": "Feature", "properties": { "ZONA_COD": "AU-EV", "ZONA_DESC": "ESPACIO VERDE", "AREA_TIPO": "Urbana", "DENOM": "Espacio Verde", "FOS_MAX": null, "FOT_RES": null, "FOT_COM": null, "FOT_MIN": null, "DENS_RES": null, "DENS_COM": null, "ALTURA_M": 0.0, "NIVELES": 0.0, "CUF_AV": null, "CUF_CAL": null, "RET_FRENTE": null, "RET_FONDO": null, "RET_LATERA": null, "PARC_SUP_M": null, "PARC_ANC_M": 0.0, "INC_PRM": null, "COLOR_HEX": "#9AD66E" }, "bbox": [ -58.0594187301, -34.8948107358, -58.0578125337, -34.8937507562 ], "geometry": { "type": "MultiPolygon", "coordinates": [ [ [ [ -58.0584778279, -34.8937507562 ], [ -58.0578125337, -34.8944148642 ], [ -58.0579584415, -34.8948107358 ], [ -58.0594187301, -34.8944726735 ], [ -58.0592744096, -34.894069609 ], [ -58.0584778279, -34.8937507562 ] ] ] ] } },
{ "type": "Feature", "properties": { "ZONA_COD": "AU-RM", "ZONA_DESC": "RESIDENCIAL MIXTA", "AREA_TIPO": "Urbana", "DENOM": "Residencial Mixta", "FOS_MAX": "0.6", "FOT_RES": "1.0", "FOT_COM": null, "FOT_MIN": "NO", "DENS_RES": "300", "DENS_COM": null, "ALTURA_M": 9.0, "NIVELES": 3.0, "CUF_AV": "100", "CUF_CAL": "125", "RET_FRENTE": "NO", "RET_FONDO": "SI", "RET_LATERA": "SI", "PARC_SUP_M": "375", "PARC_ANC_M": 15.0, "INC_PRM": "No aplica", "COLOR_HEX": "#D9D5F8" }, "bbox": [ -58.0387655187, -34.9391143894, -57.9965810762, -34.8929020993 ], "geometry": { "type": "MultiPolygon", "coordinates": [ [ [ [ -58.0088368814, -34.9132716717 ], [ -58.0094694259, -34.9138235892 ], [ -58.0092146416, -34.9140171943 ], [ -58.0102236306, -34.9149230167 ], [ -58.010739363, -34.9153904483 ], [ -58.011495147, -34.9148237963 ], [ -58.0120635878, -34.9153334502 ], [ -58.0121534076, -34.9154154998 ], [ -58.0137204924, -34.9150178835 ], [ -58.0140606286, -34.9153174782 ], [ -58.0129360884, -34.9161488853 ], [ -58.013003248, -34.9162065939 ], [ -58.0139405907, -34.917063199 ], [ -58.0132387166, -34.9177216799 ], [ -58.0135278226, -34.9179922643 ], [ -58.0137680773, -34.917811175 ], [ -58.0140548298, -34.918079647 ], [ -58.0138932504, -34.9182013711 ], [ -58.0141861452, -34.9184738189 ], [ -58.0144849611, -34.9186095581 ], [ -58.01493499, -34.9190176803 ], [ -58.0153091529, -34.9193595846 ], [ -58.0150620543, -34.919538582 ], [ -58.0151356053, -34.9196056625 ], [ -58.0162064811, -34.9190048884 ], [ -58.0162862816, -34.9190813478 ], [ -58.0170934294, -34.9199317971 ], [ -58.0162799585, -34.9206284812 ], [ -58.0165090221, -34.9208351742 ], [ -58.0165864906, -34.9207759682 ], [ -58.0166599607, -34.9208419641 ], [ -58.0167478595, -34.9207767102 ], [ -58.0168185984, -34.920842572 ], [ -58.0168757485, -34.9208001564 ], [ -58.0170150886, -34.9209206701 ], [ -58.0172709286, -34.9211560064 ], [ -58.0170908088, -34.9212887877 ], [ -58.0172119277, -34.9213980985 ], [ -58.0175225544, -34.9213800977 ], [ -58.0184023054, -34.9221607497 ], [ -58.0185386813, -34.9223182525 ], [ -58.0189004705, -34.9226481382 ], [ -58.0189851417, -34.9225851731 ], [ -58.0191334857, -34.9227182673 ], [ -58.0189688387, -34.9228400391 ], [ -58.0190414464, -34.92290566 ], [ -58.0189563184, -34.9229694282 ], [ -58.0190983888, -34.9230949403 ], [ -58.0189350179, -34.9232136688 ], [ -58.0190822963, -34.9233501706 ], [ -58.0193204647, -34.9234108307 ], [ -58.0194640127, -34.9235432154 ], [ -58.0201188666, -34.9230566948 ], [ -58.0204825515, -34.9233855256 ], [ -58.0200298202, -34.9237206958 ], [ -58.0203880418, -34.9240447503 ], [ -58.020662674, -34.9242273954 ], [ -58.021036533, -34.9245565697 ], [ -58.0214750874, -34.9242285546 ], [ -58.0219986646, -34.9246887683 ], [ -58.0221309045, -34.9248093404 ], [ -58.0240394745, -34.9265134064 ], [ -58.0257292665, -34.9279346041 ], [ -58.0271425142, -34.9292266493 ], [ -58.0283023869, -34.9302532344 ], [ -58.0275779803, -34.93094719 ], [ -58.0278072364, -34.9311481866 ], [ -58.0278838128, -34.9310897703 ], [ -58.0279600627, -34.9311547238 ], [ -58.0280366319, -34.9310965772 ], [ -58.0283414202, -34.9313651292 ], [ -58.0282609489, -34.9314262768 ], [ -58.0283368427, -34.9314923959 ], [ -58.0282586097, -34.9315514166 ], [ -58.0284795867, -34.9317464202 ], [ -58.0285867796, -34.9318718963 ], [ -58.0288056107, -34.9320697489 ], [ -58.0288913314, -34.9320087767 ], [ -58.0290387267, -34.9321462596 ], [ -58.0294869326, -34.9318132362 ], [ -58.0298216989, -34.9321189499 ], [ -58.0292861167, -34.9325089553 ], [ -58.0294688139, -34.9326758488 ], [ -58.0295762478, -34.9327959209 ], [ -58.0298299241, -34.9330240771 ], [ -58.0301609601, -34.9327813438 ], [ -58.0303855576, -34.9329854152 ], [ -58.0303034711, -34.9330454558 ], [ -58.0303761975, -34.9331114327 ], [ -58.0302893203, -34.9331750004 ], [ -58.0303652321, -34.9332450837 ], [ -58.0302812633, -34.9333059957 ], [ -58.0305472153, -34.9335472361 ], [ -58.0307084439, -34.9336510566 ], [ -58.0309331072, -34.9338617066 ], [ -58.0310584601, -34.9337679405 ], [ -58.0311713331, -34.9338712466 ], [ -58.0312912352, -34.9337811768 ], [ -58.0315080878, -34.9339798937 ], [ -58.0313882019, -34.9340692431 ], [ -58.0314998986, -34.9341714484 ], [ -58.0313743299, -34.9342650309 ], [ -58.0316022486, -34.9344723984 ], [ -58.0319158989, -34.9344309963 ], [ -58.0328044821, -34.9352377673 ], [ -58.0330109188, -34.9354168277 ], [ -58.0349447238, -34.937143786 ], [ -58.0349853714, -34.9373078637 ], [ -58.0358735589, -34.9381249391 ], [ -58.0360351329, -34.9382470518 ], [ -58.0368976286, -34.9390546924 ], [ -58.0369877587, -34.9391143894 ], [ -58.0376749235, -34.9386089452 ], [ -58.0387655187, -34.9378067356 ], [ -58.0366537073, -34.9358738956 ], [ -58.0366677133, -34.9358634886 ], [ -58.0347568869, -34.9341194738 ], [ -58.0335939871, -34.9330840025 ], [ -58.0326620421, -34.9322373142 ], [ -58.0324737547, -34.9321030652 ], [ -58.0315475366, -34.9312598285 ], [ -58.0315336672, -34.9312701932 ], [ -58.030567727, -34.9304008185 ], [ -58.0306020254, -34.9303767482 ], [ -58.0294900208, -34.9293711694 ], [ -58.0285301636, -34.9285031933 ], [ -58.0284422765, -34.9284236698 ], [ -58.0283455598, -34.9283341612 ], [ -58.0269096357, -34.9270052231 ], [ -58.0263255566, -34.9264646451 ], [ -58.0258146391, -34.9260163133 ], [ -58.0253037271, -34.9255679797 ], [ -58.0252012502, -34.9256446109 ], [ -58.0244572411, -34.9250003132 ], [ -58.023706086, -34.9243616192 ], [ -58.0236555621, -34.9243169283 ], [ -58.0236315645, -34.9242956557 ], [ -58.0234079517, -34.9240978067 ], [ -58.0232590231, -34.9239658788 ], [ -58.0231349904, -34.9238452617 ], [ -58.0229486536, -34.9236809124 ], [ -58.0228734433, -34.9236144355 ], [ -58.0227989677, -34.9235487022 ], [ -58.0226499231, -34.9234171323 ], [ -58.0226126848, -34.9233842657 ], [ -58.0225754547, -34.9233513937 ], [ -58.0225008793, -34.9232855633 ], [ -58.0224256879, -34.92321916 ], [ -58.0222394383, -34.9230547424 ], [ -58.022113222, -34.9229422651 ], [ -58.0255788198, -34.9203290331 ], [ -58.025529269, -34.9202869772 ], [ -58.0264724617, -34.919533044 ], [ -58.0272390313, -34.9189540344 ], [ -58.02786264, -34.9184829965 ], [ -58.0279955041, -34.9183805619 ], [ -58.0247294272, -34.9142905505 ], [ -58.0246870656, -34.9142618891 ], [ -58.0244177321, -34.9140796621 ], [ -58.0196748749, -34.9082630081 ], [ -58.0194592184, -34.9084214849 ], [ -58.0193165184, -34.9085341465 ], [ -58.0192769923, -34.9084975504 ], [ -58.0180138352, -34.9069814823 ], [ -58.0179095147, -34.9068545124 ], [ -58.0178412193, -34.9068467288 ], [ -58.0177636672, -34.9069037251 ], [ -58.0176990536, -34.9068432502 ], [ -58.0176334642, -34.9067834993 ], [ -58.0176433837, -34.9067258033 ], [ -58.0176062327, -34.9066785142 ], [ -58.0175518849, -34.9066093159 ], [ -58.0174938346, -34.9065349195 ], [ -58.0174301761, -34.9064525919 ], [ -58.0173696841, -34.9063750919 ], [ -58.017309621, -34.9062979598 ], [ -58.0172513054, -34.9062209463 ], [ -58.017187655, -34.9061428537 ], [ -58.0169725911, -34.9058707216 ], [ -58.0175905018, -34.9054126887 ], [ -58.0174484854, -34.9052847971 ], [ -58.01668739, -34.9045928065 ], [ -58.0164371069, -34.9042829037 ], [ -58.0164181312, -34.9042594071 ], [ -58.0121018575, -34.8990267864 ], [ -58.0121776901, -34.8989684626 ], [ -58.0073228781, -34.8929992098 ], [ -58.0070898395, -34.8929020993 ], [ -58.006771413, -34.8929755505 ], [ -58.0061970385, -34.8930249655 ], [ -58.0061076683, -34.8929438323 ], [ -58.0061022068, -34.8929073342 ], [ -58.0059879173, -34.8929928759 ], [ -58.0057397224, -34.8930161989 ], [ -58.0055685032, -34.8931400994 ], [ -58.00558269, -34.8931776416 ], [ -58.005291244, -34.8933068679 ], [ -58.0050935622, -34.8933942838 ], [ -58.0049904657, -34.8934420684 ], [ -58.004475889, -34.8933270055 ], [ -58.0043849189, -34.8933934627 ], [ -58.0042694379, -34.893420098 ], [ -58.0050249628, -34.8941041772 ], [ -58.0060819873, -34.895084824 ], [ -58.0060055872, -34.8951411962 ], [ -58.0049444582, -34.8959231513 ], [ -58.0042761486, -34.8964244235 ], [ -58.0026679522, -34.89759843 ], [ -58.0026308452, -34.8975649312 ], [ -58.0020395347, -34.898010297 ], [ -58.0020799826, -34.8980449326 ], [ -58.0015760898, -34.8984314648 ], [ -58.0014316209, -34.8985340793 ], [ -58.0009432251, -34.8988902225 ], [ -58.0004513598, -34.8992494612 ], [ -58.0003185956, -34.8993745272 ], [ -57.9999604919, -34.8996395358 ], [ -57.9999570349, -34.8996363585 ], [ -57.9994482255, -34.9000071121 ], [ -57.9992579172, -34.900111715 ], [ -57.9987978322, -34.9004522091 ], [ -57.9987901142, -34.9005612141 ], [ -57.9978112903, -34.9013010207 ], [ -57.9977412052, -34.901241107 ], [ -57.9970738651, -34.9017258614 ], [ -57.9965810762, -34.9020877 ], [ -57.9975420521, -34.9029532903 ], [ -57.9978357356, -34.9033578863 ], [ -57.9976207653, -34.9035252123 ], [ -57.998057164, -34.9039112706 ], [ -57.9979607882, -34.9039879072 ], [ -57.998104293, -34.9041148186 ], [ -57.9981635205, -34.9040678507 ], [ -57.9982434217, -34.9041381093 ], [ -57.9983255145, -34.9042532846 ], [ -57.9985435965, -34.9044490148 ], [ -57.9985825623, -34.9044210882 ], [ -57.9990223596, -34.9048162116 ], [ -57.9992422187, -34.9046503155 ], [ -57.9992962706, -34.9046100357 ], [ -57.9995637533, -34.9048588071 ], [ -57.9993583922, -34.9050749744 ], [ -58.0013550031, -34.9067639039 ], [ -58.0017368148, -34.9068960305 ], [ -58.0088368814, -34.9132716717 ] ] ] ] } },
{ "type": "Feature", "properties": { "ZONA_COD": "AU-R6", "ZONA_DESC": "RESIDENCIAL 6", "AREA_TIPO": "Urbana", "DENOM": "Residencial 6", "FOS_MAX": "0.4", "FOT_RES": "0.8", "FOT_COM": null, "FOT_MIN": "NO", "DENS_RES": "150", "DENS_COM": null, "ALTURA_M": 9.0, "NIVELES": 3.0, "CUF_AV": "300", "CUF_CAL": "300", "RET_FRENTE": "SI", "RET_FONDO": "SI", "RET_LATERA": "SI", "PARC_SUP_M": "300", "PARC_ANC_M": 12.0, "INC_PRM": "CUF x 2.0 (por Multifamiliar en Bloque,Ver COT Art 287 Ordenanza 12692) (por Distrito de Interes Urbanistico Ver COT Art 16 , 244 y 286 Ord 12692)", "COLOR_HEX": "#D5EEF9" }, "bbox": [ -58.1198651901, -34.9142618891, -58.0121018575, -34.8618788503 ], "geometry": { "type": "MultiPolygon", "coordinates": [ [ [ [ -58.1039468149, -34.867048935 ], [ -58.1043025309, -34.8673508446 ], [ -58.1030984898, -34.8682972605 ], [ -58.1025562418, -34.8678280185 ], [ -58.1021068479, -34.8681524049 ], [ -58.1019725476, -34.8680184365 ], [ -58.1015397174, -34.8683455748 ], [ -58.1013901898, -34.8682317773 ], [ -58.1008733701, -34.8686422234 ], [ -58.1008492449, -34.8686071498 ], [ -58.1005659315, -34.8688302833 ], [ -58.1005195813, -34.8688620707 ], [ -58.100184976, -34.8686029877 ], [ -58.0998926711, -34.8687237343 ], [ -58.0996550271, -34.8688219007 ], [ -58.0987119935, -34.8695553311 ], [ -58.0986628113, -34.8695200714 ], [ -58.0984380699, -34.8693314431 ], [ -58.0981157879, -34.8695938859 ], [ -58.0980082245, -34.8696642426 ], [ -58.0979103117, -34.8695795337 ], [ -58.0978396403, -34.8696162242 ], [ -58.0975645835, -34.869759024 ], [ -58.0976685856, -34.869858158 ], [ -58.0974896313, -34.8699888295 ], [ -58.0975248434, -34.8700220046 ], [ -58.0973281761, -34.8701668179 ], [ -58.0973112769, -34.8701504215 ], [ -58.0971032313, -34.87030497 ], [ -58.0971234832, -34.8703296204 ], [ -58.0969000682, -34.870484829 ], [ -58.0968611356, -34.8705136055 ], [ -58.0965093586, -34.8701835516 ], [ -58.0965083289, -34.8701839806 ], [ -58.0962427843, -34.8703559346 ], [ -58.0964015461, -34.8705036096 ], [ -58.0958488192, -34.870885995 ], [ -58.0957262434, -34.8707719619 ], [ -58.094495094, -34.8716236153 ], [ -58.0938700939, -34.8712044773 ], [ -58.0936125848, -34.8713791526 ], [ -58.0936820565, -34.8714487359 ], [ -58.0935976281, -34.8715059912 ], [ -58.0936670999, -34.8715755745 ], [ -58.0935826706, -34.8716328298 ], [ -58.0936660369, -34.8717163291 ], [ -58.0935015095, -34.8718279341 ], [ -58.0936265611, -34.8719530937 ], [ -58.093327407, -34.8721363071 ], [ -58.0930324159, -34.8723333747 ], [ -58.0924378768, -34.8727304991 ], [ -58.093143118, -34.8734159543 ], [ -58.0919854018, -34.8742102427 ], [ -58.0907041701, -34.8730199693 ], [ -58.0895656355, -34.8738730257 ], [ -58.089464201, -34.8737765321 ], [ -58.0897275998, -34.8735937583 ], [ -58.0899848923, -34.8734385542 ], [ -58.0900765125, -34.8732597483 ], [ -58.0900825569, -34.8729984881 ], [ -58.0900053654, -34.872789992 ], [ -58.0899530014, -34.8726900341 ], [ -58.0898901838, -34.8726836085 ], [ -58.0889390041, -34.8733790011 ], [ -58.088663942, -34.873318564 ], [ -58.0882501747, -34.8737187812 ], [ -58.0885476552, -34.874482293 ], [ -58.0885188661, -34.8745449263 ], [ -58.0883982022, -34.874561053 ], [ -58.0881121036, -34.8746376635 ], [ -58.0878703577, -34.8746879338 ], [ -58.0874249568, -34.8738947857 ], [ -58.0870306715, -34.8740201602 ], [ -58.0872053495, -34.8744290918 ], [ -58.0868723324, -34.8745201023 ], [ -58.0867014846, -34.8740922139 ], [ -58.0863532824, -34.8741873091 ], [ -58.0862174551, -34.8743433361 ], [ -58.0859682188, -34.8744053812 ], [ -58.0861837791, -34.8749185991 ], [ -58.0856690341, -34.8750745164 ], [ -58.0854922247, -34.8746493268 ], [ -58.0850234603, -34.8747842458 ], [ -58.0849077607, -34.8749257172 ], [ -58.0843359969, -34.8750599123 ], [ -58.0842080719, -34.875058977 ], [ -58.0828909725, -34.875351656 ], [ -58.0827829442, -34.8756523137 ], [ -58.0822560521, -34.8757705332 ], [ -58.0822892227, -34.8758725343 ], [ -58.0820999891, -34.8759121764 ], [ -58.082048422, -34.8757735657 ], [ -58.0820271036, -34.8757780057 ], [ -58.0819198693, -34.8754701668 ], [ -58.081964955, -34.8754594325 ], [ -58.0819195195, -34.875329931 ], [ -58.0817493875, -34.8753664489 ], [ -58.0815668045, -34.8754116929 ], [ -58.0814833564, -34.8756097263 ], [ -58.0806410981, -34.8757975821 ], [ -58.0805500687, -34.8755361411 ], [ -58.0803310748, -34.8755858547 ], [ -58.0801831714, -34.8756116374 ], [ -58.0800658818, -34.8756377222 ], [ -58.0801100988, -34.8757583743 ], [ -58.0802254656, -34.8757303659 ], [ -58.0802561838, -34.8758201623 ], [ -58.0799087316, -34.8759011912 ], [ -58.0799393913, -34.8759888247 ], [ -58.0796235062, -34.8760619702 ], [ -58.079562632, -34.8758864405 ], [ -58.0792096814, -34.875968733 ], [ -58.079033711, -34.8758989006 ], [ -58.0787001957, -34.8759824899 ], [ -58.0787658633, -34.8761587264 ], [ -58.0783481354, -34.8762613508 ], [ -58.0782821089, -34.8760864605 ], [ -58.0779614763, -34.8761661953 ], [ -58.0778287508, -34.8762492621 ], [ -58.0775079536, -34.8763266506 ], [ -58.0775591664, -34.8764707552 ], [ -58.077353612, -34.8765207665 ], [ -58.0773632104, -34.8765500278 ], [ -58.0771476573, -34.8766020428 ], [ -58.0770838405, -34.8764262864 ], [ -58.0768127786, -34.8764904899 ], [ -58.0766181473, -34.87654572 ], [ -58.0764298239, -34.8765883416 ], [ -58.0762909883, -34.8767645862 ], [ -58.0763833082, -34.8770170385 ], [ -58.0763493112, -34.8770258734 ], [ -58.0764455845, -34.8772870393 ], [ -58.0760191889, -34.8773905099 ], [ -58.075843822, -34.8769007121 ], [ -58.075808413, -34.876909074 ], [ -58.0757608461, -34.8767775535 ], [ -58.075542872, -34.8768249883 ], [ -58.0754025832, -34.876871646 ], [ -58.075100277, -34.876943733 ], [ -58.0751313099, -34.8770338963 ], [ -58.0749001832, -34.8770877342 ], [ -58.0749323528, -34.8771853952 ], [ -58.0743888458, -34.8773117886 ], [ -58.0744099025, -34.8776936111 ], [ -58.0738543508, -34.8778157552 ], [ -58.0737002538, -34.8773897382 ], [ -58.0731723715, -34.8775165543 ], [ -58.0729629842, -34.8775619 ], [ -58.0719187939, -34.8778020082 ], [ -58.071777764, -34.8777205539 ], [ -58.0714563949, -34.8777938612 ], [ -58.0714892633, -34.8778848654 ], [ -58.0710694778, -34.8779858997 ], [ -58.0710367371, -34.8778940861 ], [ -58.0709278507, -34.8779206566 ], [ -58.0708942781, -34.8778270273 ], [ -58.0706897139, -34.8778811881 ], [ -58.0706020956, -34.8779792142 ], [ -58.0699781019, -34.8781252236 ], [ -58.069919655, -34.8781388996 ], [ -58.0682466048, -34.8785303592 ], [ -58.06818712, -34.8785442771 ], [ -58.0688393632, -34.8803956646 ], [ -58.0647683851, -34.8813429133 ], [ -58.0645384059, -34.8814057535 ], [ -58.0600914041, -34.8824578128 ], [ -58.0598675026, -34.8824976671 ], [ -58.050612002, -34.8846650279 ], [ -58.0498727665, -34.8848698898 ], [ -58.0471319648, -34.8855081153 ], [ -58.0484382669, -34.8892330173 ], [ -58.0253554786, -34.8946479801 ], [ -58.0239473327, -34.8952936178 ], [ -58.022330983, -34.8933402382 ], [ -58.0222086896, -34.893159684 ], [ -58.0213485519, -34.8921530728 ], [ -58.0147524168, -34.8971119463 ], [ -58.0144512914, -34.89727957 ], [ -58.0121776901, -34.8989684626 ], [ -58.0121018575, -34.8990267864 ], [ -58.0164181312, -34.9042594071 ], [ -58.0164371069, -34.9042829037 ], [ -58.01668739, -34.9045928065 ], [ -58.0174484854, -34.9052847971 ], [ -58.0175905018, -34.9054126887 ], [ -58.0178823003, -34.9056748348 ], [ -58.0179536642, -34.9057415178 ], [ -58.0180290436, -34.9058095272 ], [ -58.0180967185, -34.9058703807 ], [ -58.0181630921, -34.905930763 ], [ -58.0182915629, -34.9060474024 ], [ -58.0184030878, -34.9061499772 ], [ -58.0185066295, -34.9062321123 ], [ -58.0185817175, -34.9062916771 ], [ -58.0185808199, -34.9063335684 ], [ -58.0186321047, -34.9063800058 ], [ -58.0187004819, -34.9064389789 ], [ -58.0187737254, -34.9065048803 ], [ -58.0188554909, -34.9065757864 ], [ -58.0189227539, -34.9066356426 ], [ -58.0190004049, -34.9067047699 ], [ -58.0191085889, -34.9068008004 ], [ -58.0192206903, -34.9069022116 ], [ -58.0193980231, -34.9070615525 ], [ -58.0195182238, -34.9071674216 ], [ -58.0195241215, -34.907172644 ], [ -58.0195104069, -34.9071831562 ], [ -58.0195984856, -34.9072611715 ], [ -58.0196673395, -34.9073243542 ], [ -58.0196580522, -34.9073312233 ], [ -58.0198401154, -34.9074934996 ], [ -58.0199203988, -34.9075623985 ], [ -58.0200134831, -34.9076449347 ], [ -58.0200932296, -34.9077134648 ], [ -58.0202305102, -34.907830785 ], [ -58.0201762397, -34.9078738814 ], [ -58.020096853, -34.9079361226 ], [ -58.0198905314, -34.9081045305 ], [ -58.0196748749, -34.9082630081 ], [ -58.0244177321, -34.9140796621 ], [ -58.0246870656, -34.9142618891 ], [ -58.0248215664, -34.9141859602 ], [ -58.029733899, -34.9114359287 ], [ -58.0300944354, -34.9112276475 ], [ -58.0365412093, -34.9097233929 ], [ -58.0364614367, -34.9096208522 ], [ -58.0359657745, -34.9090882431 ], [ -58.0354157914, -34.908508086 ], [ -58.0402971298, -34.9073810358 ], [ -58.0416473629, -34.907058806 ], [ -58.0418704308, -34.9070124738 ], [ -58.0423147282, -34.9069119395 ], [ -58.0427590248, -34.9068114025 ], [ -58.0429014073, -34.9067805099 ], [ -58.0424967267, -34.9057709211 ], [ -58.0436070306, -34.9055179121 ], [ -58.0432414266, -34.9044908792 ], [ -58.0439530349, -34.9043186077 ], [ -58.0439278107, -34.9042354168 ], [ -58.0434827156, -34.9027957695 ], [ -58.042079462, -34.9031172484 ], [ -58.041386171, -34.9012650523 ], [ -58.0434386731, -34.9007186279 ], [ -58.0454988634, -34.902330239 ], [ -58.046008305, -34.9038252199 ], [ -58.0471885717, -34.9035553495 ], [ -58.0472160235, -34.9036288844 ], [ -58.0470224219, -34.9037846245 ], [ -58.0449219618, -34.9054764291 ], [ -58.0456693775, -34.9076363416 ], [ -58.0457439835, -34.9076185108 ], [ -58.0478173831, -34.9071188358 ], [ -58.05558034, -34.905211675 ], [ -58.0544106304, -34.9018478463 ], [ -58.0516452116, -34.9024898642 ], [ -58.0516236611, -34.9024299316 ], [ -58.0508958641, -34.9003709643 ], [ -58.0504171441, -34.8990165961 ], [ -58.0504024447, -34.8989751203 ], [ -58.0528311754, -34.8984073774 ], [ -58.0528408764, -34.8984355136 ], [ -58.0531821799, -34.8983605938 ], [ -58.0550772727, -34.8979347468 ], [ -58.0552313625, -34.8978990914 ], [ -58.0552281385, -34.8978899075 ], [ -58.0572460786, -34.8974088071 ], [ -58.061961663, -34.8963206859 ], [ -58.0640437842, -34.8958275912 ], [ -58.0644409437, -34.8966212753 ], [ -58.0662441096, -34.8962109551 ], [ -58.0666260903, -34.8961214581 ], [ -58.0662154806, -34.8953022216 ], [ -58.0668035616, -34.8951736294 ], [ -58.068216607, -34.8948451844 ], [ -58.0679362883, -34.893985901 ], [ -58.0678945544, -34.8938577153 ], [ -58.0677153582, -34.8933173774 ], [ -58.0676691978, -34.8931727187 ], [ -58.0675809716, -34.8929048764 ], [ -58.0674910277, -34.8926353711 ], [ -58.0674554001, -34.8926145986 ], [ -58.0667925539, -34.8906600264 ], [ -58.0667953535, -34.8905405785 ], [ -58.0664686901, -34.8895950502 ], [ -58.0642333208, -34.8901117826 ], [ -58.0636566845, -34.8890977098 ], [ -58.0644364354, -34.8889126896 ], [ -58.0635857892, -34.886294273 ], [ -58.0678291809, -34.8852676258 ], [ -58.0686395537, -34.8876602029 ], [ -58.0708598701, -34.8871720392 ], [ -58.0706416478, -34.8865461848 ], [ -58.0727119492, -34.8860486375 ], [ -58.0746381711, -34.88560979 ], [ -58.0747060196, -34.8855856108 ], [ -58.0746453513, -34.8854112844 ], [ -58.0765568108, -34.8849566169 ], [ -58.0916461973, -34.8813828918 ], [ -58.0920752738, -34.8812724685 ], [ -58.0920188917, -34.8808528872 ], [ -58.0920615834, -34.8805334983 ], [ -58.0920230357, -34.8801253077 ], [ -58.0919535478, -34.8798605761 ], [ -58.0921212084, -34.8794484528 ], [ -58.0936232651, -34.8786112919 ], [ -58.0945253229, -34.8779191323 ], [ -58.0953091477, -34.8773741899 ], [ -58.0961299562, -34.8768057788 ], [ -58.0947280616, -34.8755821981 ], [ -58.0992116559, -34.8724660103 ], [ -58.0998863147, -34.8732751061 ], [ -58.1011521563, -34.8723345897 ], [ -58.1014269442, -34.8725666687 ], [ -58.1049050992, -34.8698323421 ], [ -58.1056228634, -34.8704364967 ], [ -58.1057414714, -34.8705669605 ], [ -58.1064074149, -34.8711335559 ], [ -58.1065165845, -34.8712338051 ], [ -58.1079536804, -34.8724646649 ], [ -58.1080761942, -34.8726018691 ], [ -58.1095661451, -34.8738843518 ], [ -58.1112373867, -34.8725713911 ], [ -58.1096757868, -34.8712222038 ], [ -58.1113497138, -34.8699158963 ], [ -58.1121147725, -34.8705775752 ], [ -58.1120611423, -34.8706193271 ], [ -58.1115480017, -34.8710286266 ], [ -58.1112927094, -34.8712323041 ], [ -58.1116570248, -34.8715545672 ], [ -58.1119568767, -34.8718171575 ], [ -58.1119848492, -34.871841656 ], [ -58.1128061335, -34.8711761118 ], [ -58.1128938741, -34.8712507645 ], [ -58.116958816, -34.8680608656 ], [ -58.1161941746, -34.8674207462 ], [ -58.1162398611, -34.8673843857 ], [ -58.1169374958, -34.8668519313 ], [ -58.1175543803, -34.8663741889 ], [ -58.1176662029, -34.8662894926 ], [ -58.1180616195, -34.8659861315 ], [ -58.1183275788, -34.8657831446 ], [ -58.1185015391, -34.8656490305 ], [ -58.1189873592, -34.865274426 ], [ -58.1191150881, -34.8651777165 ], [ -58.1198651901, -34.8646203715 ], [ -58.1196331057, -34.8644260811 ], [ -58.1194003899, -34.8642355651 ], [ -58.1191670042, -34.8640456688 ], [ -58.1189424641, -34.8638611369 ], [ -58.118719372, -34.8636754548 ], [ -58.1184991038, -34.8635002704 ], [ -58.1182825128, -34.8633220788 ], [ -58.1180757713, -34.8631483648 ], [ -58.117865463, -34.86297766 ], [ -58.1175945638, -34.8627549159 ], [ -58.1173209901, -34.8625344732 ], [ -58.1171302628, -34.8623730827 ], [ -58.1169307293, -34.862219125 ], [ -58.1167366583, -34.8620605664 ], [ -58.1165408075, -34.8619034207 ], [ -58.1165111083, -34.8618788503 ], [ -58.115758713, -34.8624639726 ], [ -58.1155493679, -34.8622726338 ], [ -58.1145865834, -34.8630770854 ], [ -58.1144746664, -34.8628930302 ], [ -58.1142769612, -34.8630518244 ], [ -58.1141246403, -34.8628147343 ], [ -58.1140621896, -34.8628408147 ], [ -58.1137580812, -34.8630964991 ], [ -58.113701083, -34.8630545628 ], [ -58.1129446372, -34.8636694932 ], [ -58.1126288223, -34.8636471972 ], [ -58.1121395875, -34.8640451822 ], [ -58.1118115813, -34.8637806781 ], [ -58.1118048715, -34.8637834804 ], [ -58.1114396514, -34.8639359893 ], [ -58.1115272139, -34.8640868334 ], [ -58.111135087, -34.8642409799 ], [ -58.1111582392, -34.8642613469 ], [ -58.1106156548, -34.8646853071 ], [ -58.1102837195, -34.8644186743 ], [ -58.1100376605, -34.8645214191 ], [ -58.1099438549, -34.8645923298 ], [ -58.1101895272, -34.8647891032 ], [ -58.1093503437, -34.8654199983 ], [ -58.1088715735, -34.8650083238 ], [ -58.1087053491, -34.8650777299 ], [ -58.1085326523, -34.86521413 ], [ -58.1087957831, -34.8656463991 ], [ -58.1085947963, -34.8657997263 ], [ -58.1078292115, -34.8662177896 ], [ -58.1072770764, -34.8657478534 ], [ -58.1071397652, -34.8658469236 ], [ -58.1070488527, -34.8657673174 ], [ -58.1069263525, -34.8658179313 ], [ -58.1067381046, -34.86589571 ], [ -58.1066661732, -34.8659254299 ], [ -58.1063155608, -34.8660702909 ], [ -58.1065704907, -34.8663011999 ], [ -58.1062586526, -34.8665390445 ], [ -58.1060488012, -34.8663539065 ], [ -58.1055171382, -34.866765055 ], [ -58.1059311879, -34.8671434447 ], [ -58.1054083607, -34.8675629982 ], [ -58.1045176856, -34.8668130869 ], [ -58.1039469147, -34.8670488936 ], [ -58.1039468149, -34.867048935 ] ], [ [ -58.0579584415, -34.8948107358 ], [ -58.0578125337, -34.8944148642 ], [ -58.0584778279, -34.8937507562 ], [ -58.0592744096, -34.894069609 ], [ -58.0594187301, -34.8944726735 ], [ -58.0579584415, -34.8948107358 ] ] ] ] } },
{ "type": "Feature", "properties": { "ZONA_COD": "AU-CC3 Cent.", "ZONA_DESC": "CORREDOR DE CENTRALIDAD 3 (CENTENARIO)", "AREA_TIPO": "Urbana", "DENOM": "Corredor Central. 3 (Centenario)", "FOS_MAX": "0.6", "FOT_RES": "1.5", "FOT_COM": "2.0", "FOT_MIN": "NO", "DENS_RES": "400", "DENS_COM": "600", "ALTURA_M": 18.0, "NIVELES": 6.0, "CUF_AV": "100", "CUF_CAL": "100", "RET_FRENTE": "SI", "RET_FONDO": "SI", "RET_LATERA": "NO", "PARC_SUP_M": "375", "PARC_ANC_M": 15.0, "INC_PRM": "Art 289 COT Ord 12692 (Art. 47 del Dec.ley 8912/77 por mejora morfológica) - Receptor APU (Ver Titulo 9 Cap 1 y 2- COT Ord 12692)", "COLOR_HEX": "#CD6969" }, "bbox": [ -58.030337068, -34.875364242, -58.0229583563, -34.8718398133 ], "geometry": { "type": "MultiPolygon", "coordinates": [ [ [ [ -58.023142426, -34.875364242 ], [ -58.02323428, -34.8753265442 ], [ -58.02360847, -34.8751676169 ], [ -58.0237026497, -34.8753127117 ], [ -58.0245649475, -34.8749456966 ], [ -58.0244334576, -34.8747328549 ], [ -58.0248771184, -34.874636426 ], [ -58.0250226125, -34.8746341939 ], [ -58.0261530127, -34.8743731801 ], [ -58.026065076, -34.8742366603 ], [ -58.0262548033, -34.8741909855 ], [ -58.0261612199, -34.8740436487 ], [ -58.0265753307, -34.8739525914 ], [ -58.0267171691, -34.8737372506 ], [ -58.0273871496, -34.8735826634 ], [ -58.0272903924, -34.8734262641 ], [ -58.0274777797, -34.8733868576 ], [ -58.0276133857, -34.8733269646 ], [ -58.0282229732, -34.8731826576 ], [ -58.028173479, -34.8730892998 ], [ -58.0283948193, -34.8730384567 ], [ -58.0286251725, -34.8732695698 ], [ -58.0289513296, -34.8731933901 ], [ -58.0290303297, -34.8733104773 ], [ -58.0298894215, -34.8731080228 ], [ -58.0300236759, -34.8730780061 ], [ -58.0300195803, -34.8730105489 ], [ -58.0300136934, -34.8729135723 ], [ -58.0300236651, -34.8728393836 ], [ -58.0300336367, -34.872765195 ], [ -58.0300601119, -34.8726867678 ], [ -58.0300865879, -34.8726083406 ], [ -58.0301211003, -34.8725368022 ], [ -58.0301587216, -34.8724495437 ], [ -58.0301963421, -34.8723622843 ], [ -58.0302036347, -34.8722857996 ], [ -58.0302491854, -34.8722099337 ], [ -58.0303057743, -34.8721297412 ], [ -58.0303258247, -34.87197686 ], [ -58.030337068, -34.8718398133 ], [ -58.0274478493, -34.8731260057 ], [ -58.0248243057, -34.8742645258 ], [ -58.0229583563, -34.8750759247 ], [ -58.023142426, -34.875364242 ] ] ] ] } },
{ "type": "Feature", "properties": { "ZONA_COD": "AU-RM", "ZONA_DESC": "RESIDENCIAL MIXTA", "AREA_TIPO": "Urbana", "DENOM": "Residencial Mixta", "FOS_MAX": "0.6", "FOT_RES": "1.0", "FOT_COM": null, "FOT_MIN": "NO", "DENS_RES": "300", "DENS_COM": null, "ALTURA_M": 9.0, "NIVELES": 3.0, "CUF_AV": "100", "CUF_CAL": "125", "RET_FRENTE": "NO", "RET_FONDO": "SI", "RET_LATERA": "SI", "PARC_SUP_M": "375", "PARC_ANC_M": 15.0, "INC_PRM": "No aplica", "COLOR_HEX": "#D9D5F8" }, "bbox": [ -58.0068710165, -34.8931307924, -57.9986480375, -34.8871196896 ], "geometry": { "type": "MultiPolygon", "coordinates": [ [ [ [ -58.0068710165, -34.8925663994 ], [ -58.0043786174, -34.8896075552 ], [ -58.0034639331, -34.8885828218 ], [ -58.0018989455, -34.8871196896 ], [ -58.0017213842, -34.8872774352 ], [ -58.0011953501, -34.8876551316 ], [ -58.0011558177, -34.8877519922 ], [ -58.0009897696, -34.8881592214 ], [ -58.0008091182, -34.8882934128 ], [ -58.0006314644, -34.8881233159 ], [ -58.0007062601, -34.8879614281 ], [ -58.0007563901, -34.8878289642 ], [ -58.0007980377, -34.8876989735 ], [ -58.0006957632, -34.8877717314 ], [ -58.0004483579, -34.8879480821 ], [ -58.0003139533, -34.8880694268 ], [ -57.9999837277, -34.8883099316 ], [ -58.0001301247, -34.888442926 ], [ -57.9998899185, -34.888619936 ], [ -58.0001294754, -34.8888352121 ], [ -58.000091863, -34.8888708216 ], [ -58.0000430703, -34.8889119242 ], [ -58.0000198912, -34.8889296571 ], [ -57.9999693628, -34.8889656848 ], [ -57.9998482862, -34.8890559759 ], [ -57.9997204574, -34.88914958 ], [ -57.9996530047, -34.8893558377 ], [ -57.9987767565, -34.8900031679 ], [ -57.9986480375, -34.8900998504 ], [ -57.9998214045, -34.8911477567 ], [ -58.0008855687, -34.8903665893 ], [ -58.0039400342, -34.8931307924 ], [ -58.0049455581, -34.8925175015 ], [ -58.005172145, -34.8927228221 ], [ -58.0051829063, -34.892752738 ], [ -58.0053475191, -34.8926306236 ], [ -58.0055720519, -34.8925861845 ], [ -58.0057148894, -34.8924779502 ], [ -58.0057890565, -34.8922694559 ], [ -58.0060446699, -34.892341872 ], [ -58.0060637976, -34.8923469621 ], [ -58.0062652943, -34.8922373474 ], [ -58.0068710165, -34.8925663994 ] ] ] ] } },
{ "type": "Feature", "properties": { "ZONA_COD": "AU-CC3 Cent.", "ZONA_DESC": "CORREDOR DE CENTRALIDAD 3 (CENTENARIO)", "AREA_TIPO": "Urbana", "DENOM": "Corredor Central. 3 (Centenario)", "FOS_MAX": "0.6", "FOT_RES": "1.5", "FOT_COM": "2.0", "FOT_MIN": "NO", "DENS_RES": "400", "DENS_COM": "600", "ALTURA_M": 18.0, "NIVELES": 6.0, "CUF_AV": "100", "CUF_CAL": "100", "RET_FRENTE": "SI", "RET_FONDO": "SI", "RET_LATERA": "NO", "PARC_SUP_M": "375", "PARC_ANC_M": 15.0, "INC_PRM": "Art 289 COT Ord 12692 (Art. 47 del Dec.ley 8912/77 por mejora morfológica) - Receptor APU (Ver Titulo 9 Cap 1 y 2- COT Ord 12692)", "COLOR_HEX": "#CD6969" }, "bbox": [ -58.0089267992, -34.8983146438, -57.9884558759, -34.8808368136 ], "geometry": { "type": "MultiPolygon", "coordinates": [ [ [ [ -58.0056553156, -34.8834093297 ], [ -58.0089267992, -34.8809790872 ], [ -58.0088530171, -34.8808626106 ], [ -58.0088241119, -34.8808368136 ], [ -58.0085453806, -34.8809578749 ], [ -58.0079944055, -34.8811957663 ], [ -58.0079089357, -34.8812324973 ], [ -58.0078037978, -34.881277681 ], [ -58.007603481, -34.8814263839 ], [ -58.0075112771, -34.8814948295 ], [ -58.0073056597, -34.8816474661 ], [ -58.0072345216, -34.8817002742 ], [ -58.0071637521, -34.8817528081 ], [ -58.0070930141, -34.8818053187 ], [ -58.007021116, -34.8818586898 ], [ -58.0069513997, -34.8819104422 ], [ -58.0067331738, -34.8820724353 ], [ -58.0065341637, -34.8822201633 ], [ -58.0063963471, -34.8823225053 ], [ -58.0062292387, -34.8824465119 ], [ -58.0061551435, -34.8825015126 ], [ -58.0060864138, -34.8825525312 ], [ -58.0060174097, -34.882603753 ], [ -58.0059508877, -34.882653132 ], [ -58.0058786002, -34.8827067901 ], [ -58.0058081941, -34.8827590533 ], [ -58.0057363607, -34.8828123678 ], [ -58.0052743197, -34.8831553422 ], [ -58.0051941604, -34.8832148432 ], [ -58.0051140011, -34.8832743432 ], [ -58.0050315261, -34.8833355628 ], [ -58.004948498, -34.8833971924 ], [ -58.0048682542, -34.8834567554 ], [ -58.0047877163, -34.883516537 ], [ -58.0047040164, -34.8835786648 ], [ -58.0046194837, -34.8836414105 ], [ -58.0045394063, -34.8837008494 ], [ -58.0044569897, -34.8837620249 ], [ -58.0042997235, -34.8838787578 ], [ -58.004133919, -34.8840018273 ], [ -58.0039856901, -34.8841118513 ], [ -58.0039093403, -34.8841685221 ], [ -58.0038675659, -34.8841995298 ], [ -58.0038257915, -34.8842305366 ], [ -58.0037422958, -34.8842925116 ], [ -58.0036587622, -34.8843545135 ], [ -58.0034939876, -34.8844768178 ], [ -58.003329212, -34.8845991211 ], [ -58.0031673754, -34.8847192417 ], [ -58.002955603, -34.8847659561 ], [ -58.0027486052, -34.8849226989 ], [ -58.0028267805, -34.8849913945 ], [ -58.002604237, -34.8851577952 ], [ -58.0024789219, -34.8852302329 ], [ -58.0022229316, -34.8854202336 ], [ -58.0020719723, -34.8855322774 ], [ -58.0020479317, -34.8855510948 ], [ -58.0010410282, -34.8862996662 ], [ -58.0007265074, -34.8865330699 ], [ -57.9996169023, -34.8873564838 ], [ -57.9985768166, -34.8881282838 ], [ -57.9985072747, -34.8881798869 ], [ -57.9977682325, -34.8875209572 ], [ -57.9966522908, -34.8883569787 ], [ -57.9970232692, -34.8886850703 ], [ -57.9973942512, -34.88901316 ], [ -57.9973215635, -34.8890674386 ], [ -57.9963502184, -34.8897927607 ], [ -57.9958813946, -34.8901428326 ], [ -57.9958090837, -34.8900811472 ], [ -57.9956581847, -34.8899490647 ], [ -57.9952437744, -34.8902548576 ], [ -57.9953230487, -34.8903233059 ], [ -57.9950788738, -34.8905054663 ], [ -57.9949161729, -34.8907593485 ], [ -57.9938001862, -34.8915845556 ], [ -57.9934283256, -34.8918581509 ], [ -57.9932812046, -34.8917236942 ], [ -57.9931159505, -34.8918490264 ], [ -57.9926706314, -34.8914509982 ], [ -57.9922545916, -34.8917555815 ], [ -57.9921877917, -34.8916959897 ], [ -57.9916638071, -34.8920944055 ], [ -57.9917299622, -34.892153536 ], [ -57.9916817108, -34.8921901393 ], [ -57.9917548014, -34.8922564139 ], [ -57.9917950992, -34.8922275205 ], [ -57.9923858054, -34.8927548443 ], [ -57.9923890888, -34.8927577752 ], [ -57.9919999647, -34.8930536845 ], [ -57.9918876529, -34.8931391929 ], [ -57.9918128068, -34.8931960076 ], [ -57.9915964812, -34.8929977709 ], [ -57.9910801849, -34.8925246421 ], [ -57.9899601512, -34.8933502908 ], [ -57.9907563031, -34.8940779772 ], [ -57.990693176, -34.8941250882 ], [ -57.9904529644, -34.8943053231 ], [ -57.9903839424, -34.8942426287 ], [ -57.9902618936, -34.8943325276 ], [ -57.9901195309, -34.8942039192 ], [ -57.9898732498, -34.8943863053 ], [ -57.98994612, -34.8944526681 ], [ -57.9900152464, -34.8945155442 ], [ -57.9898941689, -34.8946051031 ], [ -57.9899631909, -34.8946677976 ], [ -57.9897180555, -34.8948479489 ], [ -57.9894013287, -34.8947790833 ], [ -57.9891505492, -34.8949663491 ], [ -57.989038231, -34.8948625638 ], [ -57.9886983278, -34.8951117092 ], [ -57.9884558759, -34.8952892885 ], [ -57.988672885, -34.8954867301 ], [ -57.9887471466, -34.895554378 ], [ -57.9886635141, -34.8956153575 ], [ -57.9887443128, -34.8956885209 ], [ -57.9887025645, -34.8960173769 ], [ -57.9892735359, -34.8965337586 ], [ -57.9894546855, -34.8966952274 ], [ -57.9916212278, -34.8962229592 ], [ -57.9915092856, -34.8958742831 ], [ -57.9921644696, -34.8954993377 ], [ -57.9921950043, -34.8951697083 ], [ -57.9922216179, -34.8949086378 ], [ -57.9923328677, -34.8948696729 ], [ -57.9926786561, -34.8943505105 ], [ -57.9924307544, -34.8941891649 ], [ -57.9926604952, -34.8940184745 ], [ -57.9921365637, -34.8935593409 ], [ -57.9944129267, -34.8918683681 ], [ -57.9947212656, -34.8921479503 ], [ -57.9930739153, -34.8943837107 ], [ -57.9931833394, -34.8944803798 ], [ -57.9928705921, -34.895112247 ], [ -57.9926991633, -34.8960515943 ], [ -57.9925938941, -34.8968622063 ], [ -57.9925276096, -34.8974583192 ], [ -57.9925478047, -34.8976459763 ], [ -57.9924944947, -34.8981945447 ], [ -57.9924725252, -34.8983146438 ], [ -57.9940921835, -34.8971245026 ], [ -57.9940342537, -34.8970717223 ], [ -57.9933852112, -34.8964722477 ], [ -57.9934173511, -34.8964640369 ], [ -57.9936191131, -34.8964210466 ], [ -57.9936612131, -34.8964125489 ], [ -57.9938321283, -34.8963740966 ], [ -57.9939517939, -34.8963425466 ], [ -57.9940359912, -34.8963256429 ], [ -57.9942451708, -34.8962789888 ], [ -57.9941536809, -34.8960335215 ], [ -57.9943420125, -34.8958950511 ], [ -57.9945325015, -34.8957577876 ], [ -57.9945928406, -34.8957147397 ], [ -57.9946748327, -34.8957890831 ], [ -57.996136285, -34.8954142115 ], [ -57.9959468698, -34.8952423115 ], [ -57.9984203714, -34.8947025654 ], [ -57.9983916821, -34.8946789087 ], [ -57.9992045128, -34.8944948589 ], [ -58.0016092891, -34.8966427115 ], [ -58.003323682, -34.8953686042 ], [ -58.0050249628, -34.8941041772 ], [ -58.0042694379, -34.893420098 ], [ -58.0039400342, -34.8931307924 ], [ -58.0008855687, -34.8903665893 ], [ -57.9998214045, -34.8911477567 ], [ -57.9986480375, -34.8900998504 ], [ -57.9987767565, -34.8900031679 ], [ -57.9996530047, -34.8893558377 ], [ -57.9997204574, -34.88914958 ], [ -57.9998482862, -34.8890559759 ], [ -57.9999693628, -34.8889656848 ], [ -58.0000198912, -34.8889296571 ], [ -58.0000430703, -34.8889119242 ], [ -58.000091863, -34.8888708216 ], [ -58.0001294754, -34.8888352121 ], [ -57.9998899185, -34.888619936 ], [ -58.0001301247, -34.888442926 ], [ -57.9999837277, -34.8883099316 ], [ -58.0003139533, -34.8880694268 ], [ -58.0004483579, -34.8879480821 ], [ -58.0006957632, -34.8877717314 ], [ -58.0007980377, -34.8876989735 ], [ -58.0007563901, -34.8878289642 ], [ -58.0007062601, -34.8879614281 ], [ -58.0006314644, -34.8881233159 ], [ -58.0008091182, -34.8882934128 ], [ -58.0009897696, -34.8881592214 ], [ -58.0011558177, -34.8877519922 ], [ -58.0011953501, -34.8876551316 ], [ -58.0017213842, -34.8872774352 ], [ -58.0018989455, -34.8871196896 ], [ -58.0020468723, -34.8869882717 ], [ -58.0023217438, -34.8867974985 ], [ -58.0021210295, -34.8866041991 ], [ -58.0024812763, -34.8863382507 ], [ -58.0026159399, -34.8862403118 ], [ -58.0022856333, -34.8859319379 ], [ -58.0056553156, -34.8834093297 ] ] ] ] } },
{ "type": "Feature", "properties": { "ZONA_COD": "AU-R6", "ZONA_DESC": "RESIDENCIAL 6", "AREA_TIPO": "Urbana", "DENOM": "Residencial 6", "FOS_MAX": "0.4", "FOT_RES": "0.8", "FOT_COM": null, "FOT_MIN": "NO", "DENS_RES": "150", "DENS_COM": null, "ALTURA_M": 9.0, "NIVELES": 3.0, "CUF_AV": "300", "CUF_CAL": "300", "RET_FRENTE": "SI", "RET_FONDO": "SI", "RET_LATERA": "SI", "PARC_SUP_M": "300", "PARC_ANC_M": 12.0, "INC_PRM": "CUF x 2.0 (por Multifamiliar en Bloque,Ver COT Art 287 Ordenanza 12692) (por Distrito de Interes Urbanistico Ver COT Art 16 , 244 y 286 Ord 12692)", "COLOR_HEX": "#D5EEF9" }, "bbox": [ -58.0599491269, -34.8801649768, -57.9993821037, -34.8537157563 ], "geometry": { "type": "MultiPolygon", "coordinates": [ [ [ [ -58.0040562626, -34.8761533602 ], [ -58.0050325405, -34.8769950447 ], [ -58.0052249424, -34.8771670976 ], [ -58.0060882754, -34.8778706615 ], [ -58.0070630487, -34.8787050219 ], [ -58.007630815, -34.8791887717 ], [ -58.0087805857, -34.8801649768 ], [ -58.0211798526, -34.8747725384 ], [ -58.0283772726, -34.8716606656 ], [ -58.0341027956, -34.869120472 ], [ -58.0377522391, -34.8674124265 ], [ -58.03800147, -34.8677536077 ], [ -58.0383971591, -34.8675624748 ], [ -58.0382068886, -34.8672852939 ], [ -58.0386754408, -34.8663776477 ], [ -58.0388039521, -34.8663158472 ], [ -58.0389349618, -34.8662528443 ], [ -58.0390703898, -34.8661877172 ], [ -58.0391737264, -34.8661380225 ], [ -58.0393329037, -34.8660614731 ], [ -58.039403424, -34.8660275596 ], [ -58.0395222209, -34.8659704293 ], [ -58.0396169069, -34.8659248939 ], [ -58.0397180941, -34.8658762325 ], [ -58.0398601888, -34.8658078966 ], [ -58.0399915339, -34.8657447309 ], [ -58.0401474511, -34.8656697482 ], [ -58.0402883443, -34.8656019896 ], [ -58.0403640708, -34.8655655716 ], [ -58.0404397965, -34.8655291535 ], [ -58.0405860163, -34.8654588329 ], [ -58.040710943, -34.8653987528 ], [ -58.0409114396, -34.8653023292 ], [ -58.0409756584, -34.8652714447 ], [ -58.0410676465, -34.8652272044 ], [ -58.0411645403, -34.8651806051 ], [ -58.0412595231, -34.8651349249 ], [ -58.0413438669, -34.865094361 ], [ -58.0415220154, -34.8650086835 ], [ -58.041587451, -34.8649772126 ], [ -58.0416981387, -34.8649239791 ], [ -58.0420944402, -34.8647333812 ], [ -58.0422114123, -34.8646771233 ], [ -58.0422822366, -34.8646430605 ], [ -58.0424787997, -34.8645485247 ], [ -58.0425640176, -34.864507539 ], [ -58.0426607577, -34.8644610117 ], [ -58.0427722745, -34.864407377 ], [ -58.042855219, -34.864367484 ], [ -58.0430066945, -34.8642946317 ], [ -58.0432861669, -34.8641602163 ], [ -58.04374786, -34.8639381584 ], [ -58.0438831927, -34.8638730673 ], [ -58.0439801666, -34.8638264257 ], [ -58.0441709119, -34.8637346832 ], [ -58.0447165269, -34.8634722538 ], [ -58.0451409449, -34.8635087438 ], [ -58.0459054136, -34.8635744654 ], [ -58.0460957407, -34.863843315 ], [ -58.0467415673, -34.8635312799 ], [ -58.048937521, -34.8624326403 ], [ -58.0570436206, -34.8584957492 ], [ -58.0599491269, -34.8564007389 ], [ -58.0589290034, -34.8552154648 ], [ -58.0577146488, -34.8542212184 ], [ -58.0560977181, -34.8537157563 ], [ -58.0556647602, -34.8541439757 ], [ -58.0527188942, -34.8556006238 ], [ -58.0523554475, -34.855046824 ], [ -58.0521068408, -34.8545101445 ], [ -58.0509345844, -34.8547510001 ], [ -58.0499039721, -34.8550295768 ], [ -58.0494542499, -34.8551780278 ], [ -58.0494156555, -34.8551207752 ], [ -58.0491094993, -34.8546917482 ], [ -58.049081025, -34.8546497472 ], [ -58.0469688026, -34.8550503754 ], [ -58.0445389189, -34.8554710998 ], [ -58.0423270597, -34.8558285722 ], [ -58.0414041449, -34.8560079591 ], [ -58.0346824716, -34.8570052317 ], [ -58.0320240442, -34.8581503124 ], [ -58.0318696153, -34.8578978988 ], [ -58.0318696153, -34.8578978988 ], [ -58.0318696153, -34.8578978988 ], [ -58.0307571422, -34.8583812466 ], [ -58.0270412676, -34.8600185154 ], [ -58.027011715, -34.860031123 ], [ -58.0267230848, -34.8601474521 ], [ -58.0265766545, -34.8602219484 ], [ -58.0262377711, -34.8603683472 ], [ -58.0258988867, -34.8605147443 ], [ -58.0258098089, -34.8605683618 ], [ -58.0253003654, -34.8607922409 ], [ -58.0247909193, -34.8610161181 ], [ -58.0246436661, -34.8610700513 ], [ -58.0234917775, -34.8615740341 ], [ -58.0229298658, -34.8618196704 ], [ -58.0223679505, -34.8620653041 ], [ -58.0221065176, -34.8621797401 ], [ -58.0214623602, -34.8624625589 ], [ -58.0208181983, -34.8627453732 ], [ -58.0195889258, -34.8632850069 ], [ -58.0183596335, -34.8638246226 ], [ -58.0177807075, -34.8640787953 ], [ -58.0172018652, -34.8643331011 ], [ -58.017137069, -34.8643638057 ], [ -58.0168906674, -34.864470951 ], [ -58.0166442648, -34.8645780962 ], [ -58.0164071999, -34.8646811117 ], [ -58.016170135, -34.8647841273 ], [ -58.0160762027, -34.8648299981 ], [ -58.0158303784, -34.8649380516 ], [ -58.0155845523, -34.8650461052 ], [ -58.015347268, -34.8651490695 ], [ -58.0151099827, -34.8652520347 ], [ -58.0150171979, -34.8653001763 ], [ -58.0147750824, -34.8654061704 ], [ -58.0145329669, -34.8655121645 ], [ -58.0140503484, -34.8657206615 ], [ -58.0139592984, -34.865773878 ], [ -58.0137125721, -34.8658805609 ], [ -58.0134658449, -34.865987243 ], [ -58.0132284319, -34.8660884896 ], [ -58.012991019, -34.8661897353 ], [ -58.0128975992, -34.8662368732 ], [ -58.0126522885, -34.8663436677 ], [ -58.0124069777, -34.8664504604 ], [ -58.0121682742, -34.8665529903 ], [ -58.0119295699, -34.8666555202 ], [ -58.0118178156, -34.8667284031 ], [ -58.0116534834, -34.8668006052 ], [ -58.0114613019, -34.8668850596 ], [ -58.0113644944, -34.8669275454 ], [ -58.0112702283, -34.8669689007 ], [ -58.0110759469, -34.8670542212 ], [ -58.0109190197, -34.8671231191 ], [ -58.0107554699, -34.8672036255 ], [ -58.0105905001, -34.8672750047 ], [ -58.0103976863, -34.8673583656 ], [ -58.0103006692, -34.8674003963 ], [ -58.010205976, -34.867441293 ], [ -58.0101085183, -34.8674834523 ], [ -58.0100110606, -34.8675256098 ], [ -58.0098537134, -34.8675936894 ], [ -58.0096926583, -34.8676704492 ], [ -58.0095241478, -34.8677434814 ], [ -58.0094270732, -34.8677856011 ], [ -58.0093299986, -34.86782772 ], [ -58.00928066, -34.8678491265 ], [ -58.0092313214, -34.867870534 ], [ -58.0091327557, -34.867913259 ], [ -58.0090352386, -34.8679555964 ], [ -58.0089377206, -34.8679979329 ], [ -58.0088574417, -34.8680327564 ], [ -58.0087771628, -34.86806758 ], [ -58.0086414273, -34.8681235744 ], [ -58.008472709, -34.8681960616 ], [ -58.0082781362, -34.8682796599 ], [ -58.0081792459, -34.8683221996 ], [ -58.0080804697, -34.8683645595 ], [ -58.0079827395, -34.8684065767 ], [ -58.0078850102, -34.8684485939 ], [ -58.0077241359, -34.8685176933 ], [ -58.0075680172, -34.8685936303 ], [ -58.0074001371, -34.8686675717 ], [ -58.0072066156, -34.8687528076 ], [ -58.0071082513, -34.8687961657 ], [ -58.0070101092, -34.8688393467 ], [ -58.0068155931, -34.868925017 ], [ -58.0066556657, -34.8689955724 ], [ -58.0054813427, -34.8695138823 ], [ -58.0052394484, -34.8696187792 ], [ -58.0049975533, -34.8697236752 ], [ -58.0047557112, -34.8698286171 ], [ -58.0045138691, -34.8699335581 ], [ -58.0043985428, -34.8699818625 ], [ -58.0043004555, -34.8700272054 ], [ -58.0041746134, -34.8700853394 ], [ -58.0039462584, -34.8701909072 ], [ -58.003724428, -34.8702934263 ], [ -58.0035150209, -34.8703886699 ], [ -58.0033384219, -34.8704656159 ], [ -58.0030796636, -34.8705803253 ], [ -58.0027213143, -34.8707391789 ], [ -58.0027149256, -34.8707320445 ], [ -58.0024496363, -34.8708499789 ], [ -58.0022597967, -34.8709182348 ], [ -58.0017830822, -34.871124166 ], [ -58.0013062545, -34.8713301836 ], [ -58.0011722249, -34.8713785375 ], [ -58.0007176923, -34.8715759072 ], [ -58.000234197, -34.8717861363 ], [ -58.0001278152, -34.8718306177 ], [ -57.9993821037, -34.8721578315 ], [ -58.0000092972, -34.8726785093 ], [ -58.0000880589, -34.8727675836 ], [ -58.0002962583, -34.872938783 ], [ -58.000262799, -34.8729635764 ], [ -58.001821772, -34.8742828738 ], [ -58.0028378755, -34.8751037318 ], [ -58.0028372648, -34.8751415779 ], [ -58.0035277148, -34.8757120296 ], [ -58.0035702033, -34.8757584238 ], [ -58.0035843658, -34.8757738886 ], [ -58.0038203138, -34.8759636239 ], [ -58.0040562626, -34.8761533602 ] ] ] ] } },
{ "type": "Feature", "properties": { "ZONA_COD": "AU-R5", "ZONA_DESC": "RESIDENCIAL 5", "AREA_TIPO": "Urbana", "DENOM": "Residencial 5", "FOS_MAX": "0.4", "FOT_RES": "0.8", "FOT_COM": null, "FOT_MIN": "NO", "DENS_RES": "200", "DENS_COM": null, "ALTURA_M": 9.0, "NIVELES": 3.0, "CUF_AV": "100", "CUF_CAL": "250", "RET_FRENTE": "SI", "RET_FONDO": "SI", "RET_LATERA": "SI", "PARC_SUP_M": "300", "PARC_ANC_M": 12.0, "INC_PRM": "No aplica", "COLOR_HEX": "#B3E0F5" }, "bbox": [ -58.102565253, -34.8637166554, -58.074568444, -34.8518682178 ], "geometry": { "type": "MultiPolygon", "coordinates": [ [ [ [ -58.0843891657, -34.8580252365 ], [ -58.0850389754, -34.8578541189 ], [ -58.0851623992, -34.8578365623 ], [ -58.0947039642, -34.8553997242 ], [ -58.0947747103, -34.8555119866 ], [ -58.0954329214, -34.8561034167 ], [ -58.0955258582, -34.8562023754 ], [ -58.0961851431, -34.8567733433 ], [ -58.0964036496, -34.8569668954 ], [ -58.0987953579, -34.859125986 ], [ -58.102565253, -34.8561620319 ], [ -58.1017952409, -34.855526606 ], [ -58.10170435, -34.8554343382 ], [ -58.1009553307, -34.8548222336 ], [ -58.1008606069, -34.8547282139 ], [ -58.0983452212, -34.8526576427 ], [ -58.0981001271, -34.8524324408 ], [ -58.0977339151, -34.852116795 ], [ -58.0974658155, -34.8518682178 ], [ -58.0818524327, -34.855836766 ], [ -58.0815553156, -34.8555847588 ], [ -58.0775419804, -34.8587328644 ], [ -58.0759062476, -34.8600076247 ], [ -58.074568444, -34.8610614853 ], [ -58.0776464762, -34.8637166554 ], [ -58.0846211764, -34.858221947 ], [ -58.0843891657, -34.8580252365 ] ] ] ] } },
{ "type": "Feature", "properties": { "ZONA_COD": "AU-R6", "ZONA_DESC": "RESIDENCIAL 6", "AREA_TIPO": "Urbana", "DENOM": "Residencial 6", "FOS_MAX": "0.4", "FOT_RES": "0.8", "FOT_COM": null, "FOT_MIN": "NO", "DENS_RES": "150", "DENS_COM": null, "ALTURA_M": 9.0, "NIVELES": 3.0, "CUF_AV": "300", "CUF_CAL": "300", "RET_FRENTE": "SI", "RET_FONDO": "SI", "RET_LATERA": "SI", "PARC_SUP_M": "300", "PARC_ANC_M": 12.0, "INC_PRM": "CUF x 2.0 (por Multifamiliar en Bloque,Ver COT Art 287 Ordenanza 12692) (por Distrito de Interes Urbanistico Ver COT Art 16 , 244 y 286 Ord 12692)", "COLOR_HEX": "#D5EEF9" }, "bbox": [ -58.1145293362, -34.877964959, -58.0663937478, -34.8553997242 ], "geometry": { "type": "MultiPolygon", "coordinates": [ [ [ [ -58.0889685154, -34.8724861128 ], [ -58.0894096823, -34.872182035 ], [ -58.0891521596, -34.8719362772 ], [ -58.0894499252, -34.8717188958 ], [ -58.0900761384, -34.8721131109 ], [ -58.0902570793, -34.8719681528 ], [ -58.0903482822, -34.8718923508 ], [ -58.0902734236, -34.8717721222 ], [ -58.0910816011, -34.8718543013 ], [ -58.0927023908, -34.8707892082 ], [ -58.0929308807, -34.8709250543 ], [ -58.0930517576, -34.8708284465 ], [ -58.0931234408, -34.8707690984 ], [ -58.093164109, -34.8708074077 ], [ -58.093248353, -34.8707581708 ], [ -58.0930856468, -34.8705921352 ], [ -58.0950277354, -34.8693349118 ], [ -58.0953483959, -34.8696266177 ], [ -58.0957684396, -34.8693643628 ], [ -58.0954386177, -34.8690668365 ], [ -58.0957171224, -34.8688868983 ], [ -58.0960258228, -34.8691709348 ], [ -58.096322198, -34.8689746928 ], [ -58.0966343356, -34.8692947409 ], [ -58.0968612436, -34.869123545 ], [ -58.0969191815, -34.869176453 ], [ -58.0971404165, -34.8690188675 ], [ -58.0973381001, -34.8690243948 ], [ -58.0981329749, -34.8684014677 ], [ -58.0985063554, -34.8685124827 ], [ -58.0986952823, -34.8683663743 ], [ -58.0987760513, -34.8684392859 ], [ -58.099128152, -34.8682159699 ], [ -58.0989449197, -34.8680482697 ], [ -58.099185759, -34.8677835354 ], [ -58.0996388168, -34.8680443397 ], [ -58.1003665761, -34.8674525219 ], [ -58.1008912909, -34.8677971097 ], [ -58.1032132766, -34.8660680741 ], [ -58.1034338731, -34.8662611351 ], [ -58.1036393736, -34.8661022096 ], [ -58.1038712628, -34.8661130366 ], [ -58.1039790583, -34.86602811 ], [ -58.1036356791, -34.8657345398 ], [ -58.1037769096, -34.8656221066 ], [ -58.1042030938, -34.8659857313 ], [ -58.1047681333, -34.8655401415 ], [ -58.1046502142, -34.8654421414 ], [ -58.1049131571, -34.8652337308 ], [ -58.1053347701, -34.8655917832 ], [ -58.1055777004, -34.8653977491 ], [ -58.1057394236, -34.8655358148 ], [ -58.1059522473, -34.8653623995 ], [ -58.1061601724, -34.8653453609 ], [ -58.1063598515, -34.8651776886 ], [ -58.1062518852, -34.8650842607 ], [ -58.1067049304, -34.8647249672 ], [ -58.1065965036, -34.8645419507 ], [ -58.1068144579, -34.86449749 ], [ -58.107231318, -34.8641662903 ], [ -58.1073828133, -34.8644166679 ], [ -58.1075956891, -34.8642502798 ], [ -58.1078734168, -34.8646941339 ], [ -58.1080075939, -34.864612408 ], [ -58.1079861423, -34.8645942291 ], [ -58.1081174461, -34.8644851513 ], [ -58.1082891986, -34.8644003146 ], [ -58.1089280491, -34.8639005173 ], [ -58.1090015929, -34.8639597008 ], [ -58.1093596679, -34.8636787688 ], [ -58.1096396224, -34.8637438653 ], [ -58.1100630664, -34.8633822965 ], [ -58.1099530433, -34.8632114244 ], [ -58.1101256709, -34.8630737867 ], [ -58.1102418912, -34.8632557493 ], [ -58.1104033267, -34.8631246065 ], [ -58.1105535044, -34.8633564841 ], [ -58.1106863316, -34.863390903 ], [ -58.1108247418, -34.8634250475 ], [ -58.1109292637, -34.8634540695 ], [ -58.1110674616, -34.8634879407 ], [ -58.1112076056, -34.8633793566 ], [ -58.111194141, -34.8632031371 ], [ -58.1118600962, -34.8626644513 ], [ -58.1121412557, -34.8626624188 ], [ -58.1126465767, -34.8623057171 ], [ -58.1131059495, -34.862495528 ], [ -58.113448691, -34.8622147957 ], [ -58.1133249686, -34.8621121183 ], [ -58.1138951226, -34.8616451138 ], [ -58.1133973325, -34.8612321955 ], [ -58.1145181198, -34.8603142836 ], [ -58.1145293362, -34.8603056114 ], [ -58.1139743951, -34.8598542408 ], [ -58.1135569721, -34.8595085405 ], [ -58.1124193252, -34.8585806353 ], [ -58.1123169994, -34.8584700879 ], [ -58.1122214995, -34.8583910087 ], [ -58.1120850868, -34.8582793903 ], [ -58.1119440874, -34.8581627437 ], [ -58.1117900471, -34.8580378737 ], [ -58.1116862842, -34.8579519966 ], [ -58.1114914272, -34.8578382989 ], [ -58.1113635139, -34.8577279836 ], [ -58.1111955619, -34.8575852324 ], [ -58.1110277017, -34.8574432933 ], [ -58.1108506602, -34.8572964358 ], [ -58.1100505982, -34.8566544889 ], [ -58.1098108596, -34.8564622238 ], [ -58.109182899, -34.8559301938 ], [ -58.1075342546, -34.8572587344 ], [ -58.1069087482, -34.8577602656 ], [ -58.1069531109, -34.8577938931 ], [ -58.1057502713, -34.8587913249 ], [ -58.1043609419, -34.8576143048 ], [ -58.1042659654, -34.8576030111 ], [ -58.102565253, -34.8561620319 ], [ -58.0987953579, -34.859125986 ], [ -58.0964036496, -34.8569668954 ], [ -58.0961851431, -34.8567733433 ], [ -58.0955258582, -34.8562023754 ], [ -58.0954329214, -34.8561034167 ], [ -58.0947747103, -34.8555119866 ], [ -58.0947039642, -34.8553997242 ], [ -58.0851623992, -34.8578365623 ], [ -58.0850389754, -34.8578541189 ], [ -58.0843891657, -34.8580252365 ], [ -58.0846211764, -34.858221947 ], [ -58.0776464762, -34.8637166554 ], [ -58.0839364704, -34.8691369134 ], [ -58.0704178758, -34.8723079598 ], [ -58.070440027, -34.8723770575 ], [ -58.0663937478, -34.8733297794 ], [ -58.0679663446, -34.8778624804 ], [ -58.0680536759, -34.8779109619 ], [ -58.0683582134, -34.8778420828 ], [ -58.0684854755, -34.877964959 ], [ -58.0689588822, -34.8776521874 ], [ -58.0691809851, -34.8777459282 ], [ -58.0693099965, -34.8776257716 ], [ -58.0695194989, -34.877575567 ], [ -58.0694880155, -34.8774908922 ], [ -58.0696881533, -34.8775184942 ], [ -58.0700946307, -34.8773598457 ], [ -58.0702880856, -34.877373912 ], [ -58.0704504627, -34.8771783112 ], [ -58.0704088889, -34.8770621143 ], [ -58.0710384089, -34.8769100668 ], [ -58.0710694157, -34.8769964458 ], [ -58.0711743342, -34.8769711641 ], [ -58.071205342, -34.8770575431 ], [ -58.0713102632, -34.8770321714 ], [ -58.0713458871, -34.8771316004 ], [ -58.0715557286, -34.8770808571 ], [ -58.0717158151, -34.8770954738 ], [ -58.0719227428, -34.8770477468 ], [ -58.0722759848, -34.8770283862 ], [ -58.0723871258, -34.8767085018 ], [ -58.0726077277, -34.8768946785 ], [ -58.0728032196, -34.8768495632 ], [ -58.0729018707, -34.8766524075 ], [ -58.0731685341, -34.8765847182 ], [ -58.0731332969, -34.8764826811 ], [ -58.0739210436, -34.8762979793 ], [ -58.0740811472, -34.8762509492 ], [ -58.0752125258, -34.8759990455 ], [ -58.0754160712, -34.8761149214 ], [ -58.0757522854, -34.876037693 ], [ -58.0756864155, -34.8758469423 ], [ -58.0759078385, -34.8757963743 ], [ -58.0759750376, -34.8759864244 ], [ -58.076423972, -34.875882139 ], [ -58.0766009415, -34.8758386173 ], [ -58.0769287677, -34.8757552141 ], [ -58.0768598158, -34.8755699124 ], [ -58.0771799817, -34.8754866577 ], [ -58.0772496602, -34.8756736834 ], [ -58.0775783804, -34.8755893908 ], [ -58.0777089809, -34.8754425747 ], [ -58.0782185206, -34.8753183325 ], [ -58.0781549421, -34.8751416777 ], [ -58.0787299713, -34.8750038692 ], [ -58.07894309, -34.8751314273 ], [ -58.079950444, -34.8748883324 ], [ -58.0798993499, -34.8744427705 ], [ -58.0802856204, -34.8743521701 ], [ -58.0804061178, -34.874681849 ], [ -58.0806158937, -34.8746334322 ], [ -58.0806468772, -34.8747212501 ], [ -58.0811208109, -34.8746088699 ], [ -58.0811830673, -34.8747801746 ], [ -58.08141582, -34.8748266668 ], [ -58.0817345973, -34.8747511292 ], [ -58.0817057614, -34.8746696533 ], [ -58.0816769085, -34.8745842123 ], [ -58.0818831428, -34.8745328529 ], [ -58.0819438929, -34.8746998174 ], [ -58.0824596136, -34.8745773676 ], [ -58.0824526214, -34.8741580973 ], [ -58.0837786457, -34.8738004945 ], [ -58.0840728643, -34.8739960125 ], [ -58.0842981328, -34.8739442277 ], [ -58.0841995716, -34.873700605 ], [ -58.084648353, -34.8735972774 ], [ -58.0843386562, -34.8728341046 ], [ -58.0873671861, -34.872116657 ], [ -58.0881121297, -34.8726014311 ], [ -58.0882499805, -34.8725041038 ], [ -58.0884011835, -34.8726377008 ], [ -58.0886744865, -34.8724427376 ], [ -58.0889685154, -34.8724861128 ] ] ] ] } },
{ "type": "Feature", "properties": { "ZONA_COD": "AR-IE", "ZONA_DESC": "INDUSTRIAL EXCLUSIVO", "AREA_TIPO": "Rural", "DENOM": "Industrial Exclusivo", "FOS_MAX": "0.6", "FOT_RES": null, "FOT_COM": "1.2", "FOT_MIN": null, "DENS_RES": null, "DENS_COM": null, "ALTURA_M": 6.0, "NIVELES": 2.0, "CUF_AV": null, "CUF_CAL": null, "RET_FRENTE": "SI", "RET_FONDO": "SI", "RET_LATERA": "SI", "PARC_SUP_M": "600", "PARC_ANC_M": 20.0, "INC_PRM": "No aplica", "COLOR_HEX": "#764E88" }, "bbox": [ -58.1300101472, -35.026773947, -58.0932090221, -35.0046019704 ], "geometry": { "type": "MultiPolygon", "coordinates": [ [ [ [ -58.1203907998, -35.0046019704 ], [ -58.1177878578, -35.0066005311 ], [ -58.1100897744, -35.0125688315 ], [ -58.1102364925, -35.0126959992 ], [ -58.1078577246, -35.0145238344 ], [ -58.1076821895, -35.0143697248 ], [ -58.1003014517, -35.0200781778 ], [ -58.1004928984, -35.0203132785 ], [ -58.0990358888, -35.0214388664 ], [ -58.0984001338, -35.0224057572 ], [ -58.0982658173, -35.0233320661 ], [ -58.0978932839, -35.0242538137 ], [ -58.0982843236, -35.0249691911 ], [ -58.098201264, -35.0250008526 ], [ -58.0957013825, -35.0235746331 ], [ -58.093602078, -35.0252055095 ], [ -58.0932090221, -35.0258130483 ], [ -58.0942501618, -35.026773947 ], [ -58.0944989116, -35.0266826073 ], [ -58.105978494, -35.0222868713 ], [ -58.1180158737, -35.0177092835 ], [ -58.124769508, -35.0149945899 ], [ -58.1300101472, -35.0132297532 ], [ -58.1295991543, -35.0128498004 ], [ -58.1286835545, -35.012030446 ], [ -58.1277679718, -35.0112111754 ], [ -58.126852408, -35.0103918084 ], [ -58.1259368613, -35.0095725252 ], [ -58.124496222, -35.0082831563 ], [ -58.1230556277, -35.0069937722 ], [ -58.1221809462, -35.006210871 ], [ -58.1213062809, -35.0054279644 ], [ -58.1204315202, -35.0046451406 ], [ -58.1203907998, -35.0046019704 ] ] ] ] } },
{ "type": "Feature", "properties": { "ZONA_COD": "AC-IM", "ZONA_DESC": "INDUSTRIAL MIXTA", "AREA_TIPO": "Complem.", "DENOM": "Industrial Mixta", "FOS_MAX": "0.5", "FOT_RES": "0.8", "FOT_COM": null, "FOT_MIN": null, "DENS_RES": "1 vivienda asociada al uso principal", "DENS_COM": null, "ALTURA_M": 0.0, "NIVELES": 0.0, "CUF_AV": "1 UF por parcela", "CUF_CAL": "1 UF por parcela", "RET_FRENTE": "SI", "RET_FONDO": "SI", "RET_LATERA": "SI", "PARC_SUP_M": "2000", "PARC_ANC_M": 40.0, "INC_PRM": "No aplica", "COLOR_HEX": "#9C7CB5" }, "bbox": [ -58.0927424943, -35.0297840498, -58.0863928427, -35.0254124714 ], "geometry": { "type": "MultiPolygon", "coordinates": [ [ [ [ -58.0863928427, -35.0297840498 ], [ -58.0883025305, -35.0289587195 ], [ -58.0884115697, -35.0288070479 ], [ -58.0909683063, -35.0278036033 ], [ -58.0926885718, -35.0267340386 ], [ -58.0927424943, -35.0258417079 ], [ -58.0922435225, -35.0254124714 ], [ -58.0872856599, -35.0290798078 ], [ -58.0863928427, -35.0297840498 ] ] ] ] } },
{ "type": "Feature", "properties": { "ZONA_COD": "AR-CC", "ZONA_DESC": "CLUB DE CAMPO", "AREA_TIPO": "Rural", "DENOM": "Club de Campo", "FOS_MAX": null, "FOT_RES": null, "FOT_COM": null, "FOT_MIN": null, "DENS_RES": null, "DENS_COM": null, "ALTURA_M": 0.0, "NIVELES": 0.0, "CUF_AV": null, "CUF_CAL": null, "RET_FRENTE": "SI", "RET_FONDO": "SI", "RET_LATERA": "SI", "PARC_SUP_M": null, "PARC_ANC_M": 0.0, "INC_PRM": "No aplica", "COLOR_HEX": "#EBD299" }, "bbox": [ -58.1139550579, -35.1392135402, -58.0501728145, -35.0547042439 ], "geometry": { "type": "MultiPolygon", "coordinates": [ [ [ [ -58.0607101305, -35.115469832 ], [ -58.0603687271, -35.1164959189 ], [ -58.0602483358, -35.1167058503 ], [ -58.0593298672, -35.1181580144 ], [ -58.0571353811, -35.1218434901 ], [ -58.0561490919, -35.1244910348 ], [ -58.0530921893, -35.1315825849 ], [ -58.0501728145, -35.1392135402 ], [ -58.0502705753, -35.1391338414 ], [ -58.051901048, -35.1379232855 ], [ -58.0520331674, -35.1378251983 ], [ -58.0564919998, -35.1345144818 ], [ -58.0621534128, -35.1303102007 ], [ -58.0662639639, -35.1272572235 ], [ -58.0695565168, -35.1248114489 ], [ -58.092470819, -35.1078378505 ], [ -58.092521699, -35.1077149105 ], [ -58.089015496, -35.1045565805 ], [ -58.0853889034, -35.1013020402 ], [ -58.0853869087, -35.1013002748 ], [ -58.0918138489, -35.0963420165 ], [ -58.0921594944, -35.0966213459 ], [ -58.095956227, -35.0937323745 ], [ -58.1139550579, -35.0800123597 ], [ -58.0999708825, -35.0671924978 ], [ -58.1041672954, -35.0642545494 ], [ -58.1040665632, -35.0641589892 ], [ -58.0937663293, -35.0547286047 ], [ -58.0936980851, -35.0547898845 ], [ -58.0935968646, -35.0547042439 ], [ -58.0920478453, -35.0560963378 ], [ -58.0916460606, -35.0596533345 ], [ -58.0918985579, -35.0598752234 ], [ -58.091622136, -35.0613004366 ], [ -58.0911426858, -35.0612348805 ], [ -58.0909210371, -35.06263876 ], [ -58.0792451497, -35.0766858933 ], [ -58.0791128694, -35.0771983162 ], [ -58.0786079801, -35.0776907113 ], [ -58.0777840689, -35.0787949645 ], [ -58.0745108055, -35.0824198106 ], [ -58.0718482889, -35.0894798574 ], [ -58.0721981593, -35.0897900974 ], [ -58.0689274797, -35.0984666675 ], [ -58.0686888428, -35.0984356265 ], [ -58.0649292711, -35.1075592666 ], [ -58.0611891723, -35.1143213527 ], [ -58.0607101305, -35.115469832 ] ] ] ] } },
{ "type": "Feature", "properties": { "ZONA_COD": "AR-RI", "ZONA_DESC": "RURAL INTENSIVO", "AREA_TIPO": "Rural", "DENOM": "Rural Intensivo", "FOS_MAX": null, "FOT_RES": null, "FOT_COM": null, "FOT_MIN": null, "DENS_RES": null, "DENS_COM": null, "ALTURA_M": 0.0, "NIVELES": 0.0, "CUF_AV": null, "CUF_CAL": null, "RET_FRENTE": "SI", "RET_FONDO": "SI", "RET_LATERA": "SI", "PARC_SUP_M": "10 Ha", "PARC_ANC_M": 0.0, "INC_PRM": "No aplica", "COLOR_HEX": "#BDD1B2" }, "bbox": [ -58.1376308484, -35.050872918, -58.0925937284, -35.0132297532 ], "geometry": { "type": "MultiPolygon", "coordinates": [ [ [ [ -58.0947399992, -35.0379731289 ], [ -58.1082064349, -35.0504145704 ], [ -58.1093197281, -35.050872918 ], [ -58.1187964358, -35.0496882041 ], [ -58.1168448845, -35.0479285906 ], [ -58.1181196978, -35.0470385694 ], [ -58.1182772896, -35.046720758 ], [ -58.1261685527, -35.0409435644 ], [ -58.1258055441, -35.040601903 ], [ -58.1352842699, -35.0335102234 ], [ -58.1351905776, -35.0334227527 ], [ -58.1338733811, -35.0322217252 ], [ -58.132489248, -35.030959452 ], [ -58.1311252264, -35.0297155871 ], [ -58.1296748457, -35.0283928723 ], [ -58.1282369629, -35.0270814189 ], [ -58.1376308484, -35.0200975051 ], [ -58.1358645898, -35.0185029451 ], [ -58.1336693833, -35.0165209472 ], [ -58.1329647933, -35.0158847533 ], [ -58.1329281027, -35.0158505305 ], [ -58.1325598295, -35.0155176734 ], [ -58.1325236066, -35.0154848077 ], [ -58.1324872254, -35.0154520598 ], [ -58.1324502309, -35.015418926 ], [ -58.1324130799, -35.0153859101 ], [ -58.1323617088, -35.0153399233 ], [ -58.1323103387, -35.0152939365 ], [ -58.1322632744, -35.0152512609 ], [ -58.1322162102, -35.0152085845 ], [ -58.1321773991, -35.0151738761 ], [ -58.1321385888, -35.0151391676 ], [ -58.131974584, -35.0149714495 ], [ -58.131937915, -35.0149388922 ], [ -58.1319012469, -35.0149063341 ], [ -58.1318524983, -35.0148630911 ], [ -58.1318037496, -35.0148198481 ], [ -58.1317517302, -35.0147734907 ], [ -58.1316997116, -35.0147271334 ], [ -58.1316640283, -35.0146946354 ], [ -58.1316283441, -35.0146621384 ], [ -58.1315518999, -35.0145940004 ], [ -58.1314506713, -35.0145030412 ], [ -58.1313552451, -35.0144170372 ], [ -58.1312810097, -35.0143481222 ], [ -58.1311101979, -35.0141908424 ], [ -58.131034198, -35.0141224418 ], [ -58.1309867614, -35.0140793535 ], [ -58.1309393249, -35.0140362661 ], [ -58.1308886742, -35.0139899744 ], [ -58.1308380244, -35.0139436827 ], [ -58.1308035821, -35.0139120148 ], [ -58.1307691399, -35.013880347 ], [ -58.1307319862, -35.013847511 ], [ -58.1306948316, -35.0138146749 ], [ -58.1306425081, -35.0137673211 ], [ -58.1305902306, -35.0137199331 ], [ -58.130541347, -35.0136758663 ], [ -58.1304925102, -35.0136317654 ], [ -58.1304608073, -35.0136024826 ], [ -58.1304291044, -35.0135732006 ], [ -58.1303760939, -35.0135680583 ], [ -58.1300101472, -35.0132297532 ], [ -58.124769508, -35.0149945899 ], [ -58.1180158737, -35.0177092835 ], [ -58.105978494, -35.0222868713 ], [ -58.0944989116, -35.0266826073 ], [ -58.0942501618, -35.026773947 ], [ -58.0930493421, -35.0284155937 ], [ -58.0928446375, -35.032369169 ], [ -58.0927714138, -35.0337742293 ], [ -58.0926809636, -35.0361789301 ], [ -58.0925937284, -35.0373865856 ], [ -58.0931911606, -35.0375940089 ], [ -58.0934559849, -35.0373883267 ], [ -58.0939090382, -35.0374089841 ], [ -58.0942324479, -35.0374879077 ], [ -58.0947399992, -35.0379731289 ] ] ] ] } },
{ "type": "Feature", "properties": { "ZONA_COD": "AR-RI", "ZONA_DESC": "RURAL INTENSIVO", "AREA_TIPO": "Rural", "DENOM": "Rural Intensivo", "FOS_MAX": null, "FOT_RES": null, "FOT_COM": null, "FOT_MIN": null, "DENS_RES": null, "DENS_COM": null, "ALTURA_M": 0.0, "NIVELES": 0.0, "CUF_AV": null, "CUF_CAL": null, "RET_FRENTE": "SI", "RET_FONDO": "SI", "RET_LATERA": "SI", "PARC_SUP_M": "10 Ha", "PARC_ANC_M": 0.0, "INC_PRM": "No aplica", "COLOR_HEX": "#BDD1B2" }, "bbox": [ -58.1141833652, -35.0641589892, -58.0915350726, -35.0373883267 ], "geometry": { "type": "MultiPolygon", "coordinates": [ [ [ [ -58.1115397532, -35.0536784187 ], [ -58.1086857007, -35.0510392107 ], [ -58.1082064349, -35.0504145704 ], [ -58.0947399992, -35.0379731289 ], [ -58.0942324479, -35.0374879077 ], [ -58.0939090382, -35.0374089841 ], [ -58.0934559849, -35.0373883267 ], [ -58.0931911606, -35.0375940089 ], [ -58.0925893343, -35.0385772745 ], [ -58.0925159497, -35.0396233273 ], [ -58.0923766195, -35.040011686 ], [ -58.091993091, -35.0454907588 ], [ -58.0924753686, -35.0466968819 ], [ -58.0924193472, -35.0467847807 ], [ -58.0919182566, -35.0474684777 ], [ -58.0918845842, -35.0482831142 ], [ -58.0915350726, -35.0528196822 ], [ -58.0935968646, -35.0547042439 ], [ -58.0936980851, -35.0547898845 ], [ -58.0937663293, -35.0547286047 ], [ -58.1040665632, -35.0641589892 ], [ -58.1058999229, -35.0627526528 ], [ -58.1077727179, -35.0613160812 ], [ -58.1080000746, -35.0611609607 ], [ -58.1084443685, -35.0615599377 ], [ -58.1115092059, -35.0593100264 ], [ -58.1115883732, -35.0592196787 ], [ -58.1108856753, -35.0585482872 ], [ -58.1141180276, -35.0562000062 ], [ -58.1141833652, -35.0561510247 ], [ -58.1115397532, -35.0536784187 ] ] ] ] } },
{ "type": "Feature", "properties": { "ZONA_COD": "AR-RE", "ZONA_DESC": "RURAL EXTENSIVO", "AREA_TIPO": "Rural", "DENOM": "Rural Extensivo", "FOS_MAX": null, "FOT_RES": null, "FOT_COM": null, "FOT_MIN": null, "DENS_RES": null, "DENS_COM": null, "ALTURA_M": 0.0, "NIVELES": 0.0, "CUF_AV": null, "CUF_CAL": null, "RET_FRENTE": "SI", "RET_FONDO": "SI", "RET_LATERA": "SI", "PARC_SUP_M": "30 Ha", "PARC_ANC_M": 0.0, "INC_PRM": "No aplica", "COLOR_HEX": "#EAF0B7" }, "bbox": [ -58.1439536337, -35.1083690252, -58.0853869087, -35.0561510247 ], "geometry": { "type": "MultiPolygon", "coordinates": [ [ [ [ -58.1439139951, -35.0820530158 ], [ -58.1439536337, -35.0813827646 ], [ -58.1433085724, -35.0807110655 ], [ -58.1414243776, -35.0790478188 ], [ -58.1376477089, -35.0757715553 ], [ -58.1366764653, -35.07574049 ], [ -58.1366850449, -35.0749315058 ], [ -58.1362007905, -35.07450538 ], [ -58.1346202275, -35.0731281726 ], [ -58.1347801081, -35.0730050276 ], [ -58.1305574098, -35.0692939248 ], [ -58.1244834418, -35.0654229054 ], [ -58.1237292676, -35.0659923481 ], [ -58.1237431522, -35.0651713408 ], [ -58.1184397746, -35.0601497252 ], [ -58.1174890958, -35.0600865443 ], [ -58.1175415011, -35.0593004379 ], [ -58.1141833652, -35.0561510247 ], [ -58.1141180276, -35.0562000062 ], [ -58.1108856753, -35.0585482872 ], [ -58.1115883732, -35.0592196787 ], [ -58.1115092059, -35.0593100264 ], [ -58.1084443685, -35.0615599377 ], [ -58.1080000746, -35.0611609607 ], [ -58.1077727179, -35.0613160812 ], [ -58.1058999229, -35.0627526528 ], [ -58.1040665632, -35.0641589892 ], [ -58.1041672954, -35.0642545494 ], [ -58.0999708825, -35.0671924978 ], [ -58.1139550579, -35.0800123597 ], [ -58.095956227, -35.0937323745 ], [ -58.0921594944, -35.0966213459 ], [ -58.0918138489, -35.0963420165 ], [ -58.0853869087, -35.1013002748 ], [ -58.0853889034, -35.1013020402 ], [ -58.089015496, -35.1045565805 ], [ -58.092521699, -35.1077149105 ], [ -58.0925827252, -35.1076717565 ], [ -58.0992542532, -35.1028045762 ], [ -58.0993861154, -35.1025945926 ], [ -58.1016395826, -35.1008846477 ], [ -58.1099197063, -35.1083690252 ], [ -58.1189192823, -35.1015401465 ], [ -58.1189071486, -35.1012807721 ], [ -58.1289148017, -35.0935943916 ], [ -58.1291092198, -35.093502676 ], [ -58.131102836, -35.0919848893 ], [ -58.1330304321, -35.0905173297 ], [ -58.1339941474, -35.0897836268 ], [ -58.1349578483, -35.0890498259 ], [ -58.1359215313, -35.088316016 ], [ -58.1362545997, -35.0878689117 ], [ -58.1365305863, -35.087655964 ], [ -58.1366146783, -35.0875910176 ], [ -58.1366987694, -35.0875260713 ], [ -58.1368607005, -35.0874011303 ], [ -58.1370211809, -35.0872772468 ], [ -58.1371935378, -35.0871443055 ], [ -58.1373540784, -35.0870203816 ], [ -58.1375244901, -35.0868888099 ], [ -58.1376950105, -35.08675724 ], [ -58.1378571637, -35.08663203 ], [ -58.1380160775, -35.0865093832 ], [ -58.138181577, -35.0863816111 ], [ -58.1383488599, -35.0862525134 ], [ -58.1385058743, -35.0861313694 ], [ -58.1386250606, -35.0860392932 ], [ -58.1386191539, -35.0859711614 ], [ -58.1387672353, -35.0858619559 ], [ -58.1389069387, -35.0857595609 ], [ -58.1390624783, -35.0856453317 ], [ -58.1392274922, -35.085524309 ], [ -58.1393862612, -35.0854078774 ], [ -58.1395413511, -35.0852940915 ], [ -58.1397043577, -35.0851744799 ], [ -58.1398674731, -35.0850548692 ], [ -58.1400328189, -35.0849335794 ], [ -58.1401872396, -35.0848202343 ], [ -58.1403555936, -35.0846968275 ], [ -58.1404762305, -35.0846082874 ], [ -58.1406284686, -35.084479947 ], [ -58.1407742137, -35.0843719645 ], [ -58.1409318945, -35.0842549726 ], [ -58.1410940324, -35.0841348043 ], [ -58.141259629, -35.0840119857 ], [ -58.141419872, -35.0838931394 ], [ -58.1415851323, -35.0837705851 ], [ -58.1417535124, -35.0836458258 ], [ -58.1419090708, -35.0835304221 ], [ -58.1420753348, -35.083407072 ], [ -58.1422354636, -35.0832883129 ], [ -58.1423615791, -35.0831948976 ], [ -58.1425539441, -35.0830517597 ], [ -58.1426883487, -35.0829505401 ], [ -58.1428510873, -35.0828278555 ], [ -58.1430142711, -35.0827048166 ], [ -58.1433329387, -35.0824646589 ], [ -58.1434980146, -35.0823402962 ], [ -58.1436556064, -35.0822204561 ], [ -58.1437631429, -35.0821404128 ], [ -58.1439139951, -35.0820530158 ] ] ] ] } },
{ "type": "Feature", "properties": { "ZONA_COD": "AC-CS2", "ZONA_DESC": "CORREDOR SERVICIOS 2", "AREA_TIPO": "Complem.", "DENOM": "Corredor Serv. 2", "FOS_MAX": "0.5", "FOT_RES": "0.8", "FOT_COM": null, "FOT_MIN": null, "DENS_RES": "80", "DENS_COM": null, "ALTURA_M": 9.0, "NIVELES": 3.0, "CUF_AV": null, "CUF_CAL": null, "RET_FRENTE": "SI", "RET_FONDO": "SI", "RET_LATERA": "SI", "PARC_SUP_M": "2000", "PARC_ANC_M": 40.0, "INC_PRM": "No aplica", "COLOR_HEX": "#D98E9F" }, "bbox": [ -58.0636384948, -35.0083341002, -58.0544277499, -35.0000761934 ], "geometry": { "type": "MultiPolygon", "coordinates": [ [ [ [ -58.0624986131, -35.0083341002 ], [ -58.0636384948, -35.0074796777 ], [ -58.0635706904, -35.0074186462 ], [ -58.0625231187, -35.006474501 ], [ -58.0609889239, -35.0050923626 ], [ -58.0610905599, -35.0050153977 ], [ -58.0597674143, -35.003828289 ], [ -58.0597687741, -35.0038116642 ], [ -58.0587194344, -35.0028746641 ], [ -58.0586249426, -35.0027906738 ], [ -58.0556670589, -35.0001613789 ], [ -58.0555712316, -35.0000761934 ], [ -58.0544277499, -35.0009385776 ], [ -58.0544476366, -35.0009575901 ], [ -58.0575199231, -35.0037816889 ], [ -58.0598819781, -35.0059310883 ], [ -58.0624986131, -35.0083341002 ] ] ] ] } },
{ "type": "Feature", "properties": { "ZONA_COD": "AC-CS2", "ZONA_DESC": "CORREDOR SERVICIOS 2", "AREA_TIPO": "Complem.", "DENOM": "Corredor Serv. 2", "FOS_MAX": "0.5", "FOT_RES": "0.8", "FOT_COM": null, "FOT_MIN": null, "DENS_RES": "80", "DENS_COM": null, "ALTURA_M": 9.0, "NIVELES": 3.0, "CUF_AV": null, "CUF_CAL": null, "RET_FRENTE": "SI", "RET_FONDO": "SI", "RET_LATERA": "SI", "PARC_SUP_M": "2000", "PARC_ANC_M": 40.0, "INC_PRM": "No aplica", "COLOR_HEX": "#D98E9F" }, "bbox": [ -58.0848626615, -34.9843453079, -58.0774541103, -34.9769826177 ], "geometry": { "type": "MultiPolygon", "coordinates": [ [ [ [ -58.0837192167, -34.9843453079 ], [ -58.0848626615, -34.9834914169 ], [ -58.0817206767, -34.9806719523 ], [ -58.082782079, -34.9798874998 ], [ -58.0828537442, -34.9798336934 ], [ -58.0797794289, -34.9769826177 ], [ -58.0774541103, -34.9787290264 ], [ -58.0805932542, -34.9815487113 ], [ -58.0837192167, -34.9843453079 ] ] ] ] } },
{ "type": "Feature", "properties": { "ZONA_COD": "AU-CS1", "ZONA_DESC": "CORREDOR SERVICIOS 1", "AREA_TIPO": "Urbana", "DENOM": "Corredor Servicios 1", "FOS_MAX": "0.6", "FOT_RES": "1.0", "FOT_COM": null, "FOT_MIN": "NO", "DENS_RES": "300", "DENS_COM": null, "ALTURA_M": 9.0, "NIVELES": 3.0, "CUF_AV": "100", "CUF_CAL": null, "RET_FRENTE": "NO", "RET_FONDO": "SI", "RET_LATERA": "SI", "PARC_SUP_M": "375", "PARC_ANC_M": 15.0, "INC_PRM": "No aplica", "COLOR_HEX": "#C22B7E" }, "bbox": [ -58.0449782872, -34.9478549903, -57.9886469549, -34.8970069783 ], "geometry": { "type": "MultiPolygon", "coordinates": [ [ [ [ -57.9936026429, -34.9023902706 ], [ -57.9939462002, -34.902499585 ], [ -57.9949109299, -34.9033981084 ], [ -57.9959238192, -34.9043414577 ], [ -57.99608351, -34.9044901822 ], [ -57.998967367, -34.9071024276 ], [ -58.0000070597, -34.9080410716 ], [ -58.0009464267, -34.9073489318 ], [ -58.0070671191, -34.9129164727 ], [ -58.0059633856, -34.9137269363 ], [ -58.0061482421, -34.9138907326 ], [ -58.0071320411, -34.914799341 ], [ -58.0071320411, -34.914799341 ], [ -58.0071320411, -34.914799341 ], [ -58.0081254538, -34.9157003484 ], [ -58.0089590138, -34.9164167744 ], [ -58.0105551459, -34.9178597124 ], [ -58.0106781084, -34.9179526996 ], [ -58.0116385502, -34.9188061877 ], [ -58.01372992, -34.9207479903 ], [ -58.0177916055, -34.9244471825 ], [ -58.0187155627, -34.9252896611 ], [ -58.0189665689, -34.9254526057 ], [ -58.0199303957, -34.9263468348 ], [ -58.0201872924, -34.9265789382 ], [ -58.0201488743, -34.9266073199 ], [ -58.0240968441, -34.9301414595 ], [ -58.0248957928, -34.9308841115 ], [ -58.0251048123, -34.9311142993 ], [ -58.0260522733, -34.9319692623 ], [ -58.0301213494, -34.9356535653 ], [ -58.0322391773, -34.9375752609 ], [ -58.0352961852, -34.9403300057 ], [ -58.0353629922, -34.9402809495 ], [ -58.0354213222, -34.9403330652 ], [ -58.0357431239, -34.9406248548 ], [ -58.0356580337, -34.9406830751 ], [ -58.0372474766, -34.9421225218 ], [ -58.0415661515, -34.9460802034 ], [ -58.0419999098, -34.9464811329 ], [ -58.0429957974, -34.9473600853 ], [ -58.0435468777, -34.9478549903 ], [ -58.0449782872, -34.9467784425 ], [ -58.0448707589, -34.9466832744 ], [ -58.0446514943, -34.9464820187 ], [ -58.0447329306, -34.9464218676 ], [ -58.0446598787, -34.9463548132 ], [ -58.0447413168, -34.9462945721 ], [ -58.0445951032, -34.9461604607 ], [ -58.0447580873, -34.9460400694 ], [ -58.0443194538, -34.9456375553 ], [ -58.043865199, -34.9457591122 ], [ -58.0437055343, -34.945610814 ], [ -58.0437875093, -34.9455510325 ], [ -58.0437149043, -34.9454836247 ], [ -58.0438787437, -34.9453640598 ], [ -58.0437335356, -34.9452292424 ], [ -58.0438154, -34.9451694591 ], [ -58.0437429074, -34.9451019623 ], [ -58.0442865656, -34.9447044538 ], [ -58.0434323059, -34.9439270079 ], [ -58.0428921721, -34.9443328612 ], [ -58.0427051761, -34.9441788945 ], [ -58.0425082471, -34.9442043777 ], [ -58.0417527761, -34.9435236422 ], [ -58.041742879, -34.9434305165 ], [ -58.041556794, -34.9432614233 ], [ -58.0404330228, -34.9422366179 ], [ -58.0410051292, -34.9418056331 ], [ -58.0407798418, -34.9416008485 ], [ -58.0406412176, -34.9414749659 ], [ -58.0403542484, -34.941204028 ], [ -58.0402072722, -34.9410704409 ], [ -58.0397671836, -34.9406575226 ], [ -58.038956336, -34.9409053317 ], [ -58.0385049258, -34.9404947507 ], [ -58.038336775, -34.9406208177 ], [ -58.0378935361, -34.9402211806 ], [ -58.0379387279, -34.9399918319 ], [ -58.0375676847, -34.9396489644 ], [ -58.0374924007, -34.9395796159 ], [ -58.0370600489, -34.9391781693 ], [ -58.0369877587, -34.9391143894 ], [ -58.0368976286, -34.9390546924 ], [ -58.0360351329, -34.9382470518 ], [ -58.0358735589, -34.9381249391 ], [ -58.0349853714, -34.9373078637 ], [ -58.0349447238, -34.937143786 ], [ -58.0330109188, -34.9354168277 ], [ -58.0328044821, -34.9352377673 ], [ -58.0319158989, -34.9344309963 ], [ -58.0316022486, -34.9344723984 ], [ -58.0313743299, -34.9342650309 ], [ -58.0314998986, -34.9341714484 ], [ -58.0313882019, -34.9340692431 ], [ -58.0315080878, -34.9339798937 ], [ -58.0312912352, -34.9337811768 ], [ -58.0311713331, -34.9338712466 ], [ -58.0310584601, -34.9337679405 ], [ -58.0309331072, -34.9338617066 ], [ -58.0307084439, -34.9336510566 ], [ -58.0305472153, -34.9335472361 ], [ -58.0302812633, -34.9333059957 ], [ -58.0303652321, -34.9332450837 ], [ -58.0302893203, -34.9331750004 ], [ -58.0303761975, -34.9331114327 ], [ -58.0303034711, -34.9330454558 ], [ -58.0303855576, -34.9329854152 ], [ -58.0301609601, -34.9327813438 ], [ -58.0298299241, -34.9330240771 ], [ -58.0295762478, -34.9327959209 ], [ -58.0294688139, -34.9326758488 ], [ -58.0292861167, -34.9325089553 ], [ -58.0298216989, -34.9321189499 ], [ -58.0294869326, -34.9318132362 ], [ -58.0290387267, -34.9321462596 ], [ -58.0288913314, -34.9320087767 ], [ -58.0288056107, -34.9320697489 ], [ -58.0285867796, -34.9318718963 ], [ -58.0284795867, -34.9317464202 ], [ -58.0282586097, -34.9315514166 ], [ -58.0283368427, -34.9314923959 ], [ -58.0282609489, -34.9314262768 ], [ -58.0283414202, -34.9313651292 ], [ -58.0280366319, -34.9310965772 ], [ -58.0279600627, -34.9311547238 ], [ -58.0278838128, -34.9310897703 ], [ -58.0278072364, -34.9311481866 ], [ -58.0275779803, -34.93094719 ], [ -58.0283023869, -34.9302532344 ], [ -58.0271425142, -34.9292266493 ], [ -58.0257292665, -34.9279346041 ], [ -58.0240394745, -34.9265134064 ], [ -58.0221309045, -34.9248093404 ], [ -58.0219986646, -34.9246887683 ], [ -58.0214750874, -34.9242285546 ], [ -58.021036533, -34.9245565697 ], [ -58.020662674, -34.9242273954 ], [ -58.0203880418, -34.9240447503 ], [ -58.0200298202, -34.9237206958 ], [ -58.0204825515, -34.9233855256 ], [ -58.0201188666, -34.9230566948 ], [ -58.0194640127, -34.9235432154 ], [ -58.0193204647, -34.9234108307 ], [ -58.0190822963, -34.9233501706 ], [ -58.0189350179, -34.9232136688 ], [ -58.0190983888, -34.9230949403 ], [ -58.0189563184, -34.9229694282 ], [ -58.0190414464, -34.92290566 ], [ -58.0189688387, -34.9228400391 ], [ -58.0191334857, -34.9227182673 ], [ -58.0189851417, -34.9225851731 ], [ -58.0189004705, -34.9226481382 ], [ -58.0185386813, -34.9223182525 ], [ -58.0184023054, -34.9221607497 ], [ -58.0175225544, -34.9213800977 ], [ -58.0172119277, -34.9213980985 ], [ -58.0170908088, -34.9212887877 ], [ -58.0172709286, -34.9211560064 ], [ -58.0170150886, -34.9209206701 ], [ -58.0168757485, -34.9208001564 ], [ -58.0168185984, -34.920842572 ], [ -58.0167478595, -34.9207767102 ], [ -58.0166599607, -34.9208419641 ], [ -58.0165864906, -34.9207759682 ], [ -58.0165090221, -34.9208351742 ], [ -58.0162799585, -34.9206284812 ], [ -58.0170934294, -34.9199317971 ], [ -58.0162862816, -34.9190813478 ], [ -58.0162064811, -34.9190048884 ], [ -58.0151356053, -34.9196056625 ], [ -58.0150620543, -34.919538582 ], [ -58.0153091529, -34.9193595846 ], [ -58.01493499, -34.9190176803 ], [ -58.0144849611, -34.9186095581 ], [ -58.0141861452, -34.9184738189 ], [ -58.0138932504, -34.9182013711 ], [ -58.0140548298, -34.918079647 ], [ -58.0137680773, -34.917811175 ], [ -58.0135278226, -34.9179922643 ], [ -58.0132387166, -34.9177216799 ], [ -58.0139405907, -34.917063199 ], [ -58.013003248, -34.9162065939 ], [ -58.0129360884, -34.9161488853 ], [ -58.0140606286, -34.9153174782 ], [ -58.0137204924, -34.9150178835 ], [ -58.0121534076, -34.9154154998 ], [ -58.0120635878, -34.9153334502 ], [ -58.011495147, -34.9148237963 ], [ -58.010739363, -34.9153904483 ], [ -58.0102236306, -34.9149230167 ], [ -58.0092146416, -34.9140171943 ], [ -58.0094694259, -34.9138235892 ], [ -58.0088368814, -34.9132716717 ], [ -58.0017368148, -34.9068960305 ], [ -58.0013550031, -34.9067639039 ], [ -57.9993583922, -34.9050749744 ], [ -57.9995637533, -34.9048588071 ], [ -57.9992962706, -34.9046100357 ], [ -57.9992422187, -34.9046503155 ], [ -57.9990223596, -34.9048162116 ], [ -57.9985825623, -34.9044210882 ], [ -57.9985435965, -34.9044490148 ], [ -57.9983255145, -34.9042532846 ], [ -57.9982434217, -34.9041381093 ], [ -57.9981635205, -34.9040678507 ], [ -57.998104293, -34.9041148186 ], [ -57.9979607882, -34.9039879072 ], [ -57.998057164, -34.9039112706 ], [ -57.9976207653, -34.9035252123 ], [ -57.9978357356, -34.9033578863 ], [ -57.9975420521, -34.9029532903 ], [ -57.9965810762, -34.9020877 ], [ -57.9956498444, -34.901248878 ], [ -57.9954213347, -34.9010412677 ], [ -57.9951333008, -34.9007719208 ], [ -57.9947973033, -34.9010041149 ], [ -57.9942291539, -34.900468342 ], [ -57.9941737907, -34.9004140221 ], [ -57.9941156333, -34.9003569601 ], [ -57.9938992672, -34.9001480143 ], [ -57.9939795776, -34.9000886896 ], [ -57.9937610945, -34.8998833915 ], [ -57.9933176379, -34.8994698949 ], [ -57.9931935782, -34.899362675 ], [ -57.9924370901, -34.8986920281 ], [ -57.9924241444, -34.8986805573 ], [ -57.9923578535, -34.8992995327 ], [ -57.9898237673, -34.8970069783 ], [ -57.9886469549, -34.897869697 ], [ -57.9926718869, -34.9015412881 ], [ -57.9936026429, -34.9023902706 ] ] ] ] } },
{ "type": "Feature", "properties": { "ZONA_COD": "AU-R3", "ZONA_DESC": "RESIDENCIAL 3", "AREA_TIPO": "Urbana", "DENOM": "Residencial 3", "FOS_MAX": "0.6", "FOT_RES": "1.2", "FOT_COM": null, "FOT_MIN": "NO", "DENS_RES": "300", "DENS_COM": null, "ALTURA_M": 9.0, "NIVELES": 3.0, "CUF_AV": "80", "CUF_CAL": "100", "RET_FRENTE": "NO", "RET_FONDO": "SI", "RET_LATERA": "SI", "PARC_SUP_M": "375", "PARC_ANC_M": 15.0, "INC_PRM": "CUF x 2.0 (por Distrito de interes urbanistico Ver COT Art 16 , 244 y 286 Ord 12692)", "COLOR_HEX": "#5290CE" }, "bbox": [ -58.0240968441, -34.9335111355, -58.015336968, -34.9263468348 ], "geometry": { "type": "MultiPolygon", "coordinates": [ [ [ [ -58.0230458577, -34.9309161301 ], [ -58.0232657671, -34.9307537071 ], [ -58.0234855668, -34.9305912824 ], [ -58.023583378, -34.930519065 ], [ -58.0238032856, -34.9303566402 ], [ -58.0240230853, -34.9301941247 ], [ -58.0240968441, -34.9301414595 ], [ -58.0201488743, -34.9266073199 ], [ -58.0201872924, -34.9265789382 ], [ -58.0199303957, -34.9263468348 ], [ -58.0178586347, -34.9278711911 ], [ -58.0166633907, -34.9287680463 ], [ -58.015336968, -34.9297459529 ], [ -58.0172771222, -34.9315156622 ], [ -58.0175192134, -34.9316023614 ], [ -58.0188910222, -34.9328935738 ], [ -58.0195655623, -34.9335111355 ], [ -58.0229662335, -34.9309739097 ], [ -58.0230458577, -34.9309161301 ] ] ] ] } },
{ "type": "Feature", "properties": { "ZONA_COD": "AU-R3", "ZONA_DESC": "RESIDENCIAL 3", "AREA_TIPO": "Urbana", "DENOM": "Residencial 3", "FOS_MAX": "0.6", "FOT_RES": "1.2", "FOT_COM": null, "FOT_MIN": "NO", "DENS_RES": "300", "DENS_COM": null, "ALTURA_M": 9.0, "NIVELES": 3.0, "CUF_AV": "80", "CUF_CAL": "100", "RET_FRENTE": "NO", "RET_FONDO": "SI", "RET_LATERA": "SI", "PARC_SUP_M": "375", "PARC_ANC_M": 15.0, "INC_PRM": "CUF x 2.0 (por Distrito de interes urbanistico Ver COT Art 16 , 244 y 286 Ord 12692)", "COLOR_HEX": "#5290CE" }, "bbox": [ -58.0177916055, -34.927739864, -58.0092292448, -34.9207479903 ], "geometry": { "type": "MultiPolygon", "coordinates": [ [ [ [ -58.01372992, -34.9207479903 ], [ -58.0092440189, -34.9240614893 ], [ -58.0092292448, -34.924072328 ], [ -58.0132794532, -34.927739864 ], [ -58.0135186234, -34.9275579725 ], [ -58.0135621587, -34.9275971659 ], [ -58.0146338061, -34.9268273939 ], [ -58.0148832493, -34.9266465312 ], [ -58.0148430586, -34.9266089324 ], [ -58.0177916055, -34.9244471825 ], [ -58.01372992, -34.9207479903 ] ] ] ] } },
{ "type": "Feature", "properties": { "ZONA_COD": "AU-R3", "ZONA_DESC": "RESIDENCIAL 3", "AREA_TIPO": "Urbana", "DENOM": "Residencial 3", "FOS_MAX": "0.6", "FOT_RES": "1.2", "FOT_COM": null, "FOT_MIN": "NO", "DENS_RES": "300", "DENS_COM": null, "ALTURA_M": 9.0, "NIVELES": 3.0, "CUF_AV": "80", "CUF_CAL": "100", "RET_FRENTE": "NO", "RET_FONDO": "SI", "RET_LATERA": "SI", "PARC_SUP_M": "375", "PARC_ANC_M": 15.0, "INC_PRM": "CUF x 2.0 (por Distrito de interes urbanistico Ver COT Art 16 , 244 y 286 Ord 12692)", "COLOR_HEX": "#5290CE" }, "bbox": [ -58.0047964604, -34.9272048357, -57.9962631379, -34.9194525034 ], "geometry": { "type": "MultiPolygon", "coordinates": [ [ [ [ -57.9973725272, -34.9226808645 ], [ -57.9962631379, -34.9234969372 ], [ -58.0003112662, -34.9272048357 ], [ -58.0047964604, -34.9238855163 ], [ -58.0038456737, -34.9230415763 ], [ -58.0036919041, -34.9228815806 ], [ -58.0018014464, -34.921168757 ], [ -58.0016639454, -34.9210297461 ], [ -58.0007638689, -34.9202144693 ], [ -58.0006928305, -34.9201371609 ], [ -57.9999350474, -34.9194525034 ], [ -57.999863295, -34.9195050193 ], [ -57.9993748237, -34.9198677312 ], [ -57.9988881565, -34.9202280365 ], [ -57.9987120485, -34.92031743 ], [ -57.9976756473, -34.9210939101 ], [ -57.9980198817, -34.9213995006 ], [ -57.9966713429, -34.9220363303 ], [ -57.9973725272, -34.9226808645 ] ] ] ] } },
{ "type": "Feature", "properties": { "ZONA_COD": "AU-R3", "ZONA_DESC": "RESIDENCIAL 3", "AREA_TIPO": "Urbana", "DENOM": "Residencial 3", "FOS_MAX": "0.6", "FOT_RES": "1.2", "FOT_COM": null, "FOT_MIN": "NO", "DENS_RES": "300", "DENS_COM": null, "ALTURA_M": 9.0, "NIVELES": 3.0, "CUF_AV": "80", "CUF_CAL": "100", "RET_FRENTE": "NO", "RET_FONDO": "SI", "RET_LATERA": "SI", "PARC_SUP_M": "375", "PARC_ANC_M": 15.0, "INC_PRM": "CUF x 2.0 (por Distrito de interes urbanistico Ver COT Art 16 , 244 y 286 Ord 12692)", "COLOR_HEX": "#5290CE" }, "bbox": [ -57.9959238192, -34.9104861529, -57.9906296983, -34.9033981084 ], "geometry": { "type": "MultiPolygon", "coordinates": [ [ [ [ -57.9959238192, -34.9043414577 ], [ -57.9949109299, -34.9033981084 ], [ -57.9944545356, -34.9037365008 ], [ -57.9937453312, -34.9042857015 ], [ -57.9936817032, -34.9043330877 ], [ -57.993653612, -34.9043080155 ], [ -57.9906653807, -34.9065322665 ], [ -57.9906296983, -34.9071113156 ], [ -57.9919542756, -34.9083405072 ], [ -57.9926962801, -34.9083737956 ], [ -57.9926655323, -34.908942829 ], [ -57.9927306333, -34.9090023534 ], [ -57.9943534977, -34.9104861529 ], [ -57.9954694916, -34.909666813 ], [ -57.9944484104, -34.9087395031 ], [ -57.995558341, -34.9079342016 ], [ -57.9935731056, -34.9060960008 ], [ -57.9948578213, -34.9051607266 ], [ -57.9959238192, -34.9043414577 ] ] ] ] } },
{ "type": "Feature", "properties": { "ZONA_COD": "AU-R3", "ZONA_DESC": "RESIDENCIAL 3", "AREA_TIPO": "Urbana", "DENOM": "Residencial 3", "FOS_MAX": "0.6", "FOT_RES": "1.2", "FOT_COM": null, "FOT_MIN": "NO", "DENS_RES": "300", "DENS_COM": null, "ALTURA_M": 9.0, "NIVELES": 3.0, "CUF_AV": "80", "CUF_CAL": "100", "RET_FRENTE": "NO", "RET_FONDO": "SI", "RET_LATERA": "SI", "PARC_SUP_M": "375", "PARC_ANC_M": 15.0, "INC_PRM": "CUF x 2.0 (por Distrito de interes urbanistico Ver COT Art 16 , 244 y 286 Ord 12692)", "COLOR_HEX": "#5290CE" }, "bbox": [ -57.9926718869, -34.9045179541, -57.9839960633, -34.897869697 ], "geometry": { "type": "MultiPolygon", "coordinates": [ [ [ [ -57.9864384628, -34.8994568655 ], [ -57.9860885509, -34.8997835371 ], [ -57.9854628045, -34.9002414143 ], [ -57.9853760478, -34.9003249973 ], [ -57.9839960633, -34.9013334961 ], [ -57.9849612157, -34.9022291004 ], [ -57.9851260794, -34.9021085121 ], [ -57.9872267581, -34.9040359283 ], [ -57.9877354452, -34.9045026414 ], [ -57.9882518656, -34.9041212767 ], [ -57.9886848226, -34.9045179541 ], [ -57.9892444699, -34.9041023388 ], [ -57.9892364632, -34.904095021 ], [ -57.9915265148, -34.9023731628 ], [ -57.9915293225, -34.9023710683 ], [ -57.9926718869, -34.9015412881 ], [ -57.9886469549, -34.897869697 ], [ -57.9875176375, -34.8986975697 ], [ -57.9874914349, -34.8986746703 ], [ -57.9864384628, -34.8994568655 ] ] ] ] } },
{ "type": "Feature", "properties": { "ZONA_COD": "AU-R3", "ZONA_DESC": "RESIDENCIAL 3", "AREA_TIPO": "Urbana", "DENOM": "Residencial 3", "FOS_MAX": "0.6", "FOT_RES": "1.2", "FOT_COM": null, "FOT_MIN": "NO", "DENS_RES": "300", "DENS_COM": null, "ALTURA_M": 9.0, "NIVELES": 3.0, "CUF_AV": "80", "CUF_CAL": "100", "RET_FRENTE": "NO", "RET_FONDO": "SI", "RET_LATERA": "SI", "PARC_SUP_M": "375", "PARC_ANC_M": 15.0, "INC_PRM": "CUF x 2.0 (por Distrito de interes urbanistico Ver COT Art 16 , 244 y 286 Ord 12692)", "COLOR_HEX": "#5290CE" }, "bbox": [ -58.0435468777, -34.9512020754, -58.0277640573, -34.9375752609 ], "geometry": { "type": "MultiPolygon", "coordinates": [ [ [ [ -58.0415661515, -34.9460802034 ], [ -58.0372474766, -34.9421225218 ], [ -58.0356580337, -34.9406830751 ], [ -58.0357431239, -34.9406248548 ], [ -58.0354213222, -34.9403330652 ], [ -58.0353629922, -34.9402809495 ], [ -58.0352961852, -34.9403300057 ], [ -58.0322391773, -34.9375752609 ], [ -58.0277640573, -34.9409310757 ], [ -58.0308350289, -34.9437055957 ], [ -58.0308002899, -34.9437316068 ], [ -58.0329197114, -34.9456006445 ], [ -58.0390554476, -34.9512020754 ], [ -58.0435284083, -34.947868901 ], [ -58.0435468777, -34.9478549903 ], [ -58.0429957974, -34.9473600853 ], [ -58.0419999098, -34.9464811329 ], [ -58.0415661515, -34.9460802034 ] ] ] ] } },
{ "type": "Feature", "properties": { "ZONA_COD": "AU-EV", "ZONA_DESC": "ESPACIO VERDE", "AREA_TIPO": "Urbana", "DENOM": "Espacio Verde", "FOS_MAX": null, "FOT_RES": null, "FOT_COM": null, "FOT_MIN": null, "DENS_RES": null, "DENS_COM": null, "ALTURA_M": 0.0, "NIVELES": 0.0, "CUF_AV": null, "CUF_CAL": null, "RET_FRENTE": null, "RET_FONDO": null, "RET_LATERA": null, "PARC_SUP_M": null, "PARC_ANC_M": 0.0, "INC_PRM": null, "COLOR_HEX": "#9AD66E" }, "bbox": [ -57.9900095222, -34.9593808932, -57.9892555558, -34.9587328975 ], "geometry": { "type": "MultiPolygon", "coordinates": [ [ [ [ -57.9900095222, -34.9587813152 ], [ -57.9893022207, -34.9587328975 ], [ -57.9892555558, -34.9593473287 ], [ -57.9899775603, -34.9593808932 ], [ -57.9900095222, -34.9587813152 ] ] ] ] } },
{ "type": "Feature", "properties": { "ZONA_COD": "AU-R6", "ZONA_DESC": "RESIDENCIAL 6", "AREA_TIPO": "Urbana", "DENOM": "Residencial 6", "FOS_MAX": "0.4", "FOT_RES": "0.8", "FOT_COM": null, "FOT_MIN": "NO", "DENS_RES": "150", "DENS_COM": null, "ALTURA_M": 9.0, "NIVELES": 3.0, "CUF_AV": "300", "CUF_CAL": "300", "RET_FRENTE": "SI", "RET_FONDO": "SI", "RET_LATERA": "SI", "PARC_SUP_M": "300", "PARC_ANC_M": 12.0, "INC_PRM": "CUF x 2.0 (por Multifamiliar en Bloque,Ver COT Art 287 Ordenanza 12692) (por Distrito de Interes Urbanistico Ver COT Art 16 , 244 y 286 Ord 12692)", "COLOR_HEX": "#D5EEF9" }, "bbox": [ -57.9156326824, -34.9671521194, -57.8933735382, -34.9452416504 ], "geometry": { "type": "MultiPolygon", "coordinates": [ [ [ [ -57.9017955138, -34.9525006767 ], [ -57.901644773, -34.9526131522 ], [ -57.9014932048, -34.9527237211 ], [ -57.9013434551, -34.952835943 ], [ -57.9011937072, -34.952948075 ], [ -57.9010449666, -34.9530605703 ], [ -57.9006412294, -34.952688903 ], [ -57.9004373162, -34.9528390286 ], [ -57.9003149464, -34.9529291029 ], [ -57.8996215448, -34.9534396138 ], [ -57.8994935335, -34.9533217784 ], [ -57.8993790768, -34.9534062211 ], [ -57.8992671957, -34.9535227004 ], [ -57.8990974262, -34.95364719 ], [ -57.8991706841, -34.9537188399 ], [ -57.8990860453, -34.9537800072 ], [ -57.8991541536, -34.9538432772 ], [ -57.8989142712, -34.9540258504 ], [ -57.8988442679, -34.9539638997 ], [ -57.8987628361, -34.9540237703 ], [ -57.8986863677, -34.9539578329 ], [ -57.8985073747, -34.9540919848 ], [ -57.8984022539, -34.9541579338 ], [ -57.8981716443, -34.9543373315 ], [ -57.8979375778, -34.9545191933 ], [ -57.8978034232, -34.9546076191 ], [ -57.8976398239, -34.9547303208 ], [ -57.8977120089, -34.9547968158 ], [ -57.8975492712, -34.9549200733 ], [ -57.8974762157, -34.9548533823 ], [ -57.8973121964, -34.9549753555 ], [ -57.8972601634, -34.9551311694 ], [ -57.897018762, -34.9553129017 ], [ -57.8970911772, -34.9553789506 ], [ -57.8967687226, -34.9556227217 ], [ -57.896694917, -34.9555553868 ], [ -57.8966130464, -34.9556151584 ], [ -57.8965382794, -34.9555469053 ], [ -57.8963749095, -34.9556690683 ], [ -57.8962512968, -34.9557560534 ], [ -57.8960905564, -34.9558780815 ], [ -57.8961661795, -34.9559470703 ], [ -57.8960843835, -34.9560081945 ], [ -57.896159074, -34.956075185 ], [ -57.8958365087, -34.9563187709 ], [ -57.8957629172, -34.9562516194 ], [ -57.895681686, -34.9563120323 ], [ -57.8956071331, -34.9562439626 ], [ -57.8954431345, -34.9563649421 ], [ -57.8953058206, -34.9564397027 ], [ -57.8951118962, -34.956588009 ], [ -57.895189505, -34.9566564025 ], [ -57.895107994, -34.9567191536 ], [ -57.8951825514, -34.9567870434 ], [ -57.8948614935, -34.9570313739 ], [ -57.8947865107, -34.9569630254 ], [ -57.8947054944, -34.9570235318 ], [ -57.894629123, -34.9569538083 ], [ -57.8944238033, -34.9571110179 ], [ -57.8943075462, -34.9572055177 ], [ -57.8941122467, -34.9573518158 ], [ -57.8941851691, -34.957419408 ], [ -57.8941030322, -34.9574808856 ], [ -57.8941742963, -34.9575448436 ], [ -57.8938462938, -34.9577908532 ], [ -57.8937752644, -34.9577262675 ], [ -57.8936917642, -34.9577897038 ], [ -57.8936196916, -34.957723118 ], [ -57.8934196338, -34.9578713155 ], [ -57.8933735382, -34.9579068117 ], [ -57.8968193266, -34.9610429905 ], [ -57.8988324167, -34.9595445446 ], [ -57.8995586768, -34.9602191954 ], [ -57.9003117079, -34.9608860103 ], [ -57.8983012447, -34.9623856496 ], [ -57.903549011, -34.9671521194 ], [ -57.9055285564, -34.9615435289 ], [ -57.9029144592, -34.9591777022 ], [ -57.9151639683, -34.9499805955 ], [ -57.9156326824, -34.9496330498 ], [ -57.9154804694, -34.9494952971 ], [ -57.9152774331, -34.9493096815 ], [ -57.9150331062, -34.9494881565 ], [ -57.9144513968, -34.9489559296 ], [ -57.9146998076, -34.948776084 ], [ -57.9144958989, -34.9485904532 ], [ -57.9143618064, -34.9485003744 ], [ -57.9141635202, -34.9483175422 ], [ -57.9139507757, -34.9484763715 ], [ -57.9136614683, -34.9482098772 ], [ -57.9134683902, -34.9483403238 ], [ -57.9129904589, -34.9478895099 ], [ -57.9131965377, -34.9476223357 ], [ -57.9124852963, -34.9469656597 ], [ -57.9118022504, -34.9463461707 ], [ -57.9117515943, -34.9463159238 ], [ -57.9113326415, -34.9459180512 ], [ -57.9113651187, -34.9458932865 ], [ -57.9112599916, -34.9457964035 ], [ -57.9113423524, -34.9457337459 ], [ -57.9112958907, -34.945688519 ], [ -57.9113829667, -34.9456211661 ], [ -57.9112840664, -34.9455290764 ], [ -57.9109752068, -34.945580988 ], [ -57.9106061224, -34.9452416504 ], [ -57.9101165908, -34.9456074874 ], [ -57.9099057888, -34.945620801 ], [ -57.9095533346, -34.9458637312 ], [ -57.9098418506, -34.9461346367 ], [ -57.909491401, -34.9463847202 ], [ -57.9091013228, -34.946204166 ], [ -57.9088299964, -34.9464027102 ], [ -57.9089028406, -34.9464692106 ], [ -57.9088206641, -34.9465288051 ], [ -57.9090448265, -34.9467264203 ], [ -57.9086933282, -34.9469745001 ], [ -57.9045212087, -34.9500997854 ], [ -57.9039875366, -34.9504904284 ], [ -57.903690066, -34.9502317906 ], [ -57.9035111918, -34.9503618973 ], [ -57.9036939376, -34.9507201179 ], [ -57.9033294865, -34.9509855313 ], [ -57.9029712793, -34.9512463652 ], [ -57.9030016467, -34.9514627331 ], [ -57.9019803253, -34.9522069374 ], [ -57.9018082221, -34.9523331033 ], [ -57.9017955614, -34.9525006416 ], [ -57.9017955138, -34.9525006767 ] ], [ [ -57.8980850558, -34.9588715271 ], [ -57.8990209973, -34.9581612578 ], [ -57.8997961041, -34.9588525784 ], [ -57.8988324167, -34.9595445446 ], [ -57.8980850558, -34.9588715271 ] ] ] ] } },
{ "type": "Feature", "properties": { "ZONA_COD": "AU-CS1", "ZONA_DESC": "CORREDOR SERVICIOS 1", "AREA_TIPO": "Urbana", "DENOM": "Corredor Servicios 1", "FOS_MAX": "0.6", "FOT_RES": "1.0", "FOT_COM": null, "FOT_MIN": "NO", "DENS_RES": "300", "DENS_COM": null, "ALTURA_M": 9.0, "NIVELES": 3.0, "CUF_AV": "100", "CUF_CAL": null, "RET_FRENTE": "NO", "RET_FONDO": "SI", "RET_LATERA": "SI", "PARC_SUP_M": "375", "PARC_ANC_M": 15.0, "INC_PRM": "No aplica", "COLOR_HEX": "#C22B7E" }, "bbox": [ -57.9345522554, -34.9650171432, -57.8991517093, -34.9081516784 ], "geometry": { "type": "MultiPolygon", "coordinates": [ [ [ [ -57.9196333435, -34.951323742 ], [ -57.919400563, -34.9511191498 ], [ -57.9190839755, -34.9511427426 ], [ -57.9188647433, -34.9509478434 ], [ -57.9191102088, -34.9507674879 ], [ -57.9184344951, -34.950159682 ], [ -57.918008425, -34.9502668273 ], [ -57.9178732686, -34.9501450123 ], [ -57.9179705816, -34.9500710718 ], [ -57.9175948196, -34.9497341633 ], [ -57.9175137745, -34.9497967579 ], [ -57.9174359652, -34.9497271135 ], [ -57.9173528481, -34.9497894015 ], [ -57.9172156097, -34.9496677304 ], [ -57.9171908802, -34.9494338995 ], [ -57.9169975745, -34.9492658467 ], [ -57.9170738694, -34.9492092992 ], [ -57.9163949972, -34.9486149462 ], [ -57.9163734468, -34.9486317887 ], [ -57.9162992365, -34.9485670717 ], [ -57.916322332, -34.9485497148 ], [ -57.9162451468, -34.948481432 ], [ -57.9161666, -34.9485404635 ], [ -57.9160160508, -34.9484086498 ], [ -57.915889509, -34.9483056352 ], [ -57.9157627621, -34.948193425 ], [ -57.9158490053, -34.9481286684 ], [ -57.9155509601, -34.9478656338 ], [ -57.9140645229, -34.9465141974 ], [ -57.9139728343, -34.9464025699 ], [ -57.9125616433, -34.9451168865 ], [ -57.912279222, -34.9451462449 ], [ -57.9120679865, -34.9449566085 ], [ -57.9122333683, -34.9448310334 ], [ -57.9120151945, -34.9446301923 ], [ -57.9119744813, -34.9446604033 ], [ -57.9117525188, -34.944457965 ], [ -57.9115343522, -34.944433846 ], [ -57.911322061, -34.944242839 ], [ -57.9112472356, -34.9440516719 ], [ -57.9110804437, -34.9439567917 ], [ -57.9109449087, -34.9438377574 ], [ -57.9111182827, -34.9434047177 ], [ -57.9109945387, -34.9432895954 ], [ -57.9081033163, -34.9406215632 ], [ -57.9077925556, -34.940333451 ], [ -57.9071334991, -34.9401808433 ], [ -57.9068559476, -34.9399227306 ], [ -57.9067203263, -34.9398630597 ], [ -57.9065040141, -34.9396589073 ], [ -57.9063475924, -34.9396129538 ], [ -57.9062379902, -34.9395118439 ], [ -57.9062992151, -34.939466849 ], [ -57.9052348468, -34.9384852174 ], [ -57.905240419, -34.9384100997 ], [ -57.9024489881, -34.9358408212 ], [ -57.902339966, -34.9357430523 ], [ -57.9021593273, -34.9355742037 ], [ -57.9021959297, -34.9355463589 ], [ -57.90211439, -34.9354738465 ], [ -57.9019930399, -34.9353660421 ], [ -57.9018129084, -34.9353104811 ], [ -57.9016433611, -34.9351573239 ], [ -57.9019703168, -34.9349177606 ], [ -57.9016018097, -34.9345848055 ], [ -57.9015841371, -34.9345268245 ], [ -57.9014911364, -34.9343114566 ], [ -57.9014309628, -34.934186414 ], [ -57.9011924949, -34.9331393531 ], [ -57.9012434379, -34.9331327539 ], [ -57.9011897133, -34.9328877848 ], [ -57.9010765489, -34.9326221422 ], [ -57.9012621798, -34.9324831439 ], [ -57.9011847464, -34.9324127755 ], [ -57.9010440376, -34.9322833667 ], [ -57.9008930513, -34.9321450384 ], [ -57.9010833685, -34.9320024266 ], [ -57.9009121106, -34.931654764 ], [ -57.9010961982, -34.9315160993 ], [ -57.9007222125, -34.9311755665 ], [ -57.9009075888, -34.9310378254 ], [ -57.9004808128, -34.9304201666 ], [ -57.9006378965, -34.9303019435 ], [ -57.9005454984, -34.9302177975 ], [ -57.9004937442, -34.9300759573 ], [ -57.9003485172, -34.929943677 ], [ -57.9005929808, -34.9297629798 ], [ -57.9005182192, -34.9296952698 ], [ -57.9006013022, -34.9296339837 ], [ -57.9003257742, -34.9293849102 ], [ -57.9002755956, -34.9291856015 ], [ -57.9001348248, -34.9290674558 ], [ -57.9003692933, -34.9288924441 ], [ -57.9003048353, -34.9288326626 ], [ -57.9003772541, -34.9287775908 ], [ -57.9003095855, -34.9287149602 ], [ -57.9003478661, -34.9286856127 ], [ -57.9002790131, -34.9286222401 ], [ -57.9003114948, -34.9285971185 ], [ -57.900243328, -34.9285325867 ], [ -57.900415951, -34.9284012947 ], [ -57.9004502719, -34.9281151313 ], [ -57.9006951348, -34.9279357022 ], [ -57.9006267036, -34.9278729691 ], [ -57.9008541943, -34.9277054056 ], [ -57.901017646, -34.9276204547 ], [ -57.9016229617, -34.927160947 ], [ -57.9016960658, -34.9272249329 ], [ -57.9017746135, -34.9271654598 ], [ -57.9016310556, -34.9270407787 ], [ -57.9018528653, -34.9268726648 ], [ -57.9017049071, -34.9267403386 ], [ -57.9017690989, -34.9266945856 ], [ -57.9019172109, -34.9266446957 ], [ -57.9021269481, -34.9264822296 ], [ -57.9022494771, -34.9265905061 ], [ -57.9027949735, -34.926180695 ], [ -57.9026745705, -34.9260748897 ], [ -57.9028840792, -34.9259126898 ], [ -57.9031071678, -34.9259262741 ], [ -57.9032713849, -34.9258067281 ], [ -57.9033723293, -34.92589895 ], [ -57.9035355131, -34.9257812782 ], [ -57.9036484805, -34.9258869539 ], [ -57.9037676002, -34.9258024069 ], [ -57.9038700015, -34.9258976262 ], [ -57.9039476157, -34.9258402989 ], [ -57.9037335015, -34.9256374415 ], [ -57.9039018519, -34.9255187778 ], [ -57.9038287181, -34.9254516389 ], [ -57.9040021937, -34.925329368 ], [ -57.9038544711, -34.9251963267 ], [ -57.9040351908, -34.925068864 ], [ -57.9043098896, -34.9252041859 ], [ -57.9048375875, -34.9248394776 ], [ -57.9051711226, -34.9251395579 ], [ -57.9053375845, -34.9250176153 ], [ -57.9054854267, -34.9251546216 ], [ -57.9055683118, -34.9250921565 ], [ -57.9057897285, -34.925296308 ], [ -57.9058348034, -34.9253377433 ], [ -57.9065561595, -34.9247973857 ], [ -57.9065063812, -34.9247509195 ], [ -57.9062882731, -34.9245500703 ], [ -57.9064554723, -34.9244248038 ], [ -57.9063820067, -34.9243577512 ], [ -57.9065104884, -34.9242620067 ], [ -57.9057797613, -34.9235963204 ], [ -57.9062657019, -34.9232380053 ], [ -57.9063698326, -34.9231531966 ], [ -57.9073536199, -34.9224454157 ], [ -57.9074441537, -34.9223961491 ], [ -57.9084508827, -34.9216416224 ], [ -57.9085676426, -34.9215591015 ], [ -57.9095586289, -34.9208161904 ], [ -57.9096478741, -34.9207184152 ], [ -57.9103434493, -34.9202120214 ], [ -57.910427812, -34.9201384038 ], [ -57.911147409, -34.9196206128 ], [ -57.9112839297, -34.9195136465 ], [ -57.9122767561, -34.918782549 ], [ -57.9123420567, -34.9187360522 ], [ -57.913199688, -34.9195249654 ], [ -57.9143849288, -34.9186718226 ], [ -57.9141161745, -34.9184299131 ], [ -57.9208432446, -34.9134791381 ], [ -57.9210436927, -34.9132593653 ], [ -57.9231951112, -34.9116282056 ], [ -57.924507062, -34.9099862657 ], [ -57.9257896733, -34.9081516784 ], [ -57.9253391489, -34.9086148148 ], [ -57.9251302616, -34.908768866 ], [ -57.9199494723, -34.9125396972 ], [ -57.9131436674, -34.9175488068 ], [ -57.9119987909, -34.9184225962 ], [ -57.9118871985, -34.9185902011 ], [ -57.9118148445, -34.9186433888 ], [ -57.9117438772, -34.9186936267 ], [ -57.9116801692, -34.9187423673 ], [ -57.911616463, -34.9187910179 ], [ -57.9115480588, -34.9188394068 ], [ -57.9114785385, -34.918888678 ], [ -57.9114146749, -34.9189392181 ], [ -57.9113326046, -34.918995843 ], [ -57.9112465377, -34.919059068 ], [ -57.9111778133, -34.9191114176 ], [ -57.9110096275, -34.9192331588 ], [ -57.9108195351, -34.9193730879 ], [ -57.9107428958, -34.9194269231 ], [ -57.9106580582, -34.919489087 ], [ -57.9105883832, -34.9195391378 ], [ -57.9105742549, -34.9195492867 ], [ -57.9104926495, -34.9196090736 ], [ -57.9104078093, -34.9196713283 ], [ -57.9103239241, -34.9197304452 ], [ -57.9102383833, -34.9197943996 ], [ -57.9101577627, -34.919849877 ], [ -57.9100242421, -34.919963563 ], [ -57.9099580421, -34.9200112684 ], [ -57.9098720615, -34.9200753046 ], [ -57.9097922098, -34.9201349414 ], [ -57.9097098229, -34.9201953443 ], [ -57.9096279325, -34.9202534136 ], [ -57.9095427856, -34.9203147608 ], [ -57.9095006011, -34.9203451714 ], [ -57.9094584175, -34.9203755811 ], [ -57.9093749991, -34.9204377692 ], [ -57.9092245443, -34.9205504416 ], [ -57.909188852, -34.9205772226 ], [ -57.9091229335, -34.9206267347 ], [ -57.9090654911, -34.920669904 ], [ -57.9090014674, -34.9207180069 ], [ -57.9089422408, -34.9207624973 ], [ -57.908885802, -34.9208048724 ], [ -57.9088237866, -34.920851478 ], [ -57.9087598745, -34.9208994919 ], [ -57.9087033269, -34.9209418653 ], [ -57.9086452136, -34.9209855642 ], [ -57.9085830857, -34.921032257 ], [ -57.9085200666, -34.9210795659 ], [ -57.9084550376, -34.921128462 ], [ -57.9084406502, -34.9211392089 ], [ -57.9083355797, -34.9212181451 ], [ -57.9082759079, -34.9212628981 ], [ -57.9081367864, -34.9213593396 ], [ -57.9080547017, -34.921421302 ], [ -57.9079955955, -34.9214656214 ], [ -57.9079347987, -34.9215112476 ], [ -57.9078721132, -34.9215582921 ], [ -57.9078113271, -34.9216038364 ], [ -57.9077502991, -34.9216496326 ], [ -57.9076914034, -34.9216937642 ], [ -57.9076286263, -34.9217409138 ], [ -57.9075698394, -34.9217851416 ], [ -57.9075059336, -34.9218329738 ], [ -57.9074462626, -34.9218776359 ], [ -57.9073893742, -34.9219204536 ], [ -57.9072039979, -34.9220594672 ], [ -57.907145559, -34.9221029782 ], [ -57.9070575001, -34.9221754482 ], [ -57.9069361438, -34.9222622139 ], [ -57.9068488898, -34.9223245145 ], [ -57.906767877, -34.9223823265 ], [ -57.9066854119, -34.9224412851 ], [ -57.9066246789, -34.9224846666 ], [ -57.9065658398, -34.9225267288 ], [ -57.9065058874, -34.9225694934 ], [ -57.9064435959, -34.9226139298 ], [ -57.9063642505, -34.9226706887 ], [ -57.9062847954, -34.9227274449 ], [ -57.9061991008, -34.9227886006 ], [ -57.9060721741, -34.9228792343 ], [ -57.9060821808, -34.9228884451 ], [ -57.9059720598, -34.9229696099 ], [ -57.9058484246, -34.9230598496 ], [ -57.9057640304, -34.9231214775 ], [ -57.9056856572, -34.9231787031 ], [ -57.9056041642, -34.9232381285 ], [ -57.9055378302, -34.9232865498 ], [ -57.9054834266, -34.9233262549 ], [ -57.9054201036, -34.9233724756 ], [ -57.9053597905, -34.9234164947 ], [ -57.9052781824, -34.9234760972 ], [ -57.9051983586, -34.9235343787 ], [ -57.9051154132, -34.9235949498 ], [ -57.9050192029, -34.923665115 ], [ -57.9050150984, -34.9237060485 ], [ -57.9049545119, -34.9241437908 ], [ -57.9048801443, -34.9241982906 ], [ -57.9047928462, -34.9242622108 ], [ -57.9047079961, -34.924324461 ], [ -57.9046276084, -34.9243833639 ], [ -57.9045434291, -34.9244450844 ], [ -57.9044623732, -34.9245044261 ], [ -57.9043764088, -34.9245674677 ], [ -57.9039458108, -34.9248830218 ], [ -57.9039631677, -34.9248983121 ], [ -57.9038849123, -34.9249585721 ], [ -57.9037957463, -34.9250227297 ], [ -57.9037210747, -34.9250762331 ], [ -57.9036269156, -34.9251387719 ], [ -57.9035454667, -34.9251963034 ], [ -57.9034627696, -34.9252556164 ], [ -57.9033794402, -34.9253139266 ], [ -57.9033011389, -34.9253681773 ], [ -57.9031777025, -34.9254546336 ], [ -57.9030107164, -34.9255712469 ], [ -57.9029271676, -34.9256295536 ], [ -57.9028638895, -34.9256738802 ], [ -57.9028664705, -34.9257076678 ], [ -57.9027595312, -34.9258017593 ], [ -57.9026410563, -34.9258910036 ], [ -57.9025473479, -34.9259615698 ], [ -57.9024919011, -34.9260034188 ], [ -57.9024275321, -34.9260518725 ], [ -57.9023707498, -34.9260945993 ], [ -57.9023102848, -34.9261401464 ], [ -57.902251158, -34.9261847248 ], [ -57.9021277728, -34.9262776689 ], [ -57.9020673078, -34.926323215 ], [ -57.9020029325, -34.9263712874 ], [ -57.9019143583, -34.9264384479 ], [ -57.90179075, -34.9265315682 ], [ -57.901677073, -34.9266127833 ], [ -57.9016443332, -34.9266179858 ], [ -57.9016030534, -34.9266491743 ], [ -57.9015429221, -34.9266944561 ], [ -57.9014586898, -34.926758066 ], [ -57.9013766905, -34.9268199124 ], [ -57.90129949, -34.9268780572 ], [ -57.901217935, -34.9269396401 ], [ -57.9011387245, -34.9269993721 ], [ -57.9010611867, -34.9270578703 ], [ -57.9009765093, -34.9271217429 ], [ -57.9008345989, -34.9272287838 ], [ -57.9007118784, -34.9273212871 ], [ -57.8994003071, -34.9282888309 ], [ -57.8991517093, -34.9284745157 ], [ -57.8991526113, -34.9289531807 ], [ -57.89936321, -34.9299435834 ], [ -57.9003525057, -34.9344360721 ], [ -57.9004591077, -34.9345987594 ], [ -57.900173778, -34.9348021798 ], [ -57.9002479496, -34.934871772 ], [ -57.9003355067, -34.9348111946 ], [ -57.9005034101, -34.9349728855 ], [ -57.9001656418, -34.9353355893 ], [ -57.9002360902, -34.9353583862 ], [ -57.900637919, -34.9357363506 ], [ -57.9003293005, -34.9359517148 ], [ -57.9013449543, -34.9369089343 ], [ -57.9016192223, -34.9371632976 ], [ -57.9018643623, -34.9369849441 ], [ -57.902084367, -34.9372065739 ], [ -57.9019232112, -34.9373252691 ], [ -57.9023637468, -34.9377223711 ], [ -57.902527266, -34.9376054286 ], [ -57.9028985637, -34.9379497845 ], [ -57.9027387335, -34.9380679635 ], [ -57.9031844816, -34.9384712797 ], [ -57.9033480584, -34.9383520845 ], [ -57.903490859, -34.9384858523 ], [ -57.9035111396, -34.9386263363 ], [ -57.9038091435, -34.93890544 ], [ -57.9036466198, -34.9390261866 ], [ -57.9037905779, -34.9391618673 ], [ -57.9039535449, -34.9390408572 ], [ -57.90425144, -34.9393200491 ], [ -57.9044568352, -34.9393422479 ], [ -57.9046578868, -34.9395265847 ], [ -57.904497945, -34.9396490894 ], [ -57.9046452873, -34.9397851874 ], [ -57.9045534881, -34.939853741 ], [ -57.9050722863, -34.9403153306 ], [ -57.9054571772, -34.940663969 ], [ -57.9055397745, -34.9406005991 ], [ -57.9059384656, -34.9409661457 ], [ -57.9060257169, -34.9410338871 ], [ -57.90638723, -34.9413682416 ], [ -57.9068332326, -34.9417392236 ], [ -57.9070723947, -34.9416969986 ], [ -57.9072541647, -34.9418653184 ], [ -57.9071589256, -34.9419352308 ], [ -57.9072304793, -34.9420006286 ], [ -57.9071544533, -34.9420595171 ], [ -57.90722933, -34.9421233501 ], [ -57.9071472668, -34.9421829455 ], [ -57.9076159719, -34.9426234109 ], [ -57.9084090939, -34.9433687457 ], [ -57.9083553288, -34.9435680624 ], [ -57.9088512294, -34.9440242219 ], [ -57.9090047185, -34.9439102518 ], [ -57.909167065, -34.9440593998 ], [ -57.9088036733, -34.9443324187 ], [ -57.9089666772, -34.9444815776 ], [ -57.909330015, -34.9442107197 ], [ -57.9096252165, -34.9444810209 ], [ -57.9098038471, -34.9443466649 ], [ -57.9101007061, -34.9446164525 ], [ -57.9101909234, -34.9445460904 ], [ -57.9103568789, -34.9446998053 ], [ -57.9105315614, -34.9448287968 ], [ -57.9108125105, -34.9450874041 ], [ -57.9106061224, -34.9452416504 ], [ -57.9109752068, -34.945580988 ], [ -57.9112840664, -34.9455290764 ], [ -57.9113829667, -34.9456211661 ], [ -57.9112958907, -34.945688519 ], [ -57.9113423524, -34.9457337459 ], [ -57.9112599916, -34.9457964035 ], [ -57.9113651187, -34.9458932865 ], [ -57.9113326415, -34.9459180512 ], [ -57.9117515943, -34.9463159238 ], [ -57.9118022504, -34.9463461707 ], [ -57.9124852963, -34.9469656597 ], [ -57.9131965377, -34.9476223357 ], [ -57.9129904589, -34.9478895099 ], [ -57.9134683902, -34.9483403238 ], [ -57.9136614683, -34.9482098772 ], [ -57.9139507757, -34.9484763715 ], [ -57.9141635202, -34.9483175422 ], [ -57.9143618064, -34.9485003744 ], [ -57.9144958989, -34.9485904532 ], [ -57.9146998076, -34.948776084 ], [ -57.9144513968, -34.9489559296 ], [ -57.9150331062, -34.9494881565 ], [ -57.9152774331, -34.9493096815 ], [ -57.9154804694, -34.9494952971 ], [ -57.9156326824, -34.9496330498 ], [ -57.9159766137, -34.949372259 ], [ -57.9259458144, -34.9584678844 ], [ -57.9261540048, -34.9583203083 ], [ -57.93361081, -34.9650171432 ], [ -57.9345522554, -34.9643210473 ], [ -57.9317002812, -34.9615967193 ], [ -57.9310968676, -34.9610728282 ], [ -57.9293589116, -34.9595638594 ], [ -57.9287418175, -34.959028091 ], [ -57.9277758818, -34.9581894354 ], [ -57.9274435454, -34.9584200989 ], [ -57.9261864478, -34.957387277 ], [ -57.9257725376, -34.9570195514 ], [ -57.9256364827, -34.9571192413 ], [ -57.9255594009, -34.9570506059 ], [ -57.9254710327, -34.9571170451 ], [ -57.9252557134, -34.95692637 ], [ -57.9252550695, -34.9568812105 ], [ -57.9250321104, -34.9566735507 ], [ -57.9251177106, -34.9566083265 ], [ -57.9250403365, -34.9565426589 ], [ -57.9251682066, -34.9564463451 ], [ -57.9247866198, -34.9561124224 ], [ -57.9247469138, -34.9561416638 ], [ -57.9246733835, -34.9560755214 ], [ -57.9245902349, -34.9561389856 ], [ -57.9245144544, -34.9560709123 ], [ -57.9244273793, -34.9561381834 ], [ -57.9242768598, -34.9560041278 ], [ -57.9242658701, -34.9559707782 ], [ -57.9238384214, -34.9555786226 ], [ -57.9240173047, -34.9554303603 ], [ -57.9196055796, -34.95134895 ], [ -57.9196333435, -34.951323742 ] ] ] ] } },
{ "type": "Feature", "properties": { "ZONA_COD": "AU-EV", "ZONA_DESC": "ESPACIO VERDE", "AREA_TIPO": "Urbana", "DENOM": "Espacio Verde", "FOS_MAX": null, "FOT_RES": null, "FOT_COM": null, "FOT_MIN": null, "DENS_RES": null, "DENS_COM": null, "ALTURA_M": 0.0, "NIVELES": 0.0, "CUF_AV": null, "CUF_CAL": null, "RET_FRENTE": null, "RET_FONDO": null, "RET_LATERA": null, "PARC_SUP_M": null, "PARC_ANC_M": 0.0, "INC_PRM": null, "COLOR_HEX": "#9AD66E" }, "bbox": [ -58.134251707, -34.8949971986, -58.1326991426, -34.8937244007 ], "geometry": { "type": "MultiPolygon", "coordinates": [ [ [ [ -58.1334898751, -34.8937244007 ], [ -58.1326991426, -34.8943595334 ], [ -58.1334610761, -34.8949971986 ], [ -58.134251707, -34.8943666281 ], [ -58.1334898751, -34.8937244007 ] ] ] ] } },
{ "type": "Feature", "properties": { "ZONA_COD": "AU-EV", "ZONA_DESC": "ESPACIO VERDE", "AREA_TIPO": "Urbana", "DENOM": "Espacio Verde", "FOS_MAX": null, "FOT_RES": null, "FOT_COM": null, "FOT_MIN": null, "DENS_RES": null, "DENS_COM": null, "ALTURA_M": 0.0, "NIVELES": 0.0, "CUF_AV": null, "CUF_CAL": null, "RET_FRENTE": null, "RET_FONDO": null, "RET_LATERA": null, "PARC_SUP_M": null, "PARC_ANC_M": 0.0, "INC_PRM": null, "COLOR_HEX": "#9AD66E" }, "bbox": [ -57.8526967766, -34.9933976588, -57.8508435482, -34.9919086612 ], "geometry": { "type": "MultiPolygon", "coordinates": [ [ [ [ -57.8516417316, -34.9921490769 ], [ -57.8508435482, -34.9927501136 ], [ -57.8515744794, -34.9933976588 ], [ -57.8523464997, -34.9928193812 ], [ -57.8526967766, -34.9925584546 ], [ -57.8519587858, -34.9919086612 ], [ -57.8516417316, -34.9921490769 ] ] ] ] } },
{ "type": "Feature", "properties": { "ZONA_COD": "AU-CLo5", "ZONA_DESC": "CENTRAL LOCALIDADES 5", "AREA_TIPO": "Urbana", "DENOM": "Central Loc. 5", "FOS_MAX": "0.6", "FOT_RES": "0.8", "FOT_COM": "1.2", "FOT_MIN": "NO", "DENS_RES": "150", "DENS_COM": "150", "ALTURA_M": 9.0, "NIVELES": 3.0, "CUF_AV": "200", "CUF_CAL": "200", "RET_FRENTE": "SI", "RET_FONDO": "SI", "RET_LATERA": "SI", "PARC_SUP_M": "300", "PARC_ANC_M": 12.0, "INC_PRM": "No aplica", "COLOR_HEX": "#A80000" }, "bbox": [ -57.8576577005, -34.9948270295, -57.850271761, -34.9883033474 ], "geometry": { "type": "MultiPolygon", "coordinates": [ [ [ [ -57.850271761, -34.9896279544 ], [ -57.853098171, -34.9921788454 ], [ -57.8531811083, -34.9922729477 ], [ -57.85524159, -34.9941322682 ], [ -57.855329622, -34.994229654 ], [ -57.8560064275, -34.9948270295 ], [ -57.8576577005, -34.9935904222 ], [ -57.8518246213, -34.9883033474 ], [ -57.850271761, -34.9896279544 ] ] ] ] } },
{ "type": "Feature", "properties": { "ZONA_COD": "AU-R6", "ZONA_DESC": "RESIDENCIAL 6", "AREA_TIPO": "Urbana", "DENOM": "Residencial 6", "FOS_MAX": "0.4", "FOT_RES": "0.8", "FOT_COM": null, "FOT_MIN": "NO", "DENS_RES": "150", "DENS_COM": null, "ALTURA_M": 9.0, "NIVELES": 3.0, "CUF_AV": "300", "CUF_CAL": "300", "RET_FRENTE": "SI", "RET_FONDO": "SI", "RET_LATERA": "SI", "PARC_SUP_M": "300", "PARC_ANC_M": 12.0, "INC_PRM": "CUF x 2.0 (por Multifamiliar en Bloque,Ver COT Art 287 Ordenanza 12692) (por Distrito de Interes Urbanistico Ver COT Art 16 , 244 y 286 Ord 12692)", "COLOR_HEX": "#D5EEF9" }, "bbox": [ -57.8639402438, -34.9935904222, -57.8518246213, -34.9835801368 ], "geometry": { "type": "MultiPolygon", "coordinates": [ [ [ [ -57.8639402438, -34.9888584144 ], [ -57.858135183, -34.9835801368 ], [ -57.8518246213, -34.9883033474 ], [ -57.8576577005, -34.9935904222 ], [ -57.8639402438, -34.9888584144 ] ] ] ] } },
{ "type": "Feature", "properties": { "ZONA_COD": "AU-R6", "ZONA_DESC": "RESIDENCIAL 6", "AREA_TIPO": "Urbana", "DENOM": "Residencial 6", "FOS_MAX": "0.4", "FOT_RES": "0.8", "FOT_COM": null, "FOT_MIN": "NO", "DENS_RES": "150", "DENS_COM": null, "ALTURA_M": 9.0, "NIVELES": 3.0, "CUF_AV": "300", "CUF_CAL": "300", "RET_FRENTE": "SI", "RET_FONDO": "SI", "RET_LATERA": "SI", "PARC_SUP_M": "300", "PARC_ANC_M": 12.0, "INC_PRM": "CUF x 2.0 (por Multifamiliar en Bloque,Ver COT Art 287 Ordenanza 12692) (por Distrito de Interes Urbanistico Ver COT Art 16 , 244 y 286 Ord 12692)", "COLOR_HEX": "#D5EEF9" }, "bbox": [ -57.8560064275, -34.9954191189, -57.8495285919, -34.9896279544 ], "geometry": { "type": "MultiPolygon", "coordinates": [ [ [ [ -57.8560064275, -34.9948270295 ], [ -57.855329622, -34.994229654 ], [ -57.85524159, -34.9941322682 ], [ -57.8531811083, -34.9922729477 ], [ -57.853098171, -34.9921788454 ], [ -57.850271761, -34.9896279544 ], [ -57.8495285919, -34.9902659577 ], [ -57.8508486725, -34.9914625659 ], [ -57.8509547233, -34.9915368634 ], [ -57.8516417316, -34.9921490769 ], [ -57.8519587858, -34.9919086612 ], [ -57.8526967766, -34.9925584546 ], [ -57.8523464997, -34.9928193812 ], [ -57.8552157669, -34.9954191189 ], [ -57.8560064275, -34.9948270295 ] ] ] ] } },
{ "type": "Feature", "properties": { "ZONA_COD": "AC-REX1", "ZONA_DESC": "RESID. EXTRAURBANO 1", "AREA_TIPO": "Complem.", "DENOM": "Resid. Extraurb. 1", "FOS_MAX": "0.3", "FOT_RES": "0.6", "FOT_COM": null, "FOT_MIN": null, "DENS_RES": "80", "DENS_COM": null, "ALTURA_M": 9.0, "NIVELES": 3.0, "CUF_AV": null, "CUF_CAL": null, "RET_FRENTE": "SI", "RET_FONDO": "SI", "RET_LATERA": "SI", "PARC_SUP_M": "600", "PARC_ANC_M": 20.0, "INC_PRM": "No aplica", "COLOR_HEX": "#F1F8FF" }, "bbox": [ -57.8733777042, -35.0111189301, -57.8421323668, -34.9888584144 ], "geometry": { "type": "MultiPolygon", "coordinates": [ [ [ [ -57.8508435482, -34.9927501136 ], [ -57.8516417316, -34.9921490769 ], [ -57.8509547233, -34.9915368634 ], [ -57.8508486725, -34.9914625659 ], [ -57.8495285919, -34.9902659577 ], [ -57.845337824, -34.9938634123 ], [ -57.8421323668, -34.9966450765 ], [ -57.8472808605, -35.0013605197 ], [ -57.8456555662, -35.0025767493 ], [ -57.8484828737, -35.0051154374 ], [ -57.8493045528, -35.0045221888 ], [ -57.8500274629, -35.0051725777 ], [ -57.8516155487, -35.0039886058 ], [ -57.8509350587, -35.0033803403 ], [ -57.850882952, -35.0032866058 ], [ -57.850202256, -35.0026806912 ], [ -57.8509763007, -35.0021032194 ], [ -57.8502672437, -35.0014528702 ], [ -57.8526959502, -34.9996699138 ], [ -57.8534142657, -35.0003199438 ], [ -57.852619506, -35.0009177385 ], [ -57.8533339733, -35.0015626612 ], [ -57.8517049485, -35.0027560193 ], [ -57.8531452757, -35.0040801208 ], [ -57.8523482426, -35.0046649877 ], [ -57.8544871748, -35.0066499021 ], [ -57.8536916229, -35.0072439412 ], [ -57.8544291704, -35.0078977744 ], [ -57.8528041449, -35.0090996454 ], [ -57.8532363591, -35.0094965927 ], [ -57.8531724065, -35.0095450194 ], [ -57.8549309426, -35.0111189301 ], [ -57.8591011421, -35.0080629016 ], [ -57.8663047504, -35.0026895477 ], [ -57.8733777042, -34.9974464066 ], [ -57.8639402438, -34.9888584144 ], [ -57.8576577005, -34.9935904222 ], [ -57.8560064275, -34.9948270295 ], [ -57.8552157669, -34.9954191189 ], [ -57.8523464997, -34.9928193812 ], [ -57.8515744794, -34.9933976588 ], [ -57.8508435482, -34.9927501136 ] ] ] ] } },
{ "type": "Feature", "properties": { "ZONA_COD": "AU-EV", "ZONA_DESC": "ESPACIO VERDE", "AREA_TIPO": "Urbana", "DENOM": "Espacio Verde", "FOS_MAX": null, "FOT_RES": null, "FOT_COM": null, "FOT_MIN": null, "DENS_RES": null, "DENS_COM": null, "ALTURA_M": 0.0, "NIVELES": 0.0, "CUF_AV": null, "CUF_CAL": null, "RET_FRENTE": null, "RET_FONDO": null, "RET_LATERA": null, "PARC_SUP_M": null, "PARC_ANC_M": 0.0, "INC_PRM": null, "COLOR_HEX": "#9AD66E" }, "bbox": [ -57.8753454541, -34.9783292301, -57.8746375519, -34.9777739104 ], "geometry": { "type": "MultiPolygon", "coordinates": [ [ [ [ -57.8753454541, -34.9777913834 ], [ -57.8746617149, -34.9777739104 ], [ -57.8746375519, -34.9783124515 ], [ -57.8753283976, -34.9783292301 ], [ -57.8753454541, -34.9777913834 ] ] ] ] } },
{ "type": "Feature", "properties": { "ZONA_COD": "AU-EV", "ZONA_DESC": "ESPACIO VERDE", "AREA_TIPO": "Urbana", "DENOM": "Espacio Verde", "FOS_MAX": null, "FOT_RES": null, "FOT_COM": null, "FOT_MIN": null, "DENS_RES": null, "DENS_COM": null, "ALTURA_M": 0.0, "NIVELES": 0.0, "CUF_AV": null, "CUF_CAL": null, "RET_FRENTE": null, "RET_FONDO": null, "RET_LATERA": null, "PARC_SUP_M": null, "PARC_ANC_M": 0.0, "INC_PRM": null, "COLOR_HEX": "#9AD66E" }, "bbox": [ -57.8753706522, -34.9431062659, -57.8731990026, -34.9414186692 ], "geometry": { "type": "MultiPolygon", "coordinates": [ [ [ [ -57.8746587588, -34.9414186692 ], [ -57.8731990026, -34.9423515962 ], [ -57.8739194396, -34.9431062659 ], [ -57.8753706522, -34.9421622683 ], [ -57.8746587588, -34.9414186692 ] ] ] ] } },
{ "type": "Feature", "properties": { "ZONA_COD": "AU-CC4", "ZONA_DESC": "CORREDOR CENTRALIDAD 4", "AREA_TIPO": "Urbana", "DENOM": "Corredor Central. 4", "FOS_MAX": "0.6", "FOT_RES": "1.2", "FOT_COM": null, "FOT_MIN": "NO", "DENS_RES": "300", "DENS_COM": null, "ALTURA_M": 12.0, "NIVELES": 4.0, "CUF_AV": "50", "CUF_CAL": "60", "RET_FRENTE": "NO", "RET_FONDO": "SI", "RET_LATERA": "NO", "PARC_SUP_M": "375", "PARC_ANC_M": 15.0, "INC_PRM": "Art 289 COT Ord 12692 (Art. 47 del Dec.ley 8912/77 por mejora morfológica)", "COLOR_HEX": "#C69C9C" }, "bbox": [ -57.9381827384, -34.9610728282, -57.9287418175, -34.9538738767 ], "geometry": { "type": "MultiPolygon", "coordinates": [ [ [ [ -57.933656608, -34.9591417599 ], [ -57.9381827384, -34.9557910595 ], [ -57.9381728675, -34.9557820645 ], [ -57.9360788006, -34.9538738767 ], [ -57.9338705063, -34.9555091391 ], [ -57.931230801, -34.9574777506 ], [ -57.931170594, -34.9574123816 ], [ -57.9309590735, -34.9572180857 ], [ -57.9308977604, -34.9571635131 ], [ -57.9292664226, -34.9585712579 ], [ -57.9287418175, -34.959028091 ], [ -57.9293589116, -34.9595638594 ], [ -57.9310968676, -34.9610728282 ], [ -57.9315944544, -34.9606974602 ], [ -57.933656608, -34.9591417599 ] ] ] ] } },
{ "type": "Feature", "properties": { "ZONA_COD": "AU-RM", "ZONA_DESC": "RESIDENCIAL MIXTA", "AREA_TIPO": "Urbana", "DENOM": "Residencial Mixta", "FOS_MAX": "0.6", "FOT_RES": "1.0", "FOT_COM": null, "FOT_MIN": "NO", "DENS_RES": "300", "DENS_COM": null, "ALTURA_M": 9.0, "NIVELES": 3.0, "CUF_AV": "100", "CUF_CAL": "125", "RET_FRENTE": "NO", "RET_FONDO": "SI", "RET_LATERA": "SI", "PARC_SUP_M": "375", "PARC_ANC_M": 15.0, "INC_PRM": "No aplica", "COLOR_HEX": "#D9D5F8" }, "bbox": [ -58.0010410282, -34.8951117092, -57.9768136826, -34.8797429673 ], "geometry": { "type": "MultiPolygon", "coordinates": [ [ [ [ -57.995144143, -34.8812418619 ], [ -57.9948779257, -34.8810793239 ], [ -57.9941376442, -34.8807201067 ], [ -57.9935491171, -34.8804722707 ], [ -57.9934567954, -34.8804423916 ], [ -57.9933184689, -34.8803877929 ], [ -57.9931801432, -34.8803331932 ], [ -57.9930384488, -34.8802866947 ], [ -57.9929083025, -34.8802420083 ], [ -57.9927922881, -34.8802053051 ], [ -57.992735549, -34.8801865246 ], [ -57.9926788108, -34.8801677431 ], [ -57.9926223783, -34.8801498682 ], [ -57.992565945, -34.8801319933 ], [ -57.9925118525, -34.8801145626 ], [ -57.992457761, -34.880097132 ], [ -57.9923971215, -34.8800790979 ], [ -57.9923364829, -34.8800610629 ], [ -57.9922769892, -34.8800453904 ], [ -57.9922174954, -34.8800297179 ], [ -57.9921547398, -34.8800132702 ], [ -57.9920919843, -34.8799968234 ], [ -57.9920323268, -34.8799811473 ], [ -57.9919726694, -34.8799654721 ], [ -57.9919110551, -34.879949314 ], [ -57.9918494416, -34.8799331559 ], [ -57.9916379444, -34.8798879802 ], [ -57.9914264473, -34.8798428037 ], [ -57.9911643003, -34.8798117951 ], [ -57.9910034628, -34.8797611021 ], [ -57.9908089179, -34.8799046024 ], [ -57.9907944829, -34.8799135561 ], [ -57.9906244319, -34.8798954239 ], [ -57.9904543809, -34.8798772918 ], [ -57.9903349599, -34.8798637822 ], [ -57.9902273326, -34.8798510073 ], [ -57.990174734, -34.8798463974 ], [ -57.9901221344, -34.8798417875 ], [ -57.9900017584, -34.8798270898 ], [ -57.9897697288, -34.8797988296 ], [ -57.9895028064, -34.8797843208 ], [ -57.9894246913, -34.8797811354 ], [ -57.9892849555, -34.8797755794 ], [ -57.989002974, -34.8797642443 ], [ -57.9887137979, -34.8797429673 ], [ -57.9884156475, -34.8797623656 ], [ -57.9883110419, -34.8797691951 ], [ -57.9881657717, -34.8797782711 ], [ -57.9880538016, -34.8797852183 ], [ -57.9879409304, -34.8797931683 ], [ -57.9877711528, -34.8798042363 ], [ -57.9875623833, -34.8798177225 ], [ -57.9873061844, -34.8798298813 ], [ -57.9871834027, -34.879851099 ], [ -57.9870879675, -34.8798675432 ], [ -57.9869739731, -34.8798871933 ], [ -57.9868406504, -34.8799101287 ], [ -57.9867220415, -34.8799306036 ], [ -57.9866126596, -34.8799494291 ], [ -57.9865060216, -34.8799678499 ], [ -57.9863999349, -34.879986099 ], [ -57.9862927474, -34.8800045998 ], [ -57.9861887462, -34.8800225233 ], [ -57.9860435597, -34.8800476045 ], [ -57.9858189756, -34.8800862394 ], [ -57.9855652372, -34.8801453887 ], [ -57.9854080879, -34.8801946023 ], [ -57.9852936959, -34.8802304673 ], [ -57.9851196852, -34.8802849887 ], [ -57.9849925094, -34.8803248763 ], [ -57.9848688616, -34.8803635615 ], [ -57.9846718183, -34.8804252703 ], [ -57.9844263079, -34.8803713622 ], [ -57.9843563299, -34.880397689 ], [ -57.9839833765, -34.8805378582 ], [ -57.9839135145, -34.8805639161 ], [ -57.9836646532, -34.8806067319 ], [ -57.9821088198, -34.8811748633 ], [ -57.9810469138, -34.8816280137 ], [ -57.9800203359, -34.8822557603 ], [ -57.9768136826, -34.8846391319 ], [ -57.9769240195, -34.8847404747 ], [ -57.9770801679, -34.8848798768 ], [ -57.9771581994, -34.884819714 ], [ -57.9773545951, -34.884990336 ], [ -57.9775332581, -34.8851482273 ], [ -57.9774533479, -34.8852091699 ], [ -57.977526309, -34.8852755416 ], [ -57.9774444311, -34.8853364518 ], [ -57.9775258018, -34.8854122458 ], [ -57.9776819726, -34.8855195646 ], [ -57.9778482654, -34.8856735546 ], [ -57.9779225701, -34.885618195 ], [ -57.9779894158, -34.8856797779 ], [ -57.9779166633, -34.8857342624 ], [ -57.9780814731, -34.8858863342 ], [ -57.9782068503, -34.8858935566 ], [ -57.9784229124, -34.8860874855 ], [ -57.9785058443, -34.8861621338 ], [ -57.9784324686, -34.8862152558 ], [ -57.9785038208, -34.8862804279 ], [ -57.9784342088, -34.8863317198 ], [ -57.978557674, -34.8864438113 ], [ -57.9788781762, -34.886441662 ], [ -57.9790288126, -34.8865786269 ], [ -57.9791763428, -34.8867129272 ], [ -57.9791023817, -34.8867676617 ], [ -57.979173697, -34.8868343653 ], [ -57.9793225321, -34.8869734626 ], [ -57.9793696134, -34.8870874372 ], [ -57.9794449784, -34.8871540275 ], [ -57.9794603838, -34.8871680722 ], [ -57.9795910931, -34.8870782327 ], [ -57.979779189, -34.8872442979 ], [ -57.9798078504, -34.8874360999 ], [ -57.9799597225, -34.8875763285 ], [ -57.9800488219, -34.8875108497 ], [ -57.9801247445, -34.887581505 ], [ -57.9802036231, -34.8875225256 ], [ -57.9803492332, -34.8876549895 ], [ -57.9802699265, -34.887713601 ], [ -57.9804145069, -34.8878479408 ], [ -57.9803081621, -34.8879253895 ], [ -57.980375738, -34.8879930213 ], [ -57.9805722345, -34.8879769108 ], [ -57.9807965281, -34.8881745773 ], [ -57.9809528402, -34.8883122653 ], [ -57.9808775049, -34.8883695018 ], [ -57.9809485001, -34.8884315127 ], [ -57.981313918, -34.8882702301 ], [ -57.9816834602, -34.8886064794 ], [ -57.9815249871, -34.8888521292 ], [ -57.9816682932, -34.8889805884 ], [ -57.9815882076, -34.8890397287 ], [ -57.9817378359, -34.8891780264 ], [ -57.9817783513, -34.8892699911 ], [ -57.9819058527, -34.8893828668 ], [ -57.9820269401, -34.8892929544 ], [ -57.9823242614, -34.8895593318 ], [ -57.9823609042, -34.889592452 ], [ -57.9823540613, -34.8895975692 ], [ -57.9823848136, -34.8896370296 ], [ -57.9828113558, -34.8900177504 ], [ -57.9828911841, -34.8903135896 ], [ -57.9830576693, -34.8904604552 ], [ -57.9831794393, -34.8903694726 ], [ -57.9837032395, -34.8908345354 ], [ -57.9835804812, -34.8909256826 ], [ -57.9837947608, -34.8911174999 ], [ -57.9838240409, -34.8911974343 ], [ -57.9838864485, -34.8912505078 ], [ -57.9840505577, -34.8914007575 ], [ -57.9841376507, -34.8913368652 ], [ -57.9842089984, -34.8914025751 ], [ -57.9842542074, -34.8913697102 ], [ -57.9846006694, -34.8916891665 ], [ -57.9846997855, -34.8916166407 ], [ -57.9849985852, -34.8918859193 ], [ -57.9851189883, -34.8920121023 ], [ -57.9854195642, -34.8922804186 ], [ -57.9855892078, -34.8921549893 ], [ -57.9858888565, -34.8924210357 ], [ -57.9857206473, -34.8925459479 ], [ -57.9860262162, -34.8928204732 ], [ -57.9863110891, -34.8928137499 ], [ -57.9869733696, -34.8934142919 ], [ -57.9874587095, -34.8930499532 ], [ -57.987546057, -34.8931280018 ], [ -57.9875361654, -34.893161363 ], [ -57.9871942917, -34.8940068894 ], [ -57.987425609, -34.8942183587 ], [ -57.9875056891, -34.8941594846 ], [ -57.9875790945, -34.8942262179 ], [ -57.9876622368, -34.8941628885 ], [ -57.9878094549, -34.8942976231 ], [ -57.9877252973, -34.8943577815 ], [ -57.987797369, -34.8944253943 ], [ -57.9877185137, -34.894483388 ], [ -57.9879556631, -34.8947025231 ], [ -57.9880930202, -34.8948245674 ], [ -57.9883893891, -34.8950957804 ], [ -57.9885512113, -34.8949771572 ], [ -57.9886983278, -34.8951117092 ], [ -57.989038231, -34.8948625638 ], [ -57.9891505492, -34.8949663491 ], [ -57.9894013287, -34.8947790833 ], [ -57.9897180555, -34.8948479489 ], [ -57.9899631909, -34.8946677976 ], [ -57.9898941689, -34.8946051031 ], [ -57.9900152464, -34.8945155442 ], [ -57.98994612, -34.8944526681 ], [ -57.9898732498, -34.8943863053 ], [ -57.9901195309, -34.8942039192 ], [ -57.9902618936, -34.8943325276 ], [ -57.9903839424, -34.8942426287 ], [ -57.9904529644, -34.8943053231 ], [ -57.990693176, -34.8941250882 ], [ -57.9907563031, -34.8940779772 ], [ -57.9899601512, -34.8933502908 ], [ -57.9910801849, -34.8925246421 ], [ -57.9915964812, -34.8929977709 ], [ -57.9918128068, -34.8931960076 ], [ -57.9918876529, -34.8931391929 ], [ -57.9919999647, -34.8930536845 ], [ -57.9923890888, -34.8927577752 ], [ -57.9923858054, -34.8927548443 ], [ -57.9917950992, -34.8922275205 ], [ -57.9917548014, -34.8922564139 ], [ -57.9916817108, -34.8921901393 ], [ -57.9917299622, -34.892153536 ], [ -57.9916638071, -34.8920944055 ], [ -57.9921877917, -34.8916959897 ], [ -57.9922545916, -34.8917555815 ], [ -57.9926706314, -34.8914509982 ], [ -57.9931159505, -34.8918490264 ], [ -57.9932812046, -34.8917236942 ], [ -57.9934283256, -34.8918581509 ], [ -57.9938001862, -34.8915845556 ], [ -57.9949161729, -34.8907593485 ], [ -57.9950788738, -34.8905054663 ], [ -57.9953230487, -34.8903233059 ], [ -57.9952437744, -34.8902548576 ], [ -57.9956581847, -34.8899490647 ], [ -57.9958090837, -34.8900811472 ], [ -57.9958813946, -34.8901428326 ], [ -57.9963502184, -34.8897927607 ], [ -57.9973215635, -34.8890674386 ], [ -57.9973942512, -34.88901316 ], [ -57.9970232692, -34.8886850703 ], [ -57.9966522908, -34.8883569787 ], [ -57.9977682325, -34.8875209572 ], [ -57.9985072747, -34.8881798869 ], [ -57.9985768166, -34.8881282838 ], [ -57.9996169023, -34.8873564838 ], [ -58.0007265074, -34.8865330699 ], [ -58.0010410282, -34.8862996662 ], [ -58.0002179768, -34.8854905992 ], [ -57.9973596561, -34.882866248 ], [ -57.9972562134, -34.8827598285 ], [ -57.996426319, -34.882042129 ], [ -57.9962580882, -34.8819294827 ], [ -57.9961707614, -34.8819937626 ], [ -57.9960320616, -34.8819002322 ], [ -57.9959743566, -34.8818580954 ], [ -57.99595011, -34.8818432763 ], [ -57.9959863635, -34.8818154073 ], [ -57.995144143, -34.8812418619 ] ] ] ] } },
{ "type": "Feature", "properties": { "ZONA_COD": "AU-RM", "ZONA_DESC": "RESIDENCIAL MIXTA", "AREA_TIPO": "Urbana", "DENOM": "Residencial Mixta", "FOS_MAX": "0.6", "FOT_RES": "1.0", "FOT_COM": null, "FOT_MIN": "NO", "DENS_RES": "300", "DENS_COM": null, "ALTURA_M": 9.0, "NIVELES": 3.0, "CUF_AV": "100", "CUF_CAL": "125", "RET_FRENTE": "NO", "RET_FONDO": "SI", "RET_LATERA": "SI", "PARC_SUP_M": "375", "PARC_ANC_M": 15.0, "INC_PRM": "No aplica", "COLOR_HEX": "#D9D5F8" }, "bbox": [ -57.9185685138, -34.9432895954, -57.9001348248, -34.9248394776 ], "geometry": { "type": "MultiPolygon", "coordinates": [ [ [ [ -57.9157511465, -34.9349380053 ], [ -57.9151564689, -34.9353819907 ], [ -57.9145270757, -34.9347941821 ], [ -57.9151842409, -34.934309488 ], [ -57.9103456167, -34.9298560218 ], [ -57.9096858102, -34.9303470885 ], [ -57.9090771787, -34.9297997 ], [ -57.9097440601, -34.9293039883 ], [ -57.9088139543, -34.9284797785 ], [ -57.9089237238, -34.9282058387 ], [ -57.9071936395, -34.9277301972 ], [ -57.9074258228, -34.9271880517 ], [ -57.9066168485, -34.9264635731 ], [ -57.9060905517, -34.9268538663 ], [ -57.9050352944, -34.9259318337 ], [ -57.9058348034, -34.9253377433 ], [ -57.9057897285, -34.925296308 ], [ -57.9055683118, -34.9250921565 ], [ -57.9054854267, -34.9251546216 ], [ -57.9053375845, -34.9250176153 ], [ -57.9051711226, -34.9251395579 ], [ -57.9048375875, -34.9248394776 ], [ -57.9043098896, -34.9252041859 ], [ -57.9040351908, -34.925068864 ], [ -57.9038544711, -34.9251963267 ], [ -57.9040021937, -34.925329368 ], [ -57.9038287181, -34.9254516389 ], [ -57.9039018519, -34.9255187778 ], [ -57.9037335015, -34.9256374415 ], [ -57.9039476157, -34.9258402989 ], [ -57.9038700015, -34.9258976262 ], [ -57.9037676002, -34.9258024069 ], [ -57.9036484805, -34.9258869539 ], [ -57.9035355131, -34.9257812782 ], [ -57.9033723293, -34.92589895 ], [ -57.9032713849, -34.9258067281 ], [ -57.9031071678, -34.9259262741 ], [ -57.9028840792, -34.9259126898 ], [ -57.9026745705, -34.9260748897 ], [ -57.9027949735, -34.926180695 ], [ -57.9022494771, -34.9265905061 ], [ -57.9021269481, -34.9264822296 ], [ -57.9019172109, -34.9266446957 ], [ -57.9017690989, -34.9266945856 ], [ -57.9017049071, -34.9267403386 ], [ -57.9018528653, -34.9268726648 ], [ -57.9016310556, -34.9270407787 ], [ -57.9017746135, -34.9271654598 ], [ -57.9016960658, -34.9272249329 ], [ -57.9016229617, -34.927160947 ], [ -57.901017646, -34.9276204547 ], [ -57.9008541943, -34.9277054056 ], [ -57.9006267036, -34.9278729691 ], [ -57.9006951348, -34.9279357022 ], [ -57.9004502719, -34.9281151313 ], [ -57.900415951, -34.9284012947 ], [ -57.900243328, -34.9285325867 ], [ -57.9003114948, -34.9285971185 ], [ -57.9002790131, -34.9286222401 ], [ -57.9003478661, -34.9286856127 ], [ -57.9003095855, -34.9287149602 ], [ -57.9003772541, -34.9287775908 ], [ -57.9003048353, -34.9288326626 ], [ -57.9003692933, -34.9288924441 ], [ -57.9001348248, -34.9290674558 ], [ -57.9002755956, -34.9291856015 ], [ -57.9003257742, -34.9293849102 ], [ -57.9006013022, -34.9296339837 ], [ -57.9005182192, -34.9296952698 ], [ -57.9005929808, -34.9297629798 ], [ -57.9003485172, -34.929943677 ], [ -57.9004937442, -34.9300759573 ], [ -57.9005454984, -34.9302177975 ], [ -57.9006378965, -34.9303019435 ], [ -57.9004808128, -34.9304201666 ], [ -57.9009075888, -34.9310378254 ], [ -57.9007222125, -34.9311755665 ], [ -57.9010961982, -34.9315160993 ], [ -57.9009121106, -34.931654764 ], [ -57.9010833685, -34.9320024266 ], [ -57.9008930513, -34.9321450384 ], [ -57.9010440376, -34.9322833667 ], [ -57.9011847464, -34.9324127755 ], [ -57.9012621798, -34.9324831439 ], [ -57.9010765489, -34.9326221422 ], [ -57.9011897133, -34.9328877848 ], [ -57.9012434379, -34.9331327539 ], [ -57.9011924949, -34.9331393531 ], [ -57.9014309628, -34.934186414 ], [ -57.9014911364, -34.9343114566 ], [ -57.9015841371, -34.9345268245 ], [ -57.9016018097, -34.9345848055 ], [ -57.9019703168, -34.9349177606 ], [ -57.9016433611, -34.9351573239 ], [ -57.9018129084, -34.9353104811 ], [ -57.9019930399, -34.9353660421 ], [ -57.90211439, -34.9354738465 ], [ -57.9021959297, -34.9355463589 ], [ -57.9021593273, -34.9355742037 ], [ -57.902339966, -34.9357430523 ], [ -57.9024489881, -34.9358408212 ], [ -57.905240419, -34.9384100997 ], [ -57.9052348468, -34.9384852174 ], [ -57.9062992151, -34.939466849 ], [ -57.9062379902, -34.9395118439 ], [ -57.9063475924, -34.9396129538 ], [ -57.9065040141, -34.9396589073 ], [ -57.9067203263, -34.9398630597 ], [ -57.9068559476, -34.9399227306 ], [ -57.9071334991, -34.9401808433 ], [ -57.9077925556, -34.940333451 ], [ -57.9081033163, -34.9406215632 ], [ -57.9109945387, -34.9432895954 ], [ -57.9110801253, -34.9432273677 ], [ -57.9112625762, -34.9430932563 ], [ -57.9110924038, -34.942936295 ], [ -57.9116613077, -34.9425194232 ], [ -57.9138583982, -34.9409048335 ], [ -57.9148430606, -34.940168715 ], [ -57.914764905, -34.9401002343 ], [ -57.9148455661, -34.9400395283 ], [ -57.9146750978, -34.9398868234 ], [ -57.914803413, -34.9397896265 ], [ -57.9148532202, -34.9397848043 ], [ -57.9152982893, -34.940005846 ], [ -57.9155026242, -34.9398539901 ], [ -57.9154312433, -34.9397902218 ], [ -57.9156045561, -34.9396619848 ], [ -57.9156751961, -34.9397290733 ], [ -57.9158758564, -34.9395796762 ], [ -57.9159803477, -34.9394810781 ], [ -57.9161327405, -34.9393664487 ], [ -57.9160543925, -34.9392968843 ], [ -57.9161390421, -34.9392341728 ], [ -57.9161225728, -34.9392190201 ], [ -57.916868386, -34.9386610052 ], [ -57.9169446458, -34.9387308933 ], [ -57.9171735169, -34.9385649459 ], [ -57.9172115448, -34.9384114047 ], [ -57.9181958447, -34.9376785858 ], [ -57.9182698625, -34.9377462724 ], [ -57.9185126767, -34.9375653306 ], [ -57.9185685138, -34.9375234042 ], [ -57.9157511465, -34.9349380053 ] ], [ [ -57.9051874588, -34.9296998222 ], [ -57.9058982479, -34.9291656627 ], [ -57.9063851975, -34.9296216882 ], [ -57.9060156454, -34.9304457478 ], [ -57.9051874588, -34.9296998222 ] ] ] ] } },
{ "type": "Feature", "properties": { "ZONA_COD": "AU-RM", "ZONA_DESC": "RESIDENCIAL MIXTA", "AREA_TIPO": "Urbana", "DENOM": "Residencial Mixta", "FOS_MAX": "0.6", "FOT_RES": "1.0", "FOT_COM": null, "FOT_MIN": "NO", "DENS_RES": "300", "DENS_COM": null, "ALTURA_M": 9.0, "NIVELES": 3.0, "CUF_AV": "100", "CUF_CAL": "125", "RET_FRENTE": "NO", "RET_FONDO": "SI", "RET_LATERA": "SI", "PARC_SUP_M": "375", "PARC_ANC_M": 15.0, "INC_PRM": "No aplica", "COLOR_HEX": "#D9D5F8" }, "bbox": [ -57.9453443529, -34.966947216, -57.9354726548, -34.9593187132 ], "geometry": { "type": "MultiPolygon", "coordinates": [ [ [ [ -57.941556814, -34.9595278424 ], [ -57.9354726548, -34.9640350017 ], [ -57.9387084929, -34.966947216 ], [ -57.9398005505, -34.9661291163 ], [ -57.9408674756, -34.9653433174 ], [ -57.9424148005, -34.9667263632 ], [ -57.9453443529, -34.9641015551 ], [ -57.9431713102, -34.9621145382 ], [ -57.9442338592, -34.9613283616 ], [ -57.9442227814, -34.9613184295 ], [ -57.9420471226, -34.9593187132 ], [ -57.9416498552, -34.9596065925 ], [ -57.941556814, -34.9595278424 ] ] ] ] } },
{ "type": "Feature", "properties": { "ZONA_COD": "AU-RM", "ZONA_DESC": "RESIDENCIAL MIXTA", "AREA_TIPO": "Urbana", "DENOM": "Residencial Mixta", "FOS_MAX": "0.6", "FOT_RES": "1.0", "FOT_COM": null, "FOT_MIN": "NO", "DENS_RES": "300", "DENS_COM": null, "ALTURA_M": 9.0, "NIVELES": 3.0, "CUF_AV": "100", "CUF_CAL": "125", "RET_FRENTE": "NO", "RET_FONDO": "SI", "RET_LATERA": "SI", "PARC_SUP_M": "375", "PARC_ANC_M": 15.0, "INC_PRM": "No aplica", "COLOR_HEX": "#D9D5F8" }, "bbox": [ -57.9360788006, -34.959028091, -57.9110804437, -34.9382588284 ], "geometry": { "type": "MultiPolygon", "coordinates": [ [ [ [ -57.9360788006, -34.9538738767 ], [ -57.9360738741, -34.9538693882 ], [ -57.9359875149, -34.9537906912 ], [ -57.9353204815, -34.9533793539 ], [ -57.9318920824, -34.9502498274 ], [ -57.9310282089, -34.949461211 ], [ -57.930976729, -34.9494582351 ], [ -57.9297411621, -34.9483267495 ], [ -57.9257208778, -34.9446547087 ], [ -57.9246414539, -34.9454590381 ], [ -57.9236088506, -34.9445086094 ], [ -57.9246770995, -34.9437262298 ], [ -57.9246287996, -34.9436832647 ], [ -57.9258149127, -34.9428226126 ], [ -57.9253506044, -34.9424144481 ], [ -57.9249019426, -34.942049835 ], [ -57.9236816714, -34.9409599161 ], [ -57.9233360053, -34.9405919117 ], [ -57.9226936546, -34.9400060573 ], [ -57.9215481467, -34.9408536666 ], [ -57.9200858005, -34.9395188568 ], [ -57.9200050945, -34.9394176489 ], [ -57.9193225495, -34.9388150609 ], [ -57.9192284148, -34.938743062 ], [ -57.9186989425, -34.9382588284 ], [ -57.9186558605, -34.9382910772 ], [ -57.918579089, -34.9383496006 ], [ -57.9185948163, -34.9383638377 ], [ -57.9185251053, -34.9384158131 ], [ -57.9185798507, -34.938466677 ], [ -57.9184523466, -34.9385623604 ], [ -57.9185697396, -34.9386675586 ], [ -57.9181141305, -34.939006165 ], [ -57.9179936816, -34.9388963173 ], [ -57.9177124896, -34.9391016532 ], [ -57.917652611, -34.9391888524 ], [ -57.9173787539, -34.9393897169 ], [ -57.9174890423, -34.9394901981 ], [ -57.9169660793, -34.9398736951 ], [ -57.9168577434, -34.9397738776 ], [ -57.9166457858, -34.939924344 ], [ -57.9164794499, -34.9399801578 ], [ -57.9159106979, -34.9404039579 ], [ -57.9160291287, -34.9405113396 ], [ -57.9159569572, -34.9405652531 ], [ -57.9158386379, -34.9404577841 ], [ -57.9150996227, -34.9410100506 ], [ -57.9152180536, -34.9411174332 ], [ -57.915147107, -34.9411704662 ], [ -57.9150295377, -34.9410636394 ], [ -57.914460739, -34.941488694 ], [ -57.9145748827, -34.9417393819 ], [ -57.913522756, -34.942507411 ], [ -57.9132494835, -34.9424462112 ], [ -57.9130079624, -34.942626894 ], [ -57.9131504906, -34.9427593848 ], [ -57.9126649574, -34.9431152978 ], [ -57.9125265005, -34.9429863018 ], [ -57.9122773029, -34.943167481 ], [ -57.9122051404, -34.9432192289 ], [ -57.9120452094, -34.9430733597 ], [ -57.9116629823, -34.9435005395 ], [ -57.9116090751, -34.9436151437 ], [ -57.9115447061, -34.9436977572 ], [ -57.9114222418, -34.9436372536 ], [ -57.9110804437, -34.9439567917 ], [ -57.9112472356, -34.9440516719 ], [ -57.911322061, -34.944242839 ], [ -57.9115343522, -34.944433846 ], [ -57.9117525188, -34.944457965 ], [ -57.9119744813, -34.9446604033 ], [ -57.9120151945, -34.9446301923 ], [ -57.9122333683, -34.9448310334 ], [ -57.9120679865, -34.9449566085 ], [ -57.912279222, -34.9451462449 ], [ -57.9125616433, -34.9451168865 ], [ -57.9139728343, -34.9464025699 ], [ -57.9140645229, -34.9465141974 ], [ -57.9155509601, -34.9478656338 ], [ -57.9158490053, -34.9481286684 ], [ -57.9157627621, -34.948193425 ], [ -57.915889509, -34.9483056352 ], [ -57.9160160508, -34.9484086498 ], [ -57.9161666, -34.9485404635 ], [ -57.9162451468, -34.948481432 ], [ -57.916322332, -34.9485497148 ], [ -57.9162992365, -34.9485670717 ], [ -57.9163734468, -34.9486317887 ], [ -57.9163949972, -34.9486149462 ], [ -57.9170738694, -34.9492092992 ], [ -57.9169975745, -34.9492658467 ], [ -57.9171908802, -34.9494338995 ], [ -57.9172156097, -34.9496677304 ], [ -57.9173528481, -34.9497894015 ], [ -57.9174359652, -34.9497271135 ], [ -57.9175137745, -34.9497967579 ], [ -57.9175948196, -34.9497341633 ], [ -57.9179705816, -34.9500710718 ], [ -57.9178732686, -34.9501450123 ], [ -57.918008425, -34.9502668273 ], [ -57.9184344951, -34.950159682 ], [ -57.9191102088, -34.9507674879 ], [ -57.9188647433, -34.9509478434 ], [ -57.9190839755, -34.9511427426 ], [ -57.919400563, -34.9511191498 ], [ -57.9196333435, -34.951323742 ], [ -57.9196055796, -34.95134895 ], [ -57.9240173047, -34.9554303603 ], [ -57.9238384214, -34.9555786226 ], [ -57.9242658701, -34.9559707782 ], [ -57.9242768598, -34.9560041278 ], [ -57.9244273793, -34.9561381834 ], [ -57.9245144544, -34.9560709123 ], [ -57.9245902349, -34.9561389856 ], [ -57.9246733835, -34.9560755214 ], [ -57.9247469138, -34.9561416638 ], [ -57.9247866198, -34.9561124224 ], [ -57.9251682066, -34.9564463451 ], [ -57.9250403365, -34.9565426589 ], [ -57.9251177106, -34.9566083265 ], [ -57.9250321104, -34.9566735507 ], [ -57.9252550695, -34.9568812105 ], [ -57.9252557134, -34.95692637 ], [ -57.9254710327, -34.9571170451 ], [ -57.9255594009, -34.9570506059 ], [ -57.9256364827, -34.9571192413 ], [ -57.9257725376, -34.9570195514 ], [ -57.9261864478, -34.957387277 ], [ -57.9274435454, -34.9584200989 ], [ -57.9277758818, -34.9581894354 ], [ -57.9287418175, -34.959028091 ], [ -57.9292664226, -34.9585712579 ], [ -57.9308977604, -34.9571635131 ], [ -57.9309590735, -34.9572180857 ], [ -57.931170594, -34.9574123816 ], [ -57.931230801, -34.9574777506 ], [ -57.9338705063, -34.9555091391 ], [ -57.9360788006, -34.9538738767 ] ] ] ] } },
{ "type": "Feature", "properties": { "ZONA_COD": "AU-EV", "ZONA_DESC": "ESPACIO VERDE", "AREA_TIPO": "Urbana", "DENOM": "Espacio Verde", "FOS_MAX": null, "FOT_RES": null, "FOT_COM": null, "FOT_MIN": null, "DENS_RES": null, "DENS_COM": null, "ALTURA_M": 0.0, "NIVELES": 0.0, "CUF_AV": null, "CUF_CAL": null, "RET_FRENTE": null, "RET_FONDO": null, "RET_LATERA": null, "PARC_SUP_M": null, "PARC_ANC_M": 0.0, "INC_PRM": null, "COLOR_HEX": "#9AD66E" }, "bbox": [ -58.0469846315, -34.87210985, -58.0454826864, -34.8708563956 ], "geometry": { "type": "MultiPolygon", "coordinates": [ [ [ [ -58.0464933571, -34.8708962751 ], [ -58.0463934487, -34.8708734593 ], [ -58.0463076201, -34.8708607906 ], [ -58.0461937857, -34.8708563956 ], [ -58.0460818615, -34.8708677666 ], [ -58.0459936452, -34.8708858475 ], [ -58.0459058651, -34.8709118037 ], [ -58.0458241473, -34.8709534226 ], [ -58.045753108, -34.8709998312 ], [ -58.0456957816, -34.8710456049 ], [ -58.0456460869, -34.8710933823 ], [ -58.0456025507, -34.8711439961 ], [ -58.0455604157, -34.871205579 ], [ -58.0455264816, -34.8712713995 ], [ -58.0455007645, -34.8713407723 ], [ -58.0454841595, -34.871410976 ], [ -58.0454826864, -34.8714732127 ], [ -58.0454866821, -34.8715499051 ], [ -58.0455045093, -34.8716384515 ], [ -58.0455315142, -34.8717250921 ], [ -58.0455785316, -34.8718079503 ], [ -58.0456495835, -34.871892563 ], [ -58.045722112, -34.8719498318 ], [ -58.0458113346, -34.8720032641 ], [ -58.0459015978, -34.8720478193 ], [ -58.0460251691, -34.8720881197 ], [ -58.0461442789, -34.872106455 ], [ -58.0462703828, -34.87210985 ], [ -58.0464342518, -34.8720960634 ], [ -58.0465052254, -34.8720787316 ], [ -58.0465923554, -34.8720452382 ], [ -58.0466570463, -34.8720127538 ], [ -58.0467422526, -34.8719552826 ], [ -58.0467982201, -34.8719055528 ], [ -58.0468731237, -34.8718273918 ], [ -58.0469182814, -34.8717432782 ], [ -58.0469640874, -34.8716318091 ], [ -58.0469823077, -34.871545895 ], [ -58.0469846315, -34.8714651989 ], [ -58.0469764207, -34.8713911748 ], [ -58.0469559324, -34.8713097699 ], [ -58.0469301902, -34.8712399124 ], [ -58.0468865677, -34.8711625833 ], [ -58.0468305903, -34.8710987386 ], [ -58.0467459695, -34.8710262236 ], [ -58.0466806184, -34.8709813861 ], [ -58.0465822029, -34.8709305438 ], [ -58.0464933571, -34.8708962751 ] ] ] ] } },
{ "type": "Feature", "properties": { "ZONA_COD": "AU-CLo3", "ZONA_DESC": "CENTRAL LOCALIDADES 3", "AREA_TIPO": "Urbana", "DENOM": "Central Loc. 3", "FOS_MAX": "0.4", "FOT_RES": "1.2", "FOT_COM": "1.8", "FOT_MIN": "NO", "DENS_RES": "300", "DENS_COM": "400", "ALTURA_M": 9.0, "NIVELES": 3.0, "CUF_AV": "100", "CUF_CAL": "200", "RET_FRENTE": "SI", "RET_FONDO": "SI", "RET_LATERA": "SI", "PARC_SUP_M": "375", "PARC_ANC_M": 15.0, "INC_PRM": "No aplica", "COLOR_HEX": "#A80000" }, "bbox": [ -58.0547878601, -34.8818958732, -58.0382727109, -34.8640075294 ], "geometry": { "type": "MultiPolygon", "coordinates": [ [ [ [ -58.0467259559, -34.8640075294 ], [ -58.0382727109, -34.8680998431 ], [ -58.0383150654, -34.8681581291 ], [ -58.0420324346, -34.8733152473 ], [ -58.0441039924, -34.8761918422 ], [ -58.0471128668, -34.8747003552 ], [ -58.0520538824, -34.8815866629 ], [ -58.0522751327, -34.8818958732 ], [ -58.0547878601, -34.8813192998 ], [ -58.0545926739, -34.8810478377 ], [ -58.0492707468, -34.8736453902 ], [ -58.0525035893, -34.8720704804 ], [ -58.0469766815, -34.8643574646 ], [ -58.0467404044, -34.8640276949 ], [ -58.0467259559, -34.8640075294 ] ], [ [ -58.0467982201, -34.8719055528 ], [ -58.0467422526, -34.8719552826 ], [ -58.0466570463, -34.8720127538 ], [ -58.0465923554, -34.8720452382 ], [ -58.0465052254, -34.8720787316 ], [ -58.0464342518, -34.8720960634 ], [ -58.0462703828, -34.87210985 ], [ -58.0461442789, -34.872106455 ], [ -58.0460251691, -34.8720881197 ], [ -58.0459015978, -34.8720478193 ], [ -58.0458113346, -34.8720032641 ], [ -58.045722112, -34.8719498318 ], [ -58.0456495835, -34.871892563 ], [ -58.0455785316, -34.8718079503 ], [ -58.0455315142, -34.8717250921 ], [ -58.0455045093, -34.8716384515 ], [ -58.0454866821, -34.8715499051 ], [ -58.0454826864, -34.8714732127 ], [ -58.0454841595, -34.871410976 ], [ -58.0455007645, -34.8713407723 ], [ -58.0455264816, -34.8712713995 ], [ -58.0455604157, -34.871205579 ], [ -58.0456025507, -34.8711439961 ], [ -58.0456460869, -34.8710933823 ], [ -58.0456957816, -34.8710456049 ], [ -58.045753108, -34.8709998312 ], [ -58.0458241473, -34.8709534226 ], [ -58.0459058651, -34.8709118037 ], [ -58.0459936452, -34.8708858475 ], [ -58.0460818615, -34.8708677666 ], [ -58.0461937857, -34.8708563956 ], [ -58.0463076201, -34.8708607906 ], [ -58.0463934487, -34.8708734593 ], [ -58.0464933571, -34.8708962751 ], [ -58.0465822029, -34.8709305438 ], [ -58.0466806184, -34.8709813861 ], [ -58.0467459695, -34.8710262236 ], [ -58.0468305903, -34.8710987386 ], [ -58.0468865677, -34.8711625833 ], [ -58.0469301902, -34.8712399124 ], [ -58.0469559324, -34.8713097699 ], [ -58.0469764207, -34.8713911748 ], [ -58.0469846315, -34.8714651989 ], [ -58.0469823077, -34.871545895 ], [ -58.0469640874, -34.8716318091 ], [ -58.0469182814, -34.8717432782 ], [ -58.0468731237, -34.8718273918 ], [ -58.0467982201, -34.8719055528 ] ], [ [ -58.0470668188, -34.867727379 ], [ -58.0469528459, -34.8676324987 ], [ -58.046875935, -34.867514952 ], [ -58.0468304922, -34.8674006481 ], [ -58.0468113762, -34.8672963448 ], [ -58.0468107422, -34.8671827604 ], [ -58.0468316838, -34.8670695222 ], [ -58.046865448, -34.8669756483 ], [ -58.0469408966, -34.8668742327 ], [ -58.047040948, -34.866785528 ], [ -58.0471507624, -34.8667051907 ], [ -58.0472965056, -34.8666500614 ], [ -58.0474266645, -34.8666220475 ], [ -58.047581427, -34.8666067446 ], [ -58.0477338945, -34.8666182595 ], [ -58.047892284, -34.8666645908 ], [ -58.0480316816, -34.8667330238 ], [ -58.0481635222, -34.8668446099 ], [ -58.0482586246, -34.8669651847 ], [ -58.0482955922, -34.8670342823 ], [ -58.0483175257, -34.8671242235 ], [ -58.0483221851, -34.8672261949 ], [ -58.0482988432, -34.8673708671 ], [ -58.0482442589, -34.8675027212 ], [ -58.0481585948, -34.8676149206 ], [ -58.0480534362, -34.8677090176 ], [ -58.04793542, -34.8677851191 ], [ -58.0478262513, -34.8678380999 ], [ -58.0476843113, -34.8678727661 ], [ -58.0475198154, -34.8678783347 ], [ -58.0473642974, -34.8678553112 ], [ -58.0472158697, -34.8678132436 ], [ -58.0470668188, -34.867727379 ] ] ] ] } },
{ "type": "Feature", "properties": { "ZONA_COD": "AR-SR", "ZONA_DESC": "SERVICIOS RURALES", "AREA_TIPO": "Rural", "DENOM": "Servicios Rurales", "FOS_MAX": "0.4", "FOT_RES": "0.8", "FOT_COM": null, "FOT_MIN": null, "DENS_RES": "80", "DENS_COM": null, "ALTURA_M": 6.0, "NIVELES": 2.0, "CUF_AV": null, "CUF_CAL": null, "RET_FRENTE": "SI", "RET_FONDO": "SI", "RET_LATERA": "SI", "PARC_SUP_M": "600", "PARC_ANC_M": 20.0, "INC_PRM": "No aplica", "COLOR_HEX": "#497441" }, "bbox": [ -57.8959185728, -35.0003426634, -57.8900778547, -34.9955541539 ], "geometry": { "type": "MultiPolygon", "coordinates": [ [ [ [ -57.8930699513, -34.9955541539 ], [ -57.89288177, -34.9956923707 ], [ -57.8922666004, -34.9961550737 ], [ -57.8900778547, -34.9977237405 ], [ -57.8928943929, -35.0003426634 ], [ -57.894717423, -34.9990022077 ], [ -57.8951223859, -34.9987490189 ], [ -57.8959185728, -34.9981679327 ], [ -57.8939043522, -34.9963092238 ], [ -57.8935992842, -34.9960259158 ], [ -57.8930699513, -34.9955541539 ] ] ] ] } },
{ "type": "Feature", "properties": { "ZONA_COD": "AR-P", "ZONA_DESC": "PERIURBANO", "AREA_TIPO": "Rural", "DENOM": "Periurbano", "FOS_MAX": null, "FOT_RES": null, "FOT_COM": null, "FOT_MIN": null, "DENS_RES": null, "DENS_COM": null, "ALTURA_M": 0.0, "NIVELES": 0.0, "CUF_AV": null, "CUF_CAL": null, "RET_FRENTE": "SI", "RET_FONDO": "SI", "RET_LATERA": "SI", "PARC_SUP_M": "4 Ha", "PARC_ANC_M": 0.0, "INC_PRM": "No aplica", "COLOR_HEX": "#83AE7E" }, "bbox": [ -57.9558858974, -35.0024603213, -57.9295191861, -34.9733709412 ], "geometry": { "type": "MultiPolygon", "coordinates": [ [ [ [ -57.929740592, -34.9814966487 ], [ -57.9295191861, -34.983181426 ], [ -57.9298049528, -34.984042793 ], [ -57.9299383834, -34.9845146997 ], [ -57.9312735215, -34.9886755345 ], [ -57.9322627146, -34.9921154423 ], [ -57.9323210446, -34.9922272802 ], [ -57.932976832, -34.9941986471 ], [ -57.9335543955, -34.99623358 ], [ -57.933875762, -34.9973212426 ], [ -57.9345164282, -34.9994739246 ], [ -57.9347469685, -35.0003857508 ], [ -57.9354216354, -35.0024603213 ], [ -57.9355964474, -35.0023324017 ], [ -57.9467067457, -34.9942009611 ], [ -57.9555865095, -34.9876119486 ], [ -57.9558858974, -34.9873922524 ], [ -57.9482759584, -34.9803581897 ], [ -57.947418033, -34.9795817969 ], [ -57.9447538949, -34.9772420235 ], [ -57.9446798015, -34.9770217804 ], [ -57.9437347238, -34.9761582082 ], [ -57.9426523411, -34.9751645131 ], [ -57.9413484168, -34.9739728467 ], [ -57.9407185163, -34.9733972077 ], [ -57.9406854222, -34.9733709412 ], [ -57.9365716453, -34.9764215063 ], [ -57.9364625206, -34.9765334126 ], [ -57.929740592, -34.9814966487 ] ] ] ] } },
{ "type": "Feature", "properties": { "ZONA_COD": "AR-RE", "ZONA_DESC": "RURAL EXTENSIVO", "AREA_TIPO": "Rural", "DENOM": "Rural Extensivo", "FOS_MAX": null, "FOT_RES": null, "FOT_COM": null, "FOT_MIN": null, "DENS_RES": null, "DENS_COM": null, "ALTURA_M": 0.0, "NIVELES": 0.0, "CUF_AV": null, "CUF_CAL": null, "RET_FRENTE": "SI", "RET_FONDO": "SI", "RET_LATERA": "SI", "PARC_SUP_M": "30 Ha", "PARC_ANC_M": 0.0, "INC_PRM": "No aplica", "COLOR_HEX": "#EAF0B7" }, "bbox": [ -58.1637799688, -35.0016564821, -58.1131885621, -34.9471584879 ], "geometry": { "type": "MultiPolygon", "coordinates": [ [ [ [ -58.1625711675, -34.9612180382 ], [ -58.1630948751, -34.959413356 ], [ -58.1633677447, -34.9580174589 ], [ -58.1637799688, -34.9566839001 ], [ -58.1536159893, -34.9478026902 ], [ -58.1529213502, -34.9471584879 ], [ -58.142045078, -34.9550907979 ], [ -58.1465226676, -34.9589715947 ], [ -58.1401093862, -34.9640208356 ], [ -58.140160465, -34.9641527607 ], [ -58.1397690693, -34.9644743367 ], [ -58.1430633642, -34.9672939973 ], [ -58.1430005492, -34.9673426282 ], [ -58.1293877255, -34.977919731 ], [ -58.1293250229, -34.9779738324 ], [ -58.1277766242, -34.9766348741 ], [ -58.1131885621, -34.988059945 ], [ -58.1196777489, -34.9936663177 ], [ -58.1166432907, -34.9960874033 ], [ -58.1224567332, -35.0010602621 ], [ -58.12242439, -35.0010864333 ], [ -58.1230835903, -35.0016564821 ], [ -58.1231446453, -35.001611194 ], [ -58.1238416963, -35.0010677247 ], [ -58.1245609426, -35.0005159421 ], [ -58.1246460653, -35.0004477734 ], [ -58.1253537814, -34.999911219 ], [ -58.1269550917, -34.9986630661 ], [ -58.1273520561, -34.9982904105 ], [ -58.1274288582, -34.9982314842 ], [ -58.1276105581, -34.9980918959 ], [ -58.1277852298, -34.9979578754 ], [ -58.1279622083, -34.9978216892 ], [ -58.1281392587, -34.9976860319 ], [ -58.1283117658, -34.9975533765 ], [ -58.1284935331, -34.9974135679 ], [ -58.1286325117, -34.997307197 ], [ -58.1288520326, -34.9971224978 ], [ -58.1289557514, -34.9970405543 ], [ -58.1291447817, -34.9968914323 ], [ -58.1293112858, -34.9967599883 ], [ -58.129475779, -34.9966302251 ], [ -58.1296671493, -34.996479246 ], [ -58.1298520517, -34.9963333049 ], [ -58.1300288126, -34.9961938165 ], [ -58.1301997746, -34.9960588345 ], [ -58.1303339319, -34.9959530248 ], [ -58.1305248157, -34.9958233066 ], [ -58.130641982, -34.9957339599 ], [ -58.1308177824, -34.9955966568 ], [ -58.1310046211, -34.9954520943 ], [ -58.1311761856, -34.9953193733 ], [ -58.1313706559, -34.9951689329 ], [ -58.1315396035, -34.9950382012 ], [ -58.1317264376, -34.9948937287 ], [ -58.1317975605, -34.9948386776 ], [ -58.1324839393, -34.9942826447 ], [ -58.132561978, -34.9942220223 ], [ -58.1327320982, -34.9940899974 ], [ -58.1329012139, -34.9939587683 ], [ -58.1330751275, -34.9938236478 ], [ -58.133438441, -34.9935416564 ], [ -58.1336179259, -34.9934022048 ], [ -58.133752147, -34.9932980148 ], [ -58.133990221, -34.9931489189 ], [ -58.1341050932, -34.9930528128 ], [ -58.1342831589, -34.9929130672 ], [ -58.1344491927, -34.9927823291 ], [ -58.1346205981, -34.9926416698 ], [ -58.134797224, -34.992502533 ], [ -58.1349751891, -34.9923623341 ], [ -58.1351393072, -34.9922386854 ], [ -58.1353176698, -34.9920953379 ], [ -58.1354433078, -34.9919879499 ], [ -58.1356513003, -34.9918177505 ], [ -58.1357791524, -34.9917140919 ], [ -58.135950404, -34.9915800066 ], [ -58.1361258608, -34.9914391368 ], [ -58.1362970018, -34.9913050506 ], [ -58.1364705278, -34.991162348 ], [ -58.1366460943, -34.9910213891 ], [ -58.1368129635, -34.9908872355 ], [ -58.1368714968, -34.990841361 ], [ -58.1376294086, -34.9902668399 ], [ -58.1378423932, -34.9900933787 ], [ -58.1380104046, -34.9899618547 ], [ -58.1381790499, -34.9898264644 ], [ -58.1383496288, -34.9896927262 ], [ -58.1385222456, -34.9895608218 ], [ -58.1386944199, -34.9894194474 ], [ -58.1388164246, -34.9893270502 ], [ -58.1390999377, -34.9891434932 ], [ -58.1392294545, -34.9890385036 ], [ -58.139402815, -34.9889026439 ], [ -58.1395807117, -34.9887599143 ], [ -58.1397539598, -34.9886241419 ], [ -58.1399297062, -34.9884795759 ], [ -58.1401074941, -34.9883367536 ], [ -58.1402765828, -34.9882008265 ], [ -58.1403357807, -34.9881544197 ], [ -58.14070793, -34.9878775931 ], [ -58.1325893362, -34.9808758736 ], [ -58.1463787895, -34.9700660469 ], [ -58.1604183156, -34.960069389 ], [ -58.1625138133, -34.9611865601 ], [ -58.1625711675, -34.9612180382 ] ] ] ] } },
{ "type": "Feature", "properties": { "ZONA_COD": "AR-RI", "ZONA_DESC": "RURAL INTENSIVO", "AREA_TIPO": "Rural", "DENOM": "Rural Intensivo", "FOS_MAX": null, "FOT_RES": null, "FOT_COM": null, "FOT_MIN": null, "DENS_RES": null, "DENS_COM": null, "ALTURA_M": 0.0, "NIVELES": 0.0, "CUF_AV": null, "CUF_CAL": null, "RET_FRENTE": "SI", "RET_FONDO": "SI", "RET_LATERA": "SI", "PARC_SUP_M": "10 Ha", "PARC_ANC_M": 0.0, "INC_PRM": "No aplica", "COLOR_HEX": "#BDD1B2" }, "bbox": [ -58.2080742901, -34.9643922367, -58.168264279, -34.9102268271 ], "geometry": { "type": "MultiPolygon", "coordinates": [ [ [ [ -58.1715696895, -34.9102268271 ], [ -58.1714556869, -34.9131261056 ], [ -58.1711744006, -34.9179268324 ], [ -58.1714489717, -34.9181889101 ], [ -58.1714854356, -34.9220436229 ], [ -58.1715245957, -34.9222481683 ], [ -58.1716257137, -34.9247481478 ], [ -58.1716012674, -34.9255216115 ], [ -58.171603549, -34.9264034535 ], [ -58.1708956413, -34.9316499544 ], [ -58.1739499189, -34.9318963138 ], [ -58.1737103646, -34.9337384653 ], [ -58.171355792, -34.935527144 ], [ -58.185316282, -34.9477147204 ], [ -58.1852413415, -34.9477725018 ], [ -58.1838212023, -34.9488674489 ], [ -58.1826744633, -34.9497634227 ], [ -58.1816353506, -34.9505529394 ], [ -58.1801965109, -34.9516625229 ], [ -58.1801099043, -34.9517294406 ], [ -58.1799107935, -34.9515566367 ], [ -58.1740858199, -34.9560817033 ], [ -58.168264279, -34.9605990303 ], [ -58.1726071825, -34.9643922367 ], [ -58.172608428, -34.9643914273 ], [ -58.1836685028, -34.9568998786 ], [ -58.1857577844, -34.9586677515 ], [ -58.1979286424, -34.9495985617 ], [ -58.2031907753, -34.9456322313 ], [ -58.2034964936, -34.9454147951 ], [ -58.2034421934, -34.9453652217 ], [ -58.2080742901, -34.9419085273 ], [ -58.2066030334, -34.940594794 ], [ -58.1988824984, -34.933910153 ], [ -58.195390788, -34.9308992876 ], [ -58.1922746371, -34.9281492354 ], [ -58.1910326931, -34.9270794379 ], [ -58.1897325405, -34.9259858056 ], [ -58.1885280965, -34.9249104278 ], [ -58.1872428709, -34.9238327504 ], [ -58.1859878067, -34.9227633512 ], [ -58.1852374654, -34.9221092006 ], [ -58.1844559995, -34.9214280837 ], [ -58.1836746569, -34.9207468743 ], [ -58.1835580283, -34.9206470756 ], [ -58.1820042768, -34.9193181195 ], [ -58.1804644603, -34.9179697957 ], [ -58.179457689, -34.9170798859 ], [ -58.1784985081, -34.9162214039 ], [ -58.1774275334, -34.9152684148 ], [ -58.1766072212, -34.9145432375 ], [ -58.1765410914, -34.9144717576 ], [ -58.1764229583, -34.9143714787 ], [ -58.1762797925, -34.9142504569 ], [ -58.1761367373, -34.9141293461 ], [ -58.1759953225, -34.9140083495 ], [ -58.1758533627, -34.9138872549 ], [ -58.1757279514, -34.9137847034 ], [ -58.1755726295, -34.9136494382 ], [ -58.1754503927, -34.9135468444 ], [ -58.1753095823, -34.9134282895 ], [ -58.1751658607, -34.9133077983 ], [ -58.1750253965, -34.9131884376 ], [ -58.1748754696, -34.9130616341 ], [ -58.1747461255, -34.9129539762 ], [ -58.1745962598, -34.9127948187 ], [ -58.1743789224, -34.9126045465 ], [ -58.1741372207, -34.9124029122 ], [ -58.1738933281, -34.9121965582 ], [ -58.1736510193, -34.911987884 ], [ -58.1734069172, -34.9117811659 ], [ -58.1731631488, -34.9115742714 ], [ -58.1729210396, -34.9113660604 ], [ -58.1726781795, -34.9111583575 ], [ -58.172664124, -34.9111458893 ], [ -58.1723567914, -34.9108848637 ], [ -58.1716819357, -34.9103096349 ], [ -58.1715696895, -34.9102268271 ] ] ] ] } },
{ "type": "Feature", "properties": { "ZONA_COD": "AR-RI", "ZONA_DESC": "RURAL INTENSIVO", "AREA_TIPO": "Rural", "DENOM": "Rural Intensivo", "FOS_MAX": null, "FOT_RES": null, "FOT_COM": null, "FOT_MIN": null, "DENS_RES": null, "DENS_COM": null, "ALTURA_M": 0.0, "NIVELES": 0.0, "CUF_AV": null, "CUF_CAL": null, "RET_FRENTE": "SI", "RET_FONDO": "SI", "RET_LATERA": "SI", "PARC_SUP_M": "10 Ha", "PARC_ANC_M": 0.0, "INC_PRM": "No aplica", "COLOR_HEX": "#BDD1B2" }, "bbox": [ -58.1710653344, -35.0031435425, -58.0616883824, -34.8892681196 ], "geometry": { "type": "MultiPolygon", "coordinates": [ [ [ [ -58.1639090278, -34.9567966544 ], [ -58.164916505, -34.9533693813 ], [ -58.1672294111, -34.9459404704 ], [ -58.1684750873, -34.9419326534 ], [ -58.1683248186, -34.9412375404 ], [ -58.1689602886, -34.9391955748 ], [ -58.1692030309, -34.9371236906 ], [ -58.1694249557, -34.9369710703 ], [ -58.1698784991, -34.9340985367 ], [ -58.1708306086, -34.9263205818 ], [ -58.1707563166, -34.9251969581 ], [ -58.1706611089, -34.9251385363 ], [ -58.1705618588, -34.9190288688 ], [ -58.1706438069, -34.9189461213 ], [ -58.1707126841, -34.9174834756 ], [ -58.1706810739, -34.9172670465 ], [ -58.1708934254, -34.9136050359 ], [ -58.1710653344, -34.9098547452 ], [ -58.1709928059, -34.9098012382 ], [ -58.1705518611, -34.9094089603 ], [ -58.1700287425, -34.9089483905 ], [ -58.1694350047, -34.9084264617 ], [ -58.1693373222, -34.9083430514 ], [ -58.1684378454, -34.9075480489 ], [ -58.16763064, -34.9068166006 ], [ -58.1668814841, -34.9061516329 ], [ -58.1667144134, -34.9060245614 ], [ -58.1663030051, -34.9056636257 ], [ -58.1659333316, -34.9053397294 ], [ -58.1655239458, -34.9049816158 ], [ -58.1651018499, -34.9046139307 ], [ -58.1645265167, -34.904109206 ], [ -58.1637332112, -34.9034148925 ], [ -58.1625694058, -34.9023962952 ], [ -58.1622152383, -34.9020651414 ], [ -58.1609167531, -34.9009264297 ], [ -58.1592175731, -34.899436281 ], [ -58.1575878523, -34.898007725 ], [ -58.1574983769, -34.8979292223 ], [ -58.1564875516, -34.8970078785 ], [ -58.155624983, -34.8962520802 ], [ -58.1547625377, -34.8954963682 ], [ -58.153976853, -34.8948207642 ], [ -58.1510901273, -34.8922772989 ], [ -58.14944092, -34.8908570823 ], [ -58.1484747378, -34.889986642 ], [ -58.1476548997, -34.8892681196 ], [ -58.1476246959, -34.8892910883 ], [ -58.1469176921, -34.8898287147 ], [ -58.1465136744, -34.8901345607 ], [ -58.146109653, -34.8904404057 ], [ -58.1453017111, -34.8910520922 ], [ -58.1451257614, -34.8911853016 ], [ -58.1449789831, -34.8912964236 ], [ -58.1444937575, -34.8916637742 ], [ -58.1436857913, -34.892275449 ], [ -58.142756538, -34.8930025158 ], [ -58.1423435486, -34.8933192057 ], [ -58.1419305557, -34.8936358939 ], [ -58.1414569736, -34.8940103239 ], [ -58.1409833879, -34.8943847522 ], [ -58.1407694715, -34.8945539308 ], [ -58.1407041457, -34.8946055942 ], [ -58.140666804, -34.8945738706 ], [ -58.1338197122, -34.8999525629 ], [ -58.1319684209, -34.9013266487 ], [ -58.126865307, -34.9051859993 ], [ -58.125263234, -34.9044814866 ], [ -58.1113780389, -34.9146136913 ], [ -58.1085258507, -34.9166857131 ], [ -58.1028512824, -34.9208075785 ], [ -58.1028072965, -34.9208945753 ], [ -58.1027848117, -34.9209390477 ], [ -58.0895575893, -34.9313583915 ], [ -58.0616883824, -34.9532953365 ], [ -58.0626096173, -34.9541218647 ], [ -58.0656914942, -34.9568128746 ], [ -58.0690490141, -34.9596187594 ], [ -58.0731385237, -34.9631895329 ], [ -58.0751826522, -34.9650089216 ], [ -58.0753070455, -34.9652314166 ], [ -58.0815206549, -34.9706440574 ], [ -58.0846616387, -34.9733591178 ], [ -58.0877922516, -34.9761255799 ], [ -58.087858386, -34.9761840188 ], [ -58.0879522734, -34.9761919796 ], [ -58.0884785279, -34.9766543174 ], [ -58.0884886183, -34.9766461057 ], [ -58.0903704559, -34.9751838809 ], [ -58.0960692124, -34.9801509004 ], [ -58.1024803057, -34.9856807346 ], [ -58.1004997126, -34.9872270694 ], [ -58.1006476682, -34.9873614749 ], [ -58.0987400055, -34.9888672754 ], [ -58.0985298745, -34.9890391017 ], [ -58.0967435879, -34.9873803705 ], [ -58.0933416568, -34.98990956 ], [ -58.093286067, -34.9899508874 ], [ -58.1002735736, -34.9962466049 ], [ -58.1019312795, -34.9950129464 ], [ -58.106602771, -34.9992631361 ], [ -58.1066423915, -34.9992996135 ], [ -58.1078743332, -34.9983934728 ], [ -58.107828225, -34.9983492234 ], [ -58.1079777706, -34.9982376419 ], [ -58.1080895608, -34.9981533187 ], [ -58.1082103829, -34.9980620159 ], [ -58.1083816228, -34.9979343464 ], [ -58.1141225836, -35.0031435425 ], [ -58.1166910024, -35.0012138816 ], [ -58.1135190477, -34.9984574164 ], [ -58.1070432904, -34.9928781078 ], [ -58.1131885621, -34.988059945 ], [ -58.1277766242, -34.9766348741 ], [ -58.1293250229, -34.9779738324 ], [ -58.1293877255, -34.977919731 ], [ -58.1430005492, -34.9673426282 ], [ -58.1430633642, -34.9672939973 ], [ -58.1397690693, -34.9644743367 ], [ -58.140160465, -34.9641527607 ], [ -58.1401093862, -34.9640208356 ], [ -58.1465226676, -34.9589715947 ], [ -58.142045078, -34.9550907979 ], [ -58.1529213502, -34.9471584879 ], [ -58.1536159893, -34.9478026902 ], [ -58.1637799688, -34.9566839001 ], [ -58.1639090278, -34.9567966544 ] ], [ [ -58.0949931925, -34.94225149 ], [ -58.0944775572, -34.9418070532 ], [ -58.0942525387, -34.9416131845 ], [ -58.0941596037, -34.9414442612 ], [ -58.0934883506, -34.9408738393 ], [ -58.0935590949, -34.9408191407 ], [ -58.09440256, -34.9401529499 ], [ -58.0952461214, -34.9394867537 ], [ -58.0953586014, -34.9393979457 ], [ -58.0958001829, -34.939053124 ], [ -58.0962489689, -34.9386947154 ], [ -58.097139429, -34.9379914797 ], [ -58.0972021711, -34.9379422913 ], [ -58.0978641081, -34.9385237453 ], [ -58.0980328353, -34.9386699903 ], [ -58.098746245, -34.9392802397 ], [ -58.0949931925, -34.94225149 ] ], [ [ -58.1077743619, -34.948626641 ], [ -58.1079758937, -34.9488272834 ], [ -58.1077362369, -34.9490104483 ], [ -58.1055964009, -34.9489464696 ], [ -58.1055939097, -34.9489885021 ], [ -58.1052642686, -34.9489774117 ], [ -58.104933096, -34.9489662952 ], [ -58.1048158757, -34.948961312 ], [ -58.1044877067, -34.9489528548 ], [ -58.1041588795, -34.9489444767 ], [ -58.1041604506, -34.9489142622 ], [ -58.1024973623, -34.9488445431 ], [ -58.1025105157, -34.950368796 ], [ -58.1036501591, -34.9522174424 ], [ -58.1054380455, -34.9523043259 ], [ -58.1054571381, -34.9520342712 ], [ -58.107531178, -34.9520666135 ], [ -58.1078936282, -34.9530343991 ], [ -58.107036487, -34.9532450087 ], [ -58.1076934256, -34.9550562747 ], [ -58.1078924096, -34.9550129913 ], [ -58.108110399, -34.9556134173 ], [ -58.1072622151, -34.9562383095 ], [ -58.1074387502, -34.9564014177 ], [ -58.106547237, -34.9570899054 ], [ -58.1067176243, -34.9572491079 ], [ -58.1066706186, -34.95728264 ], [ -58.1043803843, -34.9579716816 ], [ -58.102021575, -34.9578566413 ], [ -58.1012071166, -34.957784271 ], [ -58.100518834, -34.9571970182 ], [ -58.1002714224, -34.9573853102 ], [ -58.0991989269, -34.9564978313 ], [ -58.099471301, -34.956274151 ], [ -58.0980097048, -34.9550552216 ], [ -58.09780075, -34.9552162803 ], [ -58.097196884, -34.9547045463 ], [ -58.0965925657, -34.9551522872 ], [ -58.0952839352, -34.9556380138 ], [ -58.0946497387, -34.9561329107 ], [ -58.0945803488, -34.9560732794 ], [ -58.0939532758, -34.9555221658 ], [ -58.0925880501, -34.9543127476 ], [ -58.092407182, -34.9541525181 ], [ -58.0968606977, -34.9512894095 ], [ -58.0993678241, -34.9496395231 ], [ -58.1008576635, -34.9486982585 ], [ -58.1048688053, -34.94612923 ], [ -58.1050288891, -34.9462668325 ], [ -58.106321562, -34.9473779431 ], [ -58.1077743619, -34.948626641 ] ] ] ] } },
{ "type": "Feature", "properties": { "ZONA_COD": "AR-UE", "ZONA_DESC": "USOS ESPECÍFICOS AR", "AREA_TIPO": "Rural", "DENOM": "Usos Específicos", "FOS_MAX": null, "FOT_RES": null, "FOT_COM": null, "FOT_MIN": null, "DENS_RES": null, "DENS_COM": null, "ALTURA_M": 0.0, "NIVELES": 0.0, "CUF_AV": null, "CUF_CAL": null, "RET_FRENTE": null, "RET_FONDO": null, "RET_LATERA": null, "PARC_SUP_M": null, "PARC_ANC_M": 0.0, "INC_PRM": null, "COLOR_HEX": "#D4D4D4" }, "bbox": [ -58.230179671, -34.9778386203, -58.221929831, -34.9738067994 ], "geometry": { "type": "MultiPolygon", "coordinates": [ [ [ [ -58.2295362492, -34.9738067994 ], [ -58.221929831, -34.9767075195 ], [ -58.2225460078, -34.9778386203 ], [ -58.230179671, -34.974866548 ], [ -58.2295362492, -34.9738067994 ] ] ] ] } },
{ "type": "Feature", "properties": { "ZONA_COD": "AC-RU", "ZONA_DESC": "RESERVA URBANA", "AREA_TIPO": "Complem.", "DENOM": "Reserva Urbana", "FOS_MAX": "0.2", "FOT_RES": "0.3", "FOT_COM": null, "FOT_MIN": null, "DENS_RES": "1 vivienda por parcela", "DENS_COM": null, "ALTURA_M": 6.0, "NIVELES": 2.0, "CUF_AV": null, "CUF_CAL": null, "RET_FRENTE": "SI", "RET_FONDO": "SI", "RET_LATERA": "SI", "PARC_SUP_M": "4 Ha", "PARC_ANC_M": 0.0, "INC_PRM": "No aplica", "COLOR_HEX": "#DFDDA1" }, "bbox": [ -58.0551469639, -34.9948235402, -58.0443519265, -34.985627599 ], "geometry": { "type": "MultiPolygon", "coordinates": [ [ [ [ -58.0550816524, -34.9903056826 ], [ -58.0551469639, -34.990256772 ], [ -58.0500581015, -34.985627599 ], [ -58.0467524742, -34.9881031916 ], [ -58.0444121811, -34.9898216477 ], [ -58.0444121811, -34.9898216477 ], [ -58.0444121811, -34.9898216477 ], [ -58.0443519265, -34.9898654266 ], [ -58.045341045, -34.9907657038 ], [ -58.0463412655, -34.9916732231 ], [ -58.047299816, -34.9925414691 ], [ -58.0474290774, -34.992658551 ], [ -58.0475494633, -34.9925674397 ], [ -58.0479240535, -34.9929152921 ], [ -58.0478772671, -34.9929486048 ], [ -58.047829077, -34.9929833825 ], [ -58.0484089922, -34.9935051386 ], [ -58.0479044257, -34.9938727616 ], [ -58.0489773718, -34.9948235402 ], [ -58.0494357032, -34.9944828419 ], [ -58.0550816524, -34.9903056826 ] ] ] ] } },
{ "type": "Feature", "properties": { "ZONA_COD": "AC-RU", "ZONA_DESC": "RESERVA URBANA", "AREA_TIPO": "Complem.", "DENOM": "Reserva Urbana", "FOS_MAX": "0.2", "FOT_RES": "0.3", "FOT_COM": null, "FOT_MIN": null, "DENS_RES": "1 vivienda por parcela", "DENS_COM": null, "ALTURA_M": 6.0, "NIVELES": 2.0, "CUF_AV": null, "CUF_CAL": null, "RET_FRENTE": "SI", "RET_FONDO": "SI", "RET_LATERA": "SI", "PARC_SUP_M": "4 Ha", "PARC_ANC_M": 0.0, "INC_PRM": "No aplica", "COLOR_HEX": "#DFDDA1" }, "bbox": [ -58.061227916, -34.9992633888, -58.0536182855, -34.9931057613 ], "geometry": { "type": "MultiPolygon", "coordinates": [ [ [ [ -58.0566761459, -34.9992633888 ], [ -58.061227916, -34.9958755509 ], [ -58.0581589472, -34.9931057613 ], [ -58.0570459678, -34.9939286887 ], [ -58.0571097315, -34.9939839079 ], [ -58.0586344385, -34.9953822053 ], [ -58.0575028998, -34.9962168508 ], [ -58.055985847, -34.9948150263 ], [ -58.0559298597, -34.9947539021 ], [ -58.0536182855, -34.9964629152 ], [ -58.0565807161, -34.9991698125 ], [ -58.0566761459, -34.9992633888 ] ] ] ] } },
{ "type": "Feature", "properties": { "ZONA_COD": "UE", "ZONA_DESC": "USO ESPECÍFICO", "AREA_TIPO": "General", "DENOM": "Usos Específicos", "FOS_MAX": null, "FOT_RES": null, "FOT_COM": null, "FOT_MIN": null, "DENS_RES": null, "DENS_COM": null, "ALTURA_M": 0.0, "NIVELES": 0.0, "CUF_AV": null, "CUF_CAL": null, "RET_FRENTE": null, "RET_FONDO": null, "RET_LATERA": null, "PARC_SUP_M": null, "PARC_ANC_M": 0.0, "INC_PRM": null, "COLOR_HEX": "#D4D4D4" }, "bbox": [ -58.0668713516, -35.0414199029, -58.058414887, -35.0375729108 ], "geometry": { "type": "MultiPolygon", "coordinates": [ [ [ [ -58.0658934972, -35.0375729108 ], [ -58.058414887, -35.040370493 ], [ -58.0590666626, -35.0414199029 ], [ -58.0601351588, -35.0409650546 ], [ -58.0668713516, -35.0384170423 ], [ -58.0658934972, -35.0375729108 ] ] ] ] } },
{ "type": "Feature", "properties": { "ZONA_COD": "AR-RI", "ZONA_DESC": "RURAL INTENSIVO", "AREA_TIPO": "Rural", "DENOM": "Rural Intensivo", "FOS_MAX": null, "FOT_RES": null, "FOT_COM": null, "FOT_MIN": null, "DENS_RES": null, "DENS_COM": null, "ALTURA_M": 0.0, "NIVELES": 0.0, "CUF_AV": null, "CUF_CAL": null, "RET_FRENTE": "SI", "RET_FONDO": "SI", "RET_LATERA": "SI", "PARC_SUP_M": "10 Ha", "PARC_ANC_M": 0.0, "INC_PRM": "No aplica", "COLOR_HEX": "#BDD1B2" }, "bbox": [ -58.1029273524, -35.0290798078, -58.0500581015, -34.9763746211 ], "geometry": { "type": "MultiPolygon", "coordinates": [ [ [ [ -58.0687585556, -34.980139622 ], [ -58.0618957733, -34.9852230264 ], [ -58.0598815221, -34.9834140572 ], [ -58.0598032766, -34.9832260494 ], [ -58.0568291538, -34.9805542095 ], [ -58.0566804186, -34.9806673883 ], [ -58.0500581015, -34.985627599 ], [ -58.0551469639, -34.990256772 ], [ -58.0550816524, -34.9903056826 ], [ -58.0581882921, -34.9930840634 ], [ -58.0581589472, -34.9931057613 ], [ -58.061227916, -34.9958755509 ], [ -58.0566761459, -34.9992633888 ], [ -58.0555712316, -35.0000761934 ], [ -58.0556670589, -35.0001613789 ], [ -58.0586249426, -35.0027906738 ], [ -58.0587194344, -35.0028746641 ], [ -58.0597687741, -35.0038116642 ], [ -58.0597674143, -35.003828289 ], [ -58.0610905599, -35.0050153977 ], [ -58.0609889239, -35.0050923626 ], [ -58.0625231187, -35.006474501 ], [ -58.0635706904, -35.0074186462 ], [ -58.0636384948, -35.0074796777 ], [ -58.0692414411, -35.0032501913 ], [ -58.0706082587, -35.0044746885 ], [ -58.0772472995, -35.0104351621 ], [ -58.0749030835, -35.0121753205 ], [ -58.0715594266, -35.0146571715 ], [ -58.0716431283, -35.014733434 ], [ -58.0724754014, -35.0154917181 ], [ -58.0732995797, -35.0162359071 ], [ -58.074117586, -35.0169878572 ], [ -58.0740749113, -35.0170197382 ], [ -58.0742126677, -35.0171487072 ], [ -58.0750646017, -35.0179462827 ], [ -58.0752764595, -35.0181421685 ], [ -58.0766633248, -35.0194429407 ], [ -58.0767738047, -35.0195463655 ], [ -58.0767279177, -35.0195811072 ], [ -58.0771412533, -35.0199506071 ], [ -58.0773246457, -35.020114549 ], [ -58.0775010576, -35.0202722569 ], [ -58.0776154424, -35.0203745538 ], [ -58.0778056922, -35.0205445617 ], [ -58.077987036, -35.020706678 ], [ -58.0781194647, -35.0206091024 ], [ -58.0792381881, -35.0216016545 ], [ -58.0793651616, -35.0217165618 ], [ -58.0795467113, -35.0218798391 ], [ -58.0794285449, -35.0219687551 ], [ -58.0800515071, -35.022519249 ], [ -58.0801394104, -35.0225970628 ], [ -58.0806948362, -35.0230939445 ], [ -58.0816547186, -35.0239527458 ], [ -58.0872286447, -35.0290280779 ], [ -58.0872856599, -35.0290798078 ], [ -58.0922435225, -35.0254124714 ], [ -58.0999225394, -35.0197286068 ], [ -58.0996976954, -35.0195258187 ], [ -58.0905313689, -35.0112574985 ], [ -58.1029273524, -35.0020044513 ], [ -58.1018397636, -35.0010184383 ], [ -58.1007522009, -35.0000324162 ], [ -58.1008057582, -34.9999898764 ], [ -58.0997946999, -34.9990696308 ], [ -58.098783664, -34.9981493779 ], [ -58.0986761609, -34.9980515263 ], [ -58.0976224063, -34.997092357 ], [ -58.0965686761, -34.9961331788 ], [ -58.0955149854, -34.9951740051 ], [ -58.094461319, -34.9942148233 ], [ -58.0936535857, -34.9934795007 ], [ -58.0935471483, -34.9933826032 ], [ -58.0932015325, -34.9930679646 ], [ -58.0928458677, -34.9927441736 ], [ -58.0928117088, -34.9927130759 ], [ -58.0920381273, -34.9932960759 ], [ -58.0912646177, -34.9938790074 ], [ -58.0906591626, -34.9943352901 ], [ -58.0900537012, -34.9947915693 ], [ -58.0894394966, -34.9952525564 ], [ -58.0888252858, -34.9957135407 ], [ -58.0882181049, -34.9961694494 ], [ -58.0876106614, -34.996625545 ], [ -58.0839485087, -34.9993818997 ], [ -58.0838895087, -34.9993222674 ], [ -58.0812839056, -34.9969389453 ], [ -58.0844936687, -34.9945372833 ], [ -58.0823642315, -34.9926091656 ], [ -58.0802348932, -34.9906810137 ], [ -58.0801521646, -34.9906174191 ], [ -58.0802153159, -34.9905689888 ], [ -58.0801435158, -34.9905038158 ], [ -58.0780878599, -34.9886378422 ], [ -58.0780033227, -34.9885603656 ], [ -58.0779210563, -34.9884849709 ], [ -58.0749312575, -34.9857457196 ], [ -58.0805932542, -34.9815487113 ], [ -58.0774541103, -34.9787290264 ], [ -58.0768925242, -34.9791280547 ], [ -58.0768303747, -34.9790629744 ], [ -58.0739135541, -34.9764455713 ], [ -58.0738334667, -34.9763746211 ], [ -58.0687585556, -34.980139622 ] ] ] ] } },
{ "type": "Feature", "properties": { "ZONA_COD": "AR-RI", "ZONA_DESC": "RURAL INTENSIVO", "AREA_TIPO": "Rural", "DENOM": "Rural Intensivo", "FOS_MAX": null, "FOT_RES": null, "FOT_COM": null, "FOT_MIN": null, "DENS_RES": null, "DENS_COM": null, "ALTURA_M": 0.0, "NIVELES": 0.0, "CUF_AV": null, "CUF_CAL": null, "RET_FRENTE": "SI", "RET_FONDO": "SI", "RET_LATERA": "SI", "PARC_SUP_M": "10 Ha", "PARC_ANC_M": 0.0, "INC_PRM": "No aplica", "COLOR_HEX": "#BDD1B2" }, "bbox": [ -58.0921202893, -35.0810997758, -57.9946952122, -35.0007589407 ], "geometry": { "type": "MultiPolygon", "coordinates": [ [ [ [ -58.0292351584, -35.0007589407 ], [ -58.0291263665, -35.000844602 ], [ -58.0259298953, -35.0032804967 ], [ -58.0260694575, -35.0035796751 ], [ -58.025026655, -35.0043636923 ], [ -58.0239111026, -35.0052024792 ], [ -58.0228720511, -35.0059836537 ], [ -58.0227450731, -35.0060764062 ], [ -58.0277037451, -35.010657613 ], [ -58.0140630361, -35.0208603694 ], [ -58.0124819902, -35.0223353664 ], [ -58.011815025, -35.0234825515 ], [ -58.0115771418, -35.0242725052 ], [ -58.0110470355, -35.0258799417 ], [ -58.0109240262, -35.0260838252 ], [ -57.9946952122, -35.0393063441 ], [ -57.9950221194, -35.0396040899 ], [ -58.0063314412, -35.0501424787 ], [ -58.0181998464, -35.061189534 ], [ -58.0214186073, -35.0591217111 ], [ -58.0246372071, -35.0570537965 ], [ -58.0279231527, -35.0549424114 ], [ -58.031208931, -35.0528309318 ], [ -58.0318267698, -35.0533982412 ], [ -58.0319303195, -35.0534996029 ], [ -58.0339512221, -35.0552961489 ], [ -58.0361386701, -35.0572565927 ], [ -58.0390839498, -35.0599045673 ], [ -58.0420289381, -35.062552836 ], [ -58.044234931, -35.0645339904 ], [ -58.0464405498, -35.0665154693 ], [ -58.0496921476, -35.0694129042 ], [ -58.0511479854, -35.07071008 ], [ -58.0512270619, -35.0706327572 ], [ -58.0575363429, -35.0658040129 ], [ -58.0576246483, -35.0657415092 ], [ -58.0745232351, -35.0810997758 ], [ -58.0749957065, -35.0808087957 ], [ -58.0758315184, -35.0797097963 ], [ -58.0760784174, -35.0796481388 ], [ -58.0773115579, -35.078142304 ], [ -58.0774187184, -35.0778902753 ], [ -58.0785965533, -35.0764380285 ], [ -58.0787331045, -35.0765134079 ], [ -58.0808039671, -35.0739896782 ], [ -58.0807688693, -35.073811563 ], [ -58.08491326, -35.0688126031 ], [ -58.0850399358, -35.0688529404 ], [ -58.0903046723, -35.0625115212 ], [ -58.090523525, -35.0618602133 ], [ -58.0906592031, -35.0587742095 ], [ -58.0903762871, -35.0580675834 ], [ -58.0906764826, -35.0542386154 ], [ -58.0897001876, -35.0514871918 ], [ -58.0908996791, -35.050553709 ], [ -58.0911145676, -35.0472641454 ], [ -58.0913486566, -35.046061223 ], [ -58.0917500079, -35.0450505991 ], [ -58.0917811289, -35.0426580508 ], [ -58.0917322112, -35.0418078129 ], [ -58.091820074, -35.039506955 ], [ -58.0920010941, -35.0394240492 ], [ -58.0921202893, -35.0380962335 ], [ -58.0918235742, -35.0371412101 ], [ -58.0920816697, -35.0352203454 ], [ -58.0919474891, -35.033490915 ], [ -58.0918810301, -35.0334922568 ], [ -58.0913334041, -35.0335021151 ], [ -58.0912595356, -35.0334338152 ], [ -58.0905420223, -35.0339808323 ], [ -58.0904154445, -35.0340763152 ], [ -58.0860988129, -35.0300445303 ], [ -58.0856541485, -35.0305320051 ], [ -58.0851929078, -35.0307077201 ], [ -58.0848983457, -35.0304743244 ], [ -58.0799110725, -35.0259426901 ], [ -58.0798528064, -35.0258909944 ], [ -58.079762447, -35.0259586684 ], [ -58.0786472849, -35.0267842541 ], [ -58.0756044036, -35.0290328677 ], [ -58.0747161037, -35.0296872863 ], [ -58.0740487536, -35.0301778962 ], [ -58.0757113501, -35.0316832678 ], [ -58.0736928793, -35.0331710711 ], [ -58.0736338298, -35.0331165191 ], [ -58.0712277692, -35.0309156667 ], [ -58.0706371386, -35.0313434481 ], [ -58.0687547991, -35.0326905318 ], [ -58.0686856979, -35.0327400386 ], [ -58.0673557373, -35.0315183996 ], [ -58.0684885323, -35.0306916474 ], [ -58.0676476959, -35.0299427073 ], [ -58.0664076954, -35.0288304204 ], [ -58.064863563, -35.0274452522 ], [ -58.0647267383, -35.0273208229 ], [ -58.0662138843, -35.0262415627 ], [ -58.0663555716, -35.0260651814 ], [ -58.0677956865, -35.0250260228 ], [ -58.0688452511, -35.0242917839 ], [ -58.0695210521, -35.0249029362 ], [ -58.0718876162, -35.0231426149 ], [ -58.0743887585, -35.0212789517 ], [ -58.0744748578, -35.0212147949 ], [ -58.0746959148, -35.0210500724 ], [ -58.0746710269, -35.0210280282 ], [ -58.0746323696, -35.0209937901 ], [ -58.0729619445, -35.0195140654 ], [ -58.0721267046, -35.0187742444 ], [ -58.072009495, -35.0186715778 ], [ -58.0716495729, -35.0189410012 ], [ -58.0715476563, -35.0188496733 ], [ -58.0709255107, -35.0182921566 ], [ -58.0703006195, -35.0177321685 ], [ -58.0704342425, -35.0176305649 ], [ -58.0705125663, -35.0175723311 ], [ -58.0692135289, -35.0163934611 ], [ -58.0691932618, -35.0163750682 ], [ -58.0686184862, -35.0168012794 ], [ -58.0635869466, -35.0205893281 ], [ -58.0609756787, -35.0181777925 ], [ -58.0583684128, -35.0157656606 ], [ -58.0651065256, -35.010773737 ], [ -58.0624986131, -35.0083341002 ], [ -58.0598819781, -35.0059310883 ], [ -58.053048287, -35.0110289232 ], [ -58.0506423308, -35.0088853388 ], [ -58.0474105154, -35.0059756012 ], [ -58.0445273833, -35.0032583779 ], [ -58.0445183236, -35.0032498397 ], [ -58.0424731429, -35.0013871108 ], [ -58.0409146925, -35.0025231722 ], [ -58.0408378013, -35.0025002908 ], [ -58.0393636047, -35.0021238399 ], [ -58.0390645343, -35.0021794648 ], [ -58.0345540997, -35.0055531042 ], [ -58.0292351584, -35.0007589407 ] ], [ [ -58.0668713516, -35.0384170423 ], [ -58.0601351588, -35.0409650546 ], [ -58.0590666626, -35.0414199029 ], [ -58.058414887, -35.040370493 ], [ -58.0658934972, -35.0375729108 ], [ -58.0668713516, -35.0384170423 ] ] ] ] } },
{ "type": "Feature", "properties": { "ZONA_COD": "AU-R6", "ZONA_DESC": "RESIDENCIAL 6", "AREA_TIPO": "Urbana", "DENOM": "Residencial 6", "FOS_MAX": "0.4", "FOT_RES": "0.8", "FOT_COM": null, "FOT_MIN": "NO", "DENS_RES": "150", "DENS_COM": null, "ALTURA_M": 9.0, "NIVELES": 3.0, "CUF_AV": "300", "CUF_CAL": "300", "RET_FRENTE": "SI", "RET_FONDO": "SI", "RET_LATERA": "SI", "PARC_SUP_M": "300", "PARC_ANC_M": 12.0, "INC_PRM": "CUF x 2.0 (por Multifamiliar en Bloque,Ver COT Art 287 Ordenanza 12692) (por Distrito de Interes Urbanistico Ver COT Art 16 , 244 y 286 Ord 12692)", "COLOR_HEX": "#D5EEF9" }, "bbox": [ -58.0727199235, -35.0310601347, -58.0685307834, -35.0270744824 ], "geometry": { "type": "MultiPolygon", "coordinates": [ [ [ [ -58.070054288, -35.0270744824 ], [ -58.0685307834, -35.0281918163 ], [ -58.0700362359, -35.0295535724 ], [ -58.0692843721, -35.0301029494 ], [ -58.0693247723, -35.0301394799 ], [ -58.0698172672, -35.0305879493 ], [ -58.0698911177, -35.0306452559 ], [ -58.0703443328, -35.0310601347 ], [ -58.0721151735, -35.0297710735 ], [ -58.0722112993, -35.0298485438 ], [ -58.0726345796, -35.0295546201 ], [ -58.0727199235, -35.0294938233 ], [ -58.0726958396, -35.0294718349 ], [ -58.0716216849, -35.0284959643 ], [ -58.070054288, -35.0270744824 ] ] ] ] } },
{ "type": "Feature", "properties": { "ZONA_COD": "AC-RU", "ZONA_DESC": "RESERVA URBANA", "AREA_TIPO": "Complem.", "DENOM": "Reserva Urbana", "FOS_MAX": "0.2", "FOT_RES": "0.3", "FOT_COM": null, "FOT_MIN": null, "DENS_RES": "1 vivienda por parcela", "DENS_COM": null, "ALTURA_M": 6.0, "NIVELES": 2.0, "CUF_AV": null, "CUF_CAL": null, "RET_FRENTE": "SI", "RET_FONDO": "SI", "RET_LATERA": "SI", "PARC_SUP_M": "4 Ha", "PARC_ANC_M": 0.0, "INC_PRM": "No aplica", "COLOR_HEX": "#DFDDA1" }, "bbox": [ -58.0757113501, -35.0331710711, -58.0647267383, -35.0250260228 ], "geometry": { "type": "MultiPolygon", "coordinates": [ [ [ [ -58.070054288, -35.0270744824 ], [ -58.0677956865, -35.0250260228 ], [ -58.0663555716, -35.0260651814 ], [ -58.0662138843, -35.0262415627 ], [ -58.0647267383, -35.0273208229 ], [ -58.064863563, -35.0274452522 ], [ -58.0664076954, -35.0288304204 ], [ -58.0676476959, -35.0299427073 ], [ -58.0684885323, -35.0306916474 ], [ -58.0673557373, -35.0315183996 ], [ -58.0686856979, -35.0327400386 ], [ -58.0687547991, -35.0326905318 ], [ -58.0706371386, -35.0313434481 ], [ -58.0712277692, -35.0309156667 ], [ -58.0736338298, -35.0331165191 ], [ -58.0736928793, -35.0331710711 ], [ -58.0757113501, -35.0316832678 ], [ -58.0740487536, -35.0301778962 ], [ -58.0736626288, -35.0304641342 ], [ -58.0726345796, -35.0295546201 ], [ -58.0722112993, -35.0298485438 ], [ -58.0721151735, -35.0297710735 ], [ -58.0703443328, -35.0310601347 ], [ -58.0698911177, -35.0306452559 ], [ -58.0698172672, -35.0305879493 ], [ -58.0693247723, -35.0301394799 ], [ -58.0692843721, -35.0301029494 ], [ -58.0700362359, -35.0295535724 ], [ -58.0685307834, -35.0281918163 ], [ -58.070054288, -35.0270744824 ] ] ] ] } },
{ "type": "Feature", "properties": { "ZONA_COD": "AC-REX2", "ZONA_DESC": "RESID. EXTRAURBANO 2", "AREA_TIPO": "Complem.", "DENOM": "Resid. Extraurb. 2", "FOS_MAX": "0.3", "FOT_RES": "0.6", "FOT_COM": null, "FOT_MIN": null, "DENS_RES": "80", "DENS_COM": null, "ALTURA_M": 9.0, "NIVELES": 3.0, "CUF_AV": null, "CUF_CAL": null, "RET_FRENTE": "SI", "RET_FONDO": "SI", "RET_LATERA": "SI", "PARC_SUP_M": "600", "PARC_ANC_M": 20.0, "INC_PRM": "No aplica", "COLOR_HEX": "#E6F3D9" }, "bbox": [ -57.9249927156, -34.9715693545, -57.9029144592, -34.9499805955 ], "geometry": { "type": "MultiPolygon", "coordinates": [ [ [ [ -57.9082946192, -34.9714779223 ], [ -57.9083963082, -34.9715693545 ], [ -57.9142056769, -34.9672801136 ], [ -57.9249927156, -34.9592401151 ], [ -57.9249423797, -34.9591985737 ], [ -57.9220195381, -34.9565650547 ], [ -57.921979985, -34.9565289443 ], [ -57.919957809, -34.9546827089 ], [ -57.9201294257, -34.9544321362 ], [ -57.9191958683, -34.9535963333 ], [ -57.9194204758, -34.9532238476 ], [ -57.9191816365, -34.9530076155 ], [ -57.9190145047, -34.9531328992 ], [ -57.9185688538, -34.9527326145 ], [ -57.9187371979, -34.9526069909 ], [ -57.9184938791, -34.9523905916 ], [ -57.9180302786, -34.9525876618 ], [ -57.9171003706, -34.9517378546 ], [ -57.9161430297, -34.9508723246 ], [ -57.9160309274, -34.9507651416 ], [ -57.9153514905, -34.9501540109 ], [ -57.9151639683, -34.9499805955 ], [ -57.9029144592, -34.9591777022 ], [ -57.9055285564, -34.9615435289 ], [ -57.903549011, -34.9671521194 ], [ -57.9058615673, -34.9692596527 ], [ -57.9059970672, -34.969404591 ], [ -57.9082946192, -34.9714779223 ] ] ] ] } },
{ "type": "Feature", "properties": { "ZONA_COD": "AU-R4", "ZONA_DESC": "RESIDENCIAL 4", "AREA_TIPO": "Urbana", "DENOM": "Residencial 4", "FOS_MAX": "0.6", "FOT_RES": "0.8", "FOT_COM": null, "FOT_MIN": "NO", "DENS_RES": "250", "DENS_COM": null, "ALTURA_M": 9.0, "NIVELES": 3.0, "CUF_AV": null, "CUF_CAL": "200", "RET_FRENTE": "SI", "RET_FONDO": "SI", "RET_LATERA": "SI", "PARC_SUP_M": "375", "PARC_ANC_M": 15.0, "INC_PRM": "No aplica", "COLOR_HEX": "#6EBDEC" }, "bbox": [ -58.0638494263, -34.8718792782, -58.0519641219, -34.8619209584 ], "geometry": { "type": "MultiPolygon", "coordinates": [ [ [ [ -58.0580945072, -34.8717708209 ], [ -58.0592614369, -34.8715499699 ], [ -58.0628640904, -34.8707108988 ], [ -58.0626690607, -34.8701531968 ], [ -58.0626044004, -34.8699720221 ], [ -58.0618630254, -34.8677978184 ], [ -58.0611545799, -34.8657200778 ], [ -58.0612041353, -34.8657082967 ], [ -58.0638494263, -34.8650666106 ], [ -58.0627921509, -34.8619874983 ], [ -58.0627687704, -34.8619209584 ], [ -58.0625949692, -34.8619683913 ], [ -58.0627181421, -34.8623049482 ], [ -58.0626548406, -34.862308309 ], [ -58.0600980546, -34.8624253387 ], [ -58.0598405697, -34.862192318 ], [ -58.0596224256, -34.862206861 ], [ -58.0596780505, -34.8623709603 ], [ -58.0588168588, -34.8624331843 ], [ -58.0586491505, -34.8624417711 ], [ -58.0575368465, -34.8624930369 ], [ -58.0573510151, -34.8625004311 ], [ -58.0570161823, -34.8625159876 ], [ -58.0562769125, -34.8626938771 ], [ -58.0561222642, -34.8627514256 ], [ -58.0550749551, -34.8630093665 ], [ -58.0549281165, -34.8630602789 ], [ -58.0542965712, -34.8632041911 ], [ -58.0542632891, -34.8631178616 ], [ -58.0539267295, -34.8631972798 ], [ -58.0537584898, -34.8631587169 ], [ -58.0535498839, -34.8632091806 ], [ -58.0535833585, -34.8632965938 ], [ -58.0534689944, -34.8633242326 ], [ -58.0534994167, -34.8634066411 ], [ -58.0533949568, -34.8634315541 ], [ -58.0533633618, -34.8633478659 ], [ -58.0532629498, -34.8633726629 ], [ -58.0532305491, -34.863286078 ], [ -58.0529979628, -34.8633426444 ], [ -58.0528444332, -34.8634129139 ], [ -58.0526159236, -34.8634588207 ], [ -58.0526494521, -34.8635485784 ], [ -58.052536473, -34.863573084 ], [ -58.0525653088, -34.863657811 ], [ -58.0525323343, -34.8636651233 ], [ -58.0524755241, -34.8636955753 ], [ -58.0524440515, -34.8636067511 ], [ -58.05234133, -34.8636553036 ], [ -58.0523056629, -34.8635542459 ], [ -58.0520666725, -34.8636690174 ], [ -58.0519641219, -34.8636686379 ], [ -58.0526378967, -34.8646296166 ], [ -58.0527466427, -34.8647815516 ], [ -58.0538306244, -34.8662905493 ], [ -58.0539375942, -34.8664650861 ], [ -58.0546867565, -34.8674595025 ], [ -58.0552429809, -34.8682203946 ], [ -58.0553173341, -34.8683491442 ], [ -58.0565187564, -34.8700163632 ], [ -58.0566056516, -34.8701957213 ], [ -58.0578760816, -34.8718792782 ], [ -58.0580945072, -34.8717708209 ] ], [ [ -58.06021899, -34.8692341275 ], [ -58.0594787562, -34.8694068818 ], [ -58.059124668, -34.8684341184 ], [ -58.0598684981, -34.8682589179 ], [ -58.06021899, -34.8692341275 ] ] ] ] } },
{ "type": "Feature", "properties": { "ZONA_COD": "AU-R4", "ZONA_DESC": "RESIDENCIAL 4", "AREA_TIPO": "Urbana", "DENOM": "Residencial 4", "FOS_MAX": "0.6", "FOT_RES": "0.8", "FOT_COM": null, "FOT_MIN": "NO", "DENS_RES": "250", "DENS_COM": null, "ALTURA_M": 9.0, "NIVELES": 3.0, "CUF_AV": null, "CUF_CAL": "200", "RET_FRENTE": "SI", "RET_FONDO": "SI", "RET_LATERA": "SI", "PARC_SUP_M": "375", "PARC_ANC_M": 15.0, "INC_PRM": "No aplica", "COLOR_HEX": "#6EBDEC" }, "bbox": [ -58.0629685916, -34.8631628061, -58.048937521, -34.856741099 ], "geometry": { "type": "MultiPolygon", "coordinates": [ [ [ [ -58.0490513635, -34.8627681054 ], [ -58.04908299, -34.8628919006 ], [ -58.0491672295, -34.863153705 ], [ -58.049700594, -34.8630330286 ], [ -58.0497456384, -34.8631628061 ], [ -58.0500658186, -34.8630918793 ], [ -58.0502167149, -34.8630174253 ], [ -58.0505327601, -34.8629456198 ], [ -58.0503818736, -34.8625101636 ], [ -58.0508524214, -34.8624009113 ], [ -58.0510052702, -34.8628366688 ], [ -58.0513926837, -34.8627475307 ], [ -58.0515516074, -34.862675727 ], [ -58.0518766997, -34.8626003683 ], [ -58.0517731329, -34.8623510529 ], [ -58.0520204726, -34.8622947247 ], [ -58.0524808508, -34.8621899897 ], [ -58.0525656317, -34.8624292705 ], [ -58.0528768178, -34.8623546771 ], [ -58.05305965, -34.8624142024 ], [ -58.0533758489, -34.8623403186 ], [ -58.0533934504, -34.8623914297 ], [ -58.0537229045, -34.86231181 ], [ -58.0538704419, -34.8622637035 ], [ -58.0541887308, -34.8621892208 ], [ -58.0541283252, -34.8620150392 ], [ -58.0545530345, -34.8619158529 ], [ -58.0546809801, -34.8618917646 ], [ -58.0549972034, -34.8618167063 ], [ -58.0549345368, -34.8616409563 ], [ -58.0552480072, -34.8615666642 ], [ -58.0553540157, -34.8615408725 ], [ -58.0554153315, -34.8617183132 ], [ -58.0557320997, -34.8616432612 ], [ -58.0558666715, -34.8615187915 ], [ -58.0563656828, -34.8613981663 ], [ -58.0563361509, -34.8613103655 ], [ -58.056559574, -34.8612572506 ], [ -58.0566203699, -34.8614336005 ], [ -58.0569295317, -34.8613611277 ], [ -58.0571535708, -34.8614026503 ], [ -58.0574680088, -34.8613289086 ], [ -58.0574381163, -34.8612424541 ], [ -58.0575426858, -34.8612173585 ], [ -58.0575078479, -34.8611273103 ], [ -58.0577179493, -34.8610780364 ], [ -58.0577490803, -34.8611676647 ], [ -58.0578580745, -34.8611403864 ], [ -58.0579253977, -34.8613182822 ], [ -58.0582251328, -34.8612467366 ], [ -58.0584467761, -34.8613715814 ], [ -58.0587687595, -34.8612977759 ], [ -58.0587056657, -34.8611166137 ], [ -58.0590242047, -34.861045097 ], [ -58.0590539039, -34.8611305559 ], [ -58.0591566865, -34.861107053 ], [ -58.0592195977, -34.86128668 ], [ -58.0595294393, -34.8612177263 ], [ -58.0596714171, -34.8612199018 ], [ -58.0601472313, -34.8611183575 ], [ -58.060315275, -34.8610813855 ], [ -58.0603888225, -34.8613064229 ], [ -58.0603965036, -34.8613285354 ], [ -58.06074357, -34.8612480955 ], [ -58.0608178773, -34.8611567253 ], [ -58.0617990674, -34.8609284117 ], [ -58.0619039013, -34.8609784194 ], [ -58.0620216999, -34.8610346109 ], [ -58.0628189525, -34.8608308434 ], [ -58.0628854637, -34.8608138768 ], [ -58.0624234919, -34.8596133861 ], [ -58.0624655918, -34.8595484479 ], [ -58.0629685916, -34.8591123406 ], [ -58.0628330881, -34.8577899774 ], [ -58.0613341772, -34.8577650923 ], [ -58.0607467005, -34.8569002799 ], [ -58.0606559517, -34.856741099 ], [ -58.0570436206, -34.8584957492 ], [ -58.048937521, -34.8624326403 ], [ -58.0489749005, -34.8625428351 ], [ -58.0490513635, -34.8627681054 ] ] ] ] } },
{ "type": "Feature", "properties": { "ZONA_COD": "AU-CC3 Cent.", "ZONA_DESC": "CORREDOR DE CENTRALIDAD 3 (CENTENARIO)", "AREA_TIPO": "Urbana", "DENOM": "Corredor Central. 3 (Centenario)", "FOS_MAX": "0.6", "FOT_RES": "1.5", "FOT_COM": "2.0", "FOT_MIN": "NO", "DENS_RES": "400", "DENS_COM": "600", "ALTURA_M": 18.0, "NIVELES": 6.0, "CUF_AV": "100", "CUF_CAL": "100", "RET_FRENTE": "SI", "RET_FONDO": "SI", "RET_LATERA": "NO", "PARC_SUP_M": "375", "PARC_ANC_M": 15.0, "INC_PRM": "Art 289 COT Ord 12692 (Art. 47 del Dec.ley 8912/77 por mejora morfológica) - Receptor APU (Ver Titulo 9 Cap 1 y 2- COT Ord 12692)", "COLOR_HEX": "#CD6969" }, "bbox": [ -58.0775826954, -34.8581797355, -58.0711071117, -34.8546239798 ], "geometry": { "type": "MultiPolygon", "coordinates": [ [ [ [ -58.077363849, -34.8546239798 ], [ -58.0754631246, -34.8556157612 ], [ -58.0741432895, -34.8561227612 ], [ -58.0735109114, -34.8564143987 ], [ -58.0729192186, -34.8567637493 ], [ -58.0725020636, -34.8570506403 ], [ -58.0711071117, -34.8580766237 ], [ -58.0711417131, -34.858106081 ], [ -58.0712282288, -34.8581797355 ], [ -58.0712920771, -34.8581350005 ], [ -58.0715712815, -34.857925659 ], [ -58.0717023981, -34.8578445627 ], [ -58.0723054817, -34.8577908893 ], [ -58.0725571489, -34.8577587952 ], [ -58.0727672296, -34.857718368 ], [ -58.0733208415, -34.8577546512 ], [ -58.0727628895, -34.8572745742 ], [ -58.0728134647, -34.8572345597 ], [ -58.0730462488, -34.8570510648 ], [ -58.0731234367, -34.8571167261 ], [ -58.0732912313, -34.8569867255 ], [ -58.0732118086, -34.856923192 ], [ -58.0735028535, -34.8566979909 ], [ -58.0737148075, -34.8566387148 ], [ -58.0738993808, -34.8565017687 ], [ -58.0740506791, -34.8566337622 ], [ -58.0741304481, -34.8565746435 ], [ -58.0742038022, -34.8566406034 ], [ -58.0743622294, -34.8565183837 ], [ -58.0742881208, -34.8564519607 ], [ -58.0743675552, -34.8563931073 ], [ -58.0742954934, -34.8563279784 ], [ -58.0744897776, -34.8561824438 ], [ -58.0747569554, -34.856221102 ], [ -58.0749044001, -34.8561056462 ], [ -58.075056006, -34.856233858 ], [ -58.0750980835, -34.856267329 ], [ -58.0753121995, -34.8561011082 ], [ -58.0753428412, -34.8561279988 ], [ -58.0754296051, -34.8560642144 ], [ -58.075198625, -34.8558656216 ], [ -58.0754275124, -34.8556894507 ], [ -58.0757132836, -34.8557465154 ], [ -58.0758259336, -34.8556603388 ], [ -58.0759309852, -34.8557548278 ], [ -58.0760510195, -34.8556660638 ], [ -58.0761248593, -34.8556079317 ], [ -58.0763375444, -34.8557893798 ], [ -58.0764134607, -34.8557312809 ], [ -58.0762383717, -34.8555785454 ], [ -58.0763093156, -34.855522711 ], [ -58.0762765758, -34.8554920019 ], [ -58.0765095847, -34.8553123785 ], [ -58.0768140322, -34.8553749641 ], [ -58.0771659756, -34.8551114241 ], [ -58.0775179451, -34.8548513986 ], [ -58.0775826954, -34.8548090693 ], [ -58.077363849, -34.8546239798 ] ] ] ] } },
{ "type": "Feature", "properties": { "ZONA_COD": "AU-CC3 Cent.", "ZONA_DESC": "CORREDOR DE CENTRALIDAD 3 (CENTENARIO)", "AREA_TIPO": "Urbana", "DENOM": "Corredor Central. 3 (Centenario)", "FOS_MAX": "0.6", "FOT_RES": "1.5", "FOT_COM": "2.0", "FOT_MIN": "NO", "DENS_RES": "400", "DENS_COM": "600", "ALTURA_M": 18.0, "NIVELES": 6.0, "CUF_AV": "100", "CUF_CAL": "100", "RET_FRENTE": "SI", "RET_FONDO": "SI", "RET_LATERA": "NO", "PARC_SUP_M": "375", "PARC_ANC_M": 15.0, "INC_PRM": "Art 289 COT Ord 12692 (Art. 47 del Dec.ley 8912/77 por mejora morfológica) - Receptor APU (Ver Titulo 9 Cap 1 y 2- COT Ord 12692)", "COLOR_HEX": "#CD6969" }, "bbox": [ -58.0765777102, -34.8573802121, -58.0715154237, -34.8542397157 ], "geometry": { "type": "MultiPolygon", "coordinates": [ [ [ [ -58.0715154237, -34.8573802121 ], [ -58.0737621901, -34.8558711174 ], [ -58.0746348877, -34.8555588251 ], [ -58.0765777102, -34.8545805345 ], [ -58.0763251779, -34.8542397157 ], [ -58.0762166873, -34.854293773 ], [ -58.0757740355, -34.8545136069 ], [ -58.0758018129, -34.8545508164 ], [ -58.0753609239, -34.8547605832 ], [ -58.0752439338, -34.8548548016 ], [ -58.074984322, -34.8549795673 ], [ -58.0749684076, -34.8549587668 ], [ -58.0748721127, -34.8550046466 ], [ -58.0748473076, -34.8549712692 ], [ -58.074480877, -34.8551477845 ], [ -58.0743287, -34.8552271155 ], [ -58.0742541741, -34.8552818105 ], [ -58.0742370546, -34.8553595857 ], [ -58.0738929443, -34.8554695818 ], [ -58.0738569417, -34.8556257346 ], [ -58.0734058625, -34.8556766264 ], [ -58.0730495232, -34.8561748544 ], [ -58.07295433, -34.8561593762 ], [ -58.0726939286, -34.8563879451 ], [ -58.0724766281, -34.8563530479 ], [ -58.0724326441, -34.8565278185 ], [ -58.0717858202, -34.8564877798 ], [ -58.0715154237, -34.8573802121 ] ] ] ] } },
{ "type": "Feature", "properties": { "ZONA_COD": "AU-CC3 Cent.", "ZONA_DESC": "CORREDOR DE CENTRALIDAD 3 (CENTENARIO)", "AREA_TIPO": "Urbana", "DENOM": "Corredor Central. 3 (Centenario)", "FOS_MAX": "0.6", "FOT_RES": "1.5", "FOT_COM": "2.0", "FOT_MIN": "NO", "DENS_RES": "400", "DENS_COM": "600", "ALTURA_M": 18.0, "NIVELES": 6.0, "CUF_AV": "100", "CUF_CAL": "100", "RET_FRENTE": "SI", "RET_FONDO": "SI", "RET_LATERA": "NO", "PARC_SUP_M": "375", "PARC_ANC_M": 15.0, "INC_PRM": "Art 289 COT Ord 12692 (Art. 47 del Dec.ley 8912/77 por mejora morfológica) - Receptor APU (Ver Titulo 9 Cap 1 y 2- COT Ord 12692)", "COLOR_HEX": "#CD6969" }, "bbox": [ -58.0707946854, -34.8600613169, -58.0651389084, -34.8574611241 ], "geometry": { "type": "MultiPolygon", "coordinates": [ [ [ [ -58.0707946854, -34.8578307068 ], [ -58.070368494, -34.8574611241 ], [ -58.0697035722, -34.8578157844 ], [ -58.0691576009, -34.8580811042 ], [ -58.068780642, -34.8581279355 ], [ -58.0688493952, -34.8582128413 ], [ -58.067486344, -34.8589322585 ], [ -58.0675337374, -34.8592813942 ], [ -58.0674532265, -34.8593009644 ], [ -58.0670771795, -34.8593963734 ], [ -58.0669525658, -34.8592410039 ], [ -58.0666892083, -34.8593845267 ], [ -58.0667394679, -34.8594621705 ], [ -58.0663828669, -34.8596547981 ], [ -58.0661168231, -34.8594749886 ], [ -58.0658115132, -34.859630118 ], [ -58.0654062022, -34.8598450992 ], [ -58.0651389084, -34.8599884664 ], [ -58.065197555, -34.8600613169 ], [ -58.0654648497, -34.8599179506 ], [ -58.0656400008, -34.8598247574 ], [ -58.0661909884, -34.859690914 ], [ -58.0663928988, -34.8596740913 ], [ -58.0666952446, -34.8596078445 ], [ -58.0668291959, -34.8595557324 ], [ -58.0671364996, -34.8594731998 ], [ -58.0674834284, -34.859383997 ], [ -58.0675631569, -34.8593629124 ], [ -58.0676237352, -34.8595307636 ], [ -58.0707946854, -34.8578307068 ] ] ] ] } },
{ "type": "Feature", "properties": { "ZONA_COD": "AU-CLo3", "ZONA_DESC": "CENTRAL LOCALIDADES 3", "AREA_TIPO": "Urbana", "DENOM": "Central Loc. 3", "FOS_MAX": "0.4", "FOT_RES": "1.2", "FOT_COM": "1.8", "FOT_MIN": "NO", "DENS_RES": "300", "DENS_COM": "400", "ALTURA_M": 9.0, "NIVELES": 3.0, "CUF_AV": "100", "CUF_CAL": "200", "RET_FRENTE": "SI", "RET_FONDO": "SI", "RET_LATERA": "SI", "PARC_SUP_M": "375", "PARC_ANC_M": 15.0, "INC_PRM": "No aplica", "COLOR_HEX": "#A80000" }, "bbox": [ -58.0866944942, -34.855512251, -58.077363849, -34.8518283563 ], "geometry": { "type": "MultiPolygon", "coordinates": [ [ [ [ -58.0863673469, -34.8518283563 ], [ -58.0793143867, -34.8536054131 ], [ -58.077363849, -34.8546239798 ], [ -58.0775826954, -34.8548090693 ], [ -58.078389032, -34.855512251 ], [ -58.0800346888, -34.8542514195 ], [ -58.0801381747, -34.854354891 ], [ -58.0866944942, -34.8526901289 ], [ -58.0866693725, -34.8526216402 ], [ -58.0863673469, -34.8518283563 ] ] ] ] } },
{ "type": "Feature", "properties": { "ZONA_COD": "AU-EV", "ZONA_DESC": "ESPACIO VERDE", "AREA_TIPO": "Urbana", "DENOM": "Espacio Verde", "FOS_MAX": null, "FOT_RES": null, "FOT_COM": null, "FOT_MIN": null, "DENS_RES": null, "DENS_COM": null, "ALTURA_M": 0.0, "NIVELES": 0.0, "CUF_AV": null, "CUF_CAL": null, "RET_FRENTE": null, "RET_FONDO": null, "RET_LATERA": null, "PARC_SUP_M": null, "PARC_ANC_M": 0.0, "INC_PRM": null, "COLOR_HEX": "#9AD66E" }, "bbox": [ -58.0888429952, -34.8526216402, -58.0863630805, -34.8512611332 ], "geometry": { "type": "MultiPolygon", "coordinates": [ [ [ [ -58.0885361582, -34.8512611332 ], [ -58.0863630805, -34.8518051664 ], [ -58.0863673469, -34.8518283563 ], [ -58.0866693725, -34.8526216402 ], [ -58.0888429952, -34.8520629633 ], [ -58.0887270852, -34.8517506117 ], [ -58.0885585055, -34.85131892 ], [ -58.0885361582, -34.8512611332 ] ] ] ] } },
{ "type": "Feature", "properties": { "ZONA_COD": "AU-CC3 Cent.", "ZONA_DESC": "CORREDOR DE CENTRALIDAD 3 (CENTENARIO)", "AREA_TIPO": "Urbana", "DENOM": "Corredor Central. 3 (Centenario)", "FOS_MAX": "0.6", "FOT_RES": "1.5", "FOT_COM": "2.0", "FOT_MIN": "NO", "DENS_RES": "400", "DENS_COM": "600", "ALTURA_M": 18.0, "NIVELES": 6.0, "CUF_AV": "100", "CUF_CAL": "100", "RET_FRENTE": "SI", "RET_FONDO": "SI", "RET_LATERA": "NO", "PARC_SUP_M": "375", "PARC_ANC_M": 15.0, "INC_PRM": "Art 289 COT Ord 12692 (Art. 47 del Dec.ley 8912/77 por mejora morfológica) - Receptor APU (Ver Titulo 9 Cap 1 y 2- COT Ord 12692)", "COLOR_HEX": "#CD6969" }, "bbox": [ -58.0950689019, -34.8517506117, -58.0885585055, -34.8497217232 ], "geometry": { "type": "MultiPolygon", "coordinates": [ [ [ [ -58.0948528038, -34.8497217232 ], [ -58.0885585055, -34.85131892 ], [ -58.0887270852, -34.8517506117 ], [ -58.0887845501, -34.8517359438 ], [ -58.0893871948, -34.8515732807 ], [ -58.0893812368, -34.8515566945 ], [ -58.089688447, -34.8514759947 ], [ -58.0898273544, -34.8514448314 ], [ -58.090298994, -34.8513212924 ], [ -58.0903761468, -34.8515260015 ], [ -58.0908151869, -34.8514175397 ], [ -58.0908760809, -34.8511667817 ], [ -58.0913403559, -34.8510542981 ], [ -58.0913121882, -34.8509722044 ], [ -58.0917664672, -34.8508617245 ], [ -58.0918787863, -34.8507367736 ], [ -58.092188386, -34.8506612422 ], [ -58.092220776, -34.8507498911 ], [ -58.0923224776, -34.8507249007 ], [ -58.0923534071, -34.8508105522 ], [ -58.09245784, -34.850785605 ], [ -58.092426138, -34.8507003016 ], [ -58.0925324729, -34.850673491 ], [ -58.0924997088, -34.8505868188 ], [ -58.0927908292, -34.850516133 ], [ -58.0929488491, -34.8505557374 ], [ -58.0938598192, -34.850337891 ], [ -58.0940133146, -34.8503016141 ], [ -58.0944657545, -34.8501852374 ], [ -58.0944940921, -34.8502584251 ], [ -58.0947667342, -34.8501894138 ], [ -58.0949502957, -34.8501416409 ], [ -58.0950689019, -34.8499053566 ], [ -58.0948528038, -34.8497217232 ] ] ] ] } },
{ "type": "Feature", "properties": { "ZONA_COD": "AR-P", "ZONA_DESC": "PERIURBANO", "AREA_TIPO": "Rural", "DENOM": "Periurbano", "FOS_MAX": null, "FOT_RES": null, "FOT_COM": null, "FOT_MIN": null, "DENS_RES": null, "DENS_COM": null, "ALTURA_M": 0.0, "NIVELES": 0.0, "CUF_AV": null, "CUF_CAL": null, "RET_FRENTE": "SI", "RET_FONDO": "SI", "RET_LATERA": "SI", "PARC_SUP_M": "4 Ha", "PARC_ANC_M": 0.0, "INC_PRM": "No aplica", "COLOR_HEX": "#83AE7E" }, "bbox": [ -58.109182899, -34.8587913249, -58.0948528038, -34.847891396 ], "geometry": { "type": "MultiPolygon", "coordinates": [ [ [ [ -58.0992507458, -34.847891396 ], [ -58.098137824, -34.848397788 ], [ -58.0976956894, -34.8485663821 ], [ -58.0971112245, -34.8488177031 ], [ -58.0969939196, -34.8488956878 ], [ -58.0960787623, -34.8492459207 ], [ -58.0948528038, -34.8497217232 ], [ -58.0950689019, -34.8499053566 ], [ -58.0964719738, -34.8510617967 ], [ -58.0966408359, -34.8512455677 ], [ -58.0974658155, -34.8518682178 ], [ -58.0977339151, -34.852116795 ], [ -58.0981001271, -34.8524324408 ], [ -58.0983452212, -34.8526576427 ], [ -58.1008606069, -34.8547282139 ], [ -58.1009553307, -34.8548222336 ], [ -58.10170435, -34.8554343382 ], [ -58.1017952409, -34.855526606 ], [ -58.102565253, -34.8561620319 ], [ -58.1042659654, -34.8576030111 ], [ -58.1043609419, -34.8576143048 ], [ -58.1057502713, -34.8587913249 ], [ -58.1069531109, -34.8577938931 ], [ -58.1069087482, -34.8577602656 ], [ -58.1075342546, -34.8572587344 ], [ -58.109182899, -34.8559301938 ], [ -58.1083619852, -34.8552737634 ], [ -58.1075325, -34.8545959246 ], [ -58.106794225, -34.853993672 ], [ -58.1060240555, -34.853376318 ], [ -58.1059944669, -34.8533984782 ], [ -58.1048083151, -34.852428652 ], [ -58.1042072631, -34.8519416277 ], [ -58.1027585811, -34.85075644 ], [ -58.1020717815, -34.850195969 ], [ -58.1015461269, -34.8497641829 ], [ -58.1009772769, -34.8493046833 ], [ -58.1003723128, -34.8487995548 ], [ -58.0997053315, -34.84822487 ], [ -58.0992628516, -34.8479042347 ], [ -58.0992507458, -34.847891396 ] ] ] ] } },
{ "type": "Feature", "properties": { "ZONA_COD": "AU-CC3 Cent.", "ZONA_DESC": "CORREDOR DE CENTRALIDAD 3 (CENTENARIO)", "AREA_TIPO": "Urbana", "DENOM": "Corredor Central. 3 (Centenario)", "FOS_MAX": "0.6", "FOT_RES": "1.5", "FOT_COM": "2.0", "FOT_MIN": "NO", "DENS_RES": "400", "DENS_COM": "600", "ALTURA_M": 18.0, "NIVELES": 6.0, "CUF_AV": "100", "CUF_CAL": "100", "RET_FRENTE": "SI", "RET_FONDO": "SI", "RET_LATERA": "NO", "PARC_SUP_M": "375", "PARC_ANC_M": 15.0, "INC_PRM": "Art 289 COT Ord 12692 (Art. 47 del Dec.ley 8912/77 por mejora morfológica) - Receptor APU (Ver Titulo 9 Cap 1 y 2- COT Ord 12692)", "COLOR_HEX": "#CD6969" }, "bbox": [ -58.0619344153, -34.8638108414, -58.0465920721, -34.8609284117 ], "geometry": { "type": "MultiPolygon", "coordinates": [ [ [ [ -58.0474241392, -34.8636348657 ], [ -58.0479695448, -34.8635584125 ], [ -58.0491650207, -34.8634923906 ], [ -58.0502255652, -34.8633499757 ], [ -58.0516153361, -34.8631056245 ], [ -58.0567419951, -34.8617940416 ], [ -58.0598775813, -34.861632598 ], [ -58.0602423742, -34.8616167897 ], [ -58.0604555702, -34.8615039517 ], [ -58.0608031554, -34.8614202995 ], [ -58.0608925912, -34.8613638886 ], [ -58.0619344153, -34.8610643523 ], [ -58.0619039013, -34.8609784194 ], [ -58.0617990674, -34.8609284117 ], [ -58.0608178773, -34.8611567253 ], [ -58.06074357, -34.8612480955 ], [ -58.0603965036, -34.8613285354 ], [ -58.0603888225, -34.8613064229 ], [ -58.060315275, -34.8610813855 ], [ -58.0601472313, -34.8611183575 ], [ -58.0596714171, -34.8612199018 ], [ -58.0595294393, -34.8612177263 ], [ -58.0592195977, -34.86128668 ], [ -58.0591566865, -34.861107053 ], [ -58.0590539039, -34.8611305559 ], [ -58.0590242047, -34.861045097 ], [ -58.0587056657, -34.8611166137 ], [ -58.0587687595, -34.8612977759 ], [ -58.0584467761, -34.8613715814 ], [ -58.0582251328, -34.8612467366 ], [ -58.0579253977, -34.8613182822 ], [ -58.0578580745, -34.8611403864 ], [ -58.0577490803, -34.8611676647 ], [ -58.0577179493, -34.8610780364 ], [ -58.0575078479, -34.8611273103 ], [ -58.0575426858, -34.8612173585 ], [ -58.0574381163, -34.8612424541 ], [ -58.0574680088, -34.8613289086 ], [ -58.0571535708, -34.8614026503 ], [ -58.0569295317, -34.8613611277 ], [ -58.0566203699, -34.8614336005 ], [ -58.056559574, -34.8612572506 ], [ -58.0563361509, -34.8613103655 ], [ -58.0563656828, -34.8613981663 ], [ -58.0558666715, -34.8615187915 ], [ -58.0557320997, -34.8616432612 ], [ -58.0554153315, -34.8617183132 ], [ -58.0553540157, -34.8615408725 ], [ -58.0552480072, -34.8615666642 ], [ -58.0549345368, -34.8616409563 ], [ -58.0549972034, -34.8618167063 ], [ -58.0546809801, -34.8618917646 ], [ -58.0545530345, -34.8619158529 ], [ -58.0541283252, -34.8620150392 ], [ -58.0541887308, -34.8621892208 ], [ -58.0538704419, -34.8622637035 ], [ -58.0537229045, -34.86231181 ], [ -58.0533934504, -34.8623914297 ], [ -58.0533758489, -34.8623403186 ], [ -58.05305965, -34.8624142024 ], [ -58.0528768178, -34.8623546771 ], [ -58.0525656317, -34.8624292705 ], [ -58.0524808508, -34.8621899897 ], [ -58.0520204726, -34.8622947247 ], [ -58.0517731329, -34.8623510529 ], [ -58.0518766997, -34.8626003683 ], [ -58.0515516074, -34.862675727 ], [ -58.0513926837, -34.8627475307 ], [ -58.0510052702, -34.8628366688 ], [ -58.0508524214, -34.8624009113 ], [ -58.0503818736, -34.8625101636 ], [ -58.0505327601, -34.8629456198 ], [ -58.0502167149, -34.8630174253 ], [ -58.0500658186, -34.8630918793 ], [ -58.0497456384, -34.8631628061 ], [ -58.049700594, -34.8630330286 ], [ -58.0491672295, -34.863153705 ], [ -58.04908299, -34.8628919006 ], [ -58.0490513635, -34.8627681054 ], [ -58.0489749005, -34.8625428351 ], [ -58.048937521, -34.8624326403 ], [ -58.0467415673, -34.8635312799 ], [ -58.0465920721, -34.8636035099 ], [ -58.0467429792, -34.8638108414 ], [ -58.0474241392, -34.8636348657 ] ] ] ] } },
{ "type": "Feature", "properties": { "ZONA_COD": "AR-P", "ZONA_DESC": "PERIURBANO", "AREA_TIPO": "Rural", "DENOM": "Periurbano", "FOS_MAX": null, "FOT_RES": null, "FOT_COM": null, "FOT_MIN": null, "DENS_RES": null, "DENS_COM": null, "ALTURA_M": 0.0, "NIVELES": 0.0, "CUF_AV": null, "CUF_CAL": null, "RET_FRENTE": "SI", "RET_FONDO": "SI", "RET_LATERA": "SI", "PARC_SUP_M": "4 Ha", "PARC_ANC_M": 0.0, "INC_PRM": "No aplica", "COLOR_HEX": "#83AE7E" }, "bbox": [ -58.0627405802, -34.8563913707, -58.0605963671, -34.8514436173 ], "geometry": { "type": "MultiPolygon", "coordinates": [ [ [ [ -58.0627405802, -34.8524409448 ], [ -58.0605963671, -34.8514436173 ], [ -58.0608002344, -34.8528762976 ], [ -58.0606172089, -34.8543058302 ], [ -58.0607433811, -34.855337394 ], [ -58.0611148434, -34.8563913707 ], [ -58.0624140679, -34.8557771148 ], [ -58.0622181703, -34.8540010734 ], [ -58.0626065839, -34.8525613586 ], [ -58.0627215281, -34.8524694569 ], [ -58.0627405802, -34.8524409448 ] ] ] ] } },
{ "type": "Feature", "properties": { "ZONA_COD": "AR-P", "ZONA_DESC": "PERIURBANO", "AREA_TIPO": "Rural", "DENOM": "Periurbano", "FOS_MAX": null, "FOT_RES": null, "FOT_COM": null, "FOT_MIN": null, "DENS_RES": null, "DENS_COM": null, "ALTURA_M": 0.0, "NIVELES": 0.0, "CUF_AV": null, "CUF_CAL": null, "RET_FRENTE": "SI", "RET_FONDO": "SI", "RET_LATERA": "SI", "PARC_SUP_M": "4 Ha", "PARC_ANC_M": 0.0, "INC_PRM": "No aplica", "COLOR_HEX": "#83AE7E" }, "bbox": [ -58.0607534886, -34.8584957492, -58.0318696153, -34.8482513667 ], "geometry": { "type": "MultiPolygon", "coordinates": [ [ [ [ -58.0603082648, -34.8521541141 ], [ -58.0599244009, -34.8510926803 ], [ -58.0564375836, -34.8494063228 ], [ -58.0538825584, -34.8482513667 ], [ -58.0538445144, -34.8482538641 ], [ -58.0467192029, -34.8513463323 ], [ -58.0396393243, -34.8544184667 ], [ -58.0396393243, -34.8544184667 ], [ -58.0395860143, -34.8545226901 ], [ -58.0393534235, -34.8546261841 ], [ -58.0392544621, -34.8546730738 ], [ -58.0391673907, -34.8547118643 ], [ -58.0390803201, -34.8547506538 ], [ -58.0390335895, -34.8547710792 ], [ -58.038986859, -34.8547915037 ], [ -58.0388855629, -34.8548353816 ], [ -58.0387842678, -34.8548792587 ], [ -58.0386439232, -34.85494693 ], [ -58.0385537491, -34.8549874714 ], [ -58.0384635749, -34.8550280137 ], [ -58.038413551, -34.8550512693 ], [ -58.0383634318, -34.8550743828 ], [ -58.0383150231, -34.8550960016 ], [ -58.0382665182, -34.8551174792 ], [ -58.0382195439, -34.8551389361 ], [ -58.0381725696, -34.8551603939 ], [ -58.0381263346, -34.8551806458 ], [ -58.0380800995, -34.8552008985 ], [ -58.0379898687, -34.855241484 ], [ -58.037899638, -34.8552820695 ], [ -58.0377538803, -34.8553520853 ], [ -58.0376629193, -34.8553911717 ], [ -58.0375719583, -34.8554302589 ], [ -58.037519169, -34.8554548661 ], [ -58.0374663806, -34.8554794734 ], [ -58.0374186221, -34.8554993853 ], [ -58.0373708645, -34.8555192972 ], [ -58.037323954, -34.8555403494 ], [ -58.0372770994, -34.8555614844 ], [ -58.0372320829, -34.8555809529 ], [ -58.0371871213, -34.8556005051 ], [ -58.0370938733, -34.8556414917 ], [ -58.0370006262, -34.8556824783 ], [ -58.0368901634, -34.855739364 ], [ -58.0366933, -34.8558251359 ], [ -58.0366034901, -34.8558640595 ], [ -58.0365583945, -34.855884645 ], [ -58.0365132988, -34.8559052313 ], [ -58.0364672356, -34.8559251252 ], [ -58.0364211723, -34.8559450191 ], [ -58.036371009, -34.8559672351 ], [ -58.0363208448, -34.8559894511 ], [ -58.0362707004, -34.8560108558 ], [ -58.036220556, -34.8560322606 ], [ -58.0361761754, -34.8560526779 ], [ -58.0361317938, -34.8560730943 ], [ -58.0360338936, -34.8561165738 ], [ -58.0359359944, -34.8561600533 ], [ -58.0358071485, -34.8562359264 ], [ -58.035640228, -34.8563083911 ], [ -58.0355448675, -34.8563508301 ], [ -58.0354950235, -34.8563733662 ], [ -58.0353931627, -34.8564178629 ], [ -58.035298027, -34.8564600348 ], [ -58.035196704, -34.8565049002 ], [ -58.0351045765, -34.8565446871 ], [ -58.035004946, -34.8565873266 ], [ -58.0348856267, -34.8566395611 ], [ -58.0346748732, -34.8567207788 ], [ -58.0343296964, -34.8568732715 ], [ -58.0339845779, -34.8571091565 ], [ -58.0337204336, -34.8572896954 ], [ -58.0334502781, -34.8573309275 ], [ -58.0333419593, -34.8573481009 ], [ -58.0332348338, -34.8573656539 ], [ -58.0331182817, -34.8573842258 ], [ -58.0329815074, -34.8574072466 ], [ -58.0327783613, -34.8574305454 ], [ -58.0325811283, -34.8575131499 ], [ -58.0324741576, -34.8575608958 ], [ -58.032381057, -34.8576001242 ], [ -58.0322851488, -34.8576424607 ], [ -58.0321879798, -34.8576826146 ], [ -58.03199765, -34.8577645185 ], [ -58.0318696153, -34.8578978988 ], [ -58.0318696153, -34.8578978988 ], [ -58.0320240442, -34.8581503124 ], [ -58.0346824716, -34.8570052317 ], [ -58.0414041449, -34.8560079591 ], [ -58.0423270597, -34.8558285722 ], [ -58.0445389189, -34.8554710998 ], [ -58.0469688026, -34.8550503754 ], [ -58.049081025, -34.8546497472 ], [ -58.0491094993, -34.8546917482 ], [ -58.0494156555, -34.8551207752 ], [ -58.0494542499, -34.8551780278 ], [ -58.0499039721, -34.8550295768 ], [ -58.0509345844, -34.8547510001 ], [ -58.0521068408, -34.8545101445 ], [ -58.0523554475, -34.855046824 ], [ -58.0527188942, -34.8556006238 ], [ -58.0556647602, -34.8541439757 ], [ -58.0560977181, -34.8537157563 ], [ -58.0577146488, -34.8542212184 ], [ -58.0589290034, -34.8552154648 ], [ -58.0599491269, -34.8564007389 ], [ -58.0570436206, -34.8584957492 ], [ -58.0606559517, -34.856741099 ], [ -58.0607534886, -34.8566934502 ], [ -58.0602267242, -34.8552754811 ], [ -58.0602227033, -34.8551733694 ], [ -58.0601499733, -34.8549121757 ], [ -58.0603082648, -34.8521541141 ] ] ] ] } },
{ "type": "Feature", "properties": { "ZONA_COD": "AR-P", "ZONA_DESC": "PERIURBANO", "AREA_TIPO": "Rural", "DENOM": "Periurbano", "FOS_MAX": null, "FOT_RES": null, "FOT_COM": null, "FOT_MIN": null, "DENS_RES": null, "DENS_COM": null, "ALTURA_M": 0.0, "NIVELES": 0.0, "CUF_AV": null, "CUF_CAL": null, "RET_FRENTE": "SI", "RET_FONDO": "SI", "RET_LATERA": "SI", "PARC_SUP_M": "4 Ha", "PARC_ANC_M": 0.0, "INC_PRM": "No aplica", "COLOR_HEX": "#83AE7E" }, "bbox": [ -58.059801522, -34.8508598089, -58.0542769678, -34.8466773499 ], "geometry": { "type": "MultiPolygon", "coordinates": [ [ [ [ -58.059801522, -34.8508598089 ], [ -58.0574860205, -34.8466773499 ], [ -58.057465497, -34.8466873117 ], [ -58.0558812783, -34.8474557905 ], [ -58.0542970326, -34.8482241559 ], [ -58.0542769678, -34.8482337328 ], [ -58.0565035066, -34.8493266384 ], [ -58.0597623538, -34.8508435204 ], [ -58.059801522, -34.8508598089 ] ] ] ] } },
{ "type": "Feature", "properties": { "ZONA_COD": "AU-R4", "ZONA_DESC": "RESIDENCIAL 4", "AREA_TIPO": "Urbana", "DENOM": "Residencial 4", "FOS_MAX": "0.6", "FOT_RES": "0.8", "FOT_COM": null, "FOT_MIN": "NO", "DENS_RES": "250", "DENS_COM": null, "ALTURA_M": 9.0, "NIVELES": 3.0, "CUF_AV": null, "CUF_CAL": "200", "RET_FRENTE": "SI", "RET_FONDO": "SI", "RET_LATERA": "SI", "PARC_SUP_M": "375", "PARC_ANC_M": 15.0, "INC_PRM": "No aplica", "COLOR_HEX": "#6EBDEC" }, "bbox": [ -58.0941480573, -34.8600360693, -58.0639168845, -34.8456700912 ], "geometry": { "type": "MultiPolygon", "coordinates": [ [ [ [ -58.0716671717, -34.851452812 ], [ -58.0706657793, -34.8519327955 ], [ -58.0707746413, -34.85202904 ], [ -58.0665557022, -34.8540653632 ], [ -58.0664444354, -34.8540708086 ], [ -58.0642927021, -34.8551206961 ], [ -58.0642793337, -34.8552655319 ], [ -58.0641532776, -34.8570006955 ], [ -58.0639168845, -34.8573442725 ], [ -58.0648739673, -34.8600360693 ], [ -58.0651389084, -34.8599884664 ], [ -58.0654062022, -34.8598450992 ], [ -58.065226997, -34.8596259533 ], [ -58.0658115132, -34.859630118 ], [ -58.0661168231, -34.8594749886 ], [ -58.0663828669, -34.8596547981 ], [ -58.0667394679, -34.8594621705 ], [ -58.0666892083, -34.8593845267 ], [ -58.0669525658, -34.8592410039 ], [ -58.0670771795, -34.8593963734 ], [ -58.0674532265, -34.8593009644 ], [ -58.0675337374, -34.8592813942 ], [ -58.067486344, -34.8589322585 ], [ -58.0688493952, -34.8582128413 ], [ -58.068780642, -34.8581279355 ], [ -58.0691576009, -34.8580811042 ], [ -58.0697035722, -34.8578157844 ], [ -58.070368494, -34.8574611241 ], [ -58.0697931905, -34.8569621946 ], [ -58.0699732222, -34.8561974058 ], [ -58.0717858202, -34.8564877798 ], [ -58.0724326441, -34.8565278185 ], [ -58.0724766281, -34.8563530479 ], [ -58.0726939286, -34.8563879451 ], [ -58.07295433, -34.8561593762 ], [ -58.0730495232, -34.8561748544 ], [ -58.0734058625, -34.8556766264 ], [ -58.0738569417, -34.8556257346 ], [ -58.0738929443, -34.8554695818 ], [ -58.0742370546, -34.8553595857 ], [ -58.0742541741, -34.8552818105 ], [ -58.0743287, -34.8552271155 ], [ -58.074480877, -34.8551477845 ], [ -58.0748473076, -34.8549712692 ], [ -58.0748721127, -34.8550046466 ], [ -58.0749684076, -34.8549587668 ], [ -58.074984322, -34.8549795673 ], [ -58.0752439338, -34.8548548016 ], [ -58.0753609239, -34.8547605832 ], [ -58.0758018129, -34.8545508164 ], [ -58.0757740355, -34.8545136069 ], [ -58.0762166873, -34.854293773 ], [ -58.0763251779, -34.8542397157 ], [ -58.075407364, -34.8529900582 ], [ -58.0754245203, -34.852981878 ], [ -58.074393507, -34.8515707275 ], [ -58.076223773, -34.850650829 ], [ -58.0767247853, -34.8503774576 ], [ -58.0785824672, -34.8495054209 ], [ -58.0792864862, -34.8513584497 ], [ -58.0877817826, -34.8492115207 ], [ -58.0881277095, -34.8501042156 ], [ -58.0880467004, -34.8501251078 ], [ -58.088269413, -34.8506877434 ], [ -58.0884022573, -34.8506531438 ], [ -58.0889486332, -34.8505170854 ], [ -58.0893157202, -34.8504234489 ], [ -58.0894334415, -34.8503344547 ], [ -58.0897040988, -34.8502647167 ], [ -58.0896704929, -34.8501692015 ], [ -58.0900847755, -34.8500654872 ], [ -58.090151775, -34.850245884 ], [ -58.0903635851, -34.8501916225 ], [ -58.0904489074, -34.8500711458 ], [ -58.092575259, -34.8495209468 ], [ -58.0930327325, -34.849404294 ], [ -58.0934824052, -34.8492892284 ], [ -58.0941480573, -34.8491228448 ], [ -58.0935824458, -34.8486433974 ], [ -58.0935975166, -34.8486306702 ], [ -58.0931085966, -34.8482482065 ], [ -58.0928870486, -34.8480882953 ], [ -58.0926661913, -34.8479277834 ], [ -58.0922600278, -34.8475988276 ], [ -58.0918538679, -34.8472698709 ], [ -58.0916776484, -34.8473114178 ], [ -58.0916061721, -34.8471214729 ], [ -58.0915804281, -34.8470530588 ], [ -58.0915721993, -34.8470311917 ], [ -58.0914743495, -34.8469373457 ], [ -58.0913282996, -34.8468358059 ], [ -58.09137529, -34.8468247164 ], [ -58.0910908767, -34.8465847962 ], [ -58.0910584886, -34.8465929692 ], [ -58.090955455, -34.8465060533 ], [ -58.0905629576, -34.8461749535 ], [ -58.0899638239, -34.8456700912 ], [ -58.089934327, -34.8456715706 ], [ -58.0873837472, -34.8457811818 ], [ -58.0853537633, -34.8460066409 ], [ -58.0845774946, -34.8461270178 ], [ -58.0838745233, -34.8462485459 ], [ -58.0825944508, -34.8465715761 ], [ -58.0821851279, -34.846678224 ], [ -58.0808676733, -34.8470825484 ], [ -58.0799662675, -34.8473959262 ], [ -58.078459332, -34.8481287684 ], [ -58.0786228585, -34.8483594086 ], [ -58.0786110665, -34.8483963527 ], [ -58.0718678689, -34.8516818028 ], [ -58.0718273553, -34.8516751217 ], [ -58.0716671717, -34.851452812 ] ] ] ] } },
{ "type": "Feature", "properties": { "ZONA_COD": "AU-UE", "ZONA_DESC": "USOS ESPECÍFICOS AU", "AREA_TIPO": "Urbana", "DENOM": "Usos Específicos", "FOS_MAX": null, "FOT_RES": null, "FOT_COM": null, "FOT_MIN": null, "DENS_RES": null, "DENS_COM": null, "ALTURA_M": 0.0, "NIVELES": 0.0, "CUF_AV": null, "CUF_CAL": null, "RET_FRENTE": null, "RET_FONDO": null, "RET_LATERA": null, "PARC_SUP_M": null, "PARC_ANC_M": 0.0, "INC_PRM": null, "COLOR_HEX": "#D4D4D4" }, "bbox": [ -57.9459665677, -34.909700542, -57.9369395948, -34.9028059867 ], "geometry": { "type": "MultiPolygon", "coordinates": [ [ [ [ -57.9430928713, -34.9047996991 ], [ -57.9369395948, -34.9028059867 ], [ -57.9369746486, -34.9032461176 ], [ -57.9417555255, -34.907625914 ], [ -57.9417970985, -34.9093965613 ], [ -57.9420777148, -34.9093774426 ], [ -57.9423044303, -34.9093892408 ], [ -57.9424246328, -34.9094111708 ], [ -57.9426163862, -34.9094691267 ], [ -57.9428099491, -34.9095997271 ], [ -57.9429334009, -34.909700542 ], [ -57.9435527846, -34.9092430596 ], [ -57.9459665677, -34.9074601375 ], [ -57.9430928713, -34.9047996991 ] ] ] ] } },
{ "type": "Feature", "properties": { "ZONA_COD": "AU-EV", "ZONA_DESC": "ESPACIO VERDE", "AREA_TIPO": "Urbana", "DENOM": "Espacio Verde", "FOS_MAX": null, "FOT_RES": null, "FOT_COM": null, "FOT_MIN": null, "DENS_RES": null, "DENS_COM": null, "ALTURA_M": 0.0, "NIVELES": 0.0, "CUF_AV": null, "CUF_CAL": null, "RET_FRENTE": null, "RET_FONDO": null, "RET_LATERA": null, "PARC_SUP_M": null, "PARC_ANC_M": 0.0, "INC_PRM": null, "COLOR_HEX": "#9AD66E" }, "bbox": [ -57.9439510755, -34.9116355665, -57.9409682392, -34.9092430596 ], "geometry": { "type": "MultiPolygon", "coordinates": [ [ [ [ -57.9435527846, -34.9092430596 ], [ -57.9429334009, -34.909700542 ], [ -57.9409682392, -34.9111519705 ], [ -57.941081373, -34.9112570266 ], [ -57.9414359613, -34.9112156623 ], [ -57.9415564048, -34.911211029 ], [ -57.9416784203, -34.9112168782 ], [ -57.9418223937, -34.9112334347 ], [ -57.9419420071, -34.911259042 ], [ -57.9420030864, -34.9112752972 ], [ -57.9421351698, -34.9113194036 ], [ -57.9422296921, -34.9113586041 ], [ -57.9423517895, -34.9114236872 ], [ -57.9424625392, -34.9114939971 ], [ -57.9426431141, -34.9116355665 ], [ -57.9439510755, -34.9106629533 ], [ -57.9438523011, -34.9105473734 ], [ -57.9437097901, -34.9103302671 ], [ -57.9436453483, -34.9102071311 ], [ -57.9436091245, -34.9101053152 ], [ -57.9435712909, -34.9099503135 ], [ -57.9435605476, -34.9098638337 ], [ -57.9435498043, -34.909777354 ], [ -57.9435521443, -34.9097277079 ], [ -57.9435649624, -34.9096405357 ], [ -57.9436022491, -34.9095376577 ], [ -57.9436499474, -34.9094536143 ], [ -57.9436976447, -34.9093695708 ], [ -57.9435527846, -34.9092430596 ] ] ] ] } },
{ "type": "Feature", "properties": { "ZONA_COD": "AU-CC1", "ZONA_DESC": "CORREDOR CENTRALIDAD 1", "AREA_TIPO": "Urbana", "DENOM": "Corredor Central. 1", "FOS_MAX": "0.6", "FOT_RES": "2.5", "FOT_COM": "3.0", "FOT_MIN": "0.75", "DENS_RES": "1000", "DENS_COM": "2000", "ALTURA_M": 30.0, "NIVELES": 10.0, "CUF_AV": "20", "CUF_CAL": "25", "RET_FRENTE": "NO", "RET_FONDO": "SI", "RET_LATERA": "NO", "PARC_SUP_M": "900", "PARC_ANC_M": 30.0, "INC_PRM": "Art 289 COT Ord 12692 (Art. 47 del Dec.ley 8912/77 por mejora morfológica) - Receptor APU (Ver Titulo 9 Cap 1 y 2- COT Ord 12692)", "COLOR_HEX": "#D51A1A" }, "bbox": [ -57.9933712897, -34.9373278835, -57.9435498043, -34.8894272915 ], "geometry": { "type": "MultiPolygon", "coordinates": [ [ [ [ -57.9535877744, -34.8922443234 ], [ -57.9524333776, -34.8923751829 ], [ -57.9497400583, -34.8943791952 ], [ -57.9494718355, -34.8941379269 ], [ -57.9481764942, -34.8948548359 ], [ -57.9496651034, -34.8962152673 ], [ -57.9520056376, -34.8944692893 ], [ -57.9542186182, -34.8928115744 ], [ -57.9552353719, -34.8937172717 ], [ -57.9563906266, -34.8928854033 ], [ -57.9573967108, -34.8938105287 ], [ -57.9585244444, -34.8929837865 ], [ -57.9605414691, -34.8948219675 ], [ -57.962642825, -34.8967469717 ], [ -57.9667023971, -34.9004628103 ], [ -57.962230342, -34.903813436 ], [ -57.9581596848, -34.9001055654 ], [ -57.9560540527, -34.8981532991 ], [ -57.9536965132, -34.8999001989 ], [ -57.9525665942, -34.9007344298 ], [ -57.9536911119, -34.9017535956 ], [ -57.9491273654, -34.9051252429 ], [ -57.9459665677, -34.9074601375 ], [ -57.9435527846, -34.9092430596 ], [ -57.9436976447, -34.9093695708 ], [ -57.9436499474, -34.9094536143 ], [ -57.9436022491, -34.9095376577 ], [ -57.9435649624, -34.9096405357 ], [ -57.9435521443, -34.9097277079 ], [ -57.9435498043, -34.909777354 ], [ -57.9435605476, -34.9098638337 ], [ -57.9435712909, -34.9099503135 ], [ -57.9436091245, -34.9101053152 ], [ -57.9436453483, -34.9102071311 ], [ -57.9437097901, -34.9103302671 ], [ -57.9438523011, -34.9105473734 ], [ -57.9439510755, -34.9106629533 ], [ -57.9445913415, -34.9101840473 ], [ -57.9489821762, -34.9069268674 ], [ -57.9530283259, -34.9106219272 ], [ -57.9486551431, -34.9138866056 ], [ -57.9486327095, -34.9141407045 ], [ -57.9487954643, -34.9141507104 ], [ -57.94899178, -34.9142175039 ], [ -57.9491720563, -34.9143438767 ], [ -57.9493022539, -34.9145140401 ], [ -57.9493552761, -34.9146936824 ], [ -57.9493414832, -34.9148744137 ], [ -57.9497019207, -34.9148565856 ], [ -57.9507531445, -34.9158108805 ], [ -57.9551695083, -34.9125836273 ], [ -57.9591777471, -34.9162245686 ], [ -57.9548029734, -34.9195100295 ], [ -57.9569213723, -34.9214226347 ], [ -57.9612860565, -34.9181394312 ], [ -57.965379587, -34.9218705862 ], [ -57.9609914674, -34.9251182512 ], [ -57.9620441068, -34.9260893176 ], [ -57.9630982201, -34.9270549484 ], [ -57.9675110009, -34.9237862707 ], [ -57.9715502915, -34.9274864755 ], [ -57.9736571629, -34.9293771239 ], [ -57.9776974806, -34.9330959374 ], [ -57.9733190673, -34.9363651089 ], [ -57.9743705052, -34.9373278835 ], [ -57.9933712897, -34.9232741095 ], [ -57.993333198, -34.9228588089 ], [ -57.9750629499, -34.9061602052 ], [ -57.956812647, -34.8894385304 ], [ -57.9563948417, -34.8894272915 ], [ -57.9531438177, -34.8918465407 ], [ -57.9535877744, -34.8922443234 ] ], [ [ -57.976654731, -34.9169456873 ], [ -57.9745218305, -34.9150378763 ], [ -57.9704766934, -34.9113429514 ], [ -57.9749709906, -34.9080114767 ], [ -57.9790251992, -34.9116931654 ], [ -57.989319467, -34.9210904279 ], [ -57.9882013957, -34.9219252721 ], [ -57.9887447885, -34.9224259571 ], [ -57.9891924917, -34.9228384671 ], [ -57.988688321, -34.9232310823 ], [ -57.9880859263, -34.9236785454 ], [ -57.9891544028, -34.9246356138 ], [ -57.9868706023, -34.9262808929 ], [ -57.9845218582, -34.9280116148 ], [ -57.9800408107, -34.9313598601 ], [ -57.9759892984, -34.9276456178 ], [ -57.9752341709, -34.9269533008 ], [ -57.974654762, -34.9264100869 ], [ -57.9738877338, -34.9257102578 ], [ -57.9698458019, -34.922022166 ], [ -57.9743156259, -34.9186937508 ], [ -57.976654731, -34.9169456873 ] ], [ [ -57.9598987398, -34.9055431642 ], [ -57.9553815504, -34.9088542881 ], [ -57.9513172038, -34.9051883268 ], [ -57.9558162341, -34.9018631582 ], [ -57.9598987398, -34.9055431642 ] ], [ [ -57.9670371068, -34.9139003077 ], [ -57.9649157572, -34.9120054226 ], [ -57.9621094443, -34.9140798627 ], [ -57.9615376814, -34.9144975798 ], [ -57.9575136667, -34.9108010226 ], [ -57.9580731431, -34.9103977864 ], [ -57.9620026174, -34.9074593973 ], [ -57.9660494596, -34.911168965 ], [ -57.9681488568, -34.9130737048 ], [ -57.9721987926, -34.9167647068 ], [ -57.9677230125, -34.9201113818 ], [ -57.9636625177, -34.9164107004 ], [ -57.9670371068, -34.9139003077 ] ], [ [ -57.9682240176, -34.9225533569 ], [ -57.9681696491, -34.9225706508 ], [ -57.9676729419, -34.9227108587 ], [ -57.9675955012, -34.9227186648 ], [ -57.9675489577, -34.9227159039 ], [ -57.967494135, -34.9227028206 ], [ -57.9668485567, -34.9224819462 ], [ -57.9666513219, -34.9220279558 ], [ -57.9666671041, -34.921756419 ], [ -57.9669026536, -34.9213803261 ], [ -57.9670299545, -34.9212895441 ], [ -57.9674188249, -34.9211560055 ], [ -57.9674879144, -34.9211451759 ], [ -57.9675837552, -34.9211498434 ], [ -57.9682544111, -34.9213517565 ], [ -57.9683367593, -34.921388912 ], [ -57.9683739013, -34.9214268427 ], [ -57.9684014889, -34.9214838993 ], [ -57.9685451628, -34.9218384903 ], [ -57.9685332666, -34.9220990985 ], [ -57.9682739624, -34.9225158012 ], [ -57.9682240176, -34.9225533569 ] ], [ [ -57.9731630952, -34.9279744845 ], [ -57.9732319617, -34.9270877737 ], [ -57.9743401072, -34.9271223913 ], [ -57.9742779407, -34.9280263385 ], [ -57.9731630952, -34.9279744845 ] ], [ [ -57.9563817926, -34.9004095453 ], [ -57.9560191626, -34.9006748857 ], [ -57.9559959466, -34.900689185 ], [ -57.9559700857, -34.9006998347 ], [ -57.9559423506, -34.9007066678 ], [ -57.9559136226, -34.9007094287 ], [ -57.9558847769, -34.9007081328 ], [ -57.9558565822, -34.9007026118 ], [ -57.9558300153, -34.9006932427 ], [ -57.9558058371, -34.9006801288 ], [ -57.9557848019, -34.9006638241 ], [ -57.9555563606, -34.900462527 ], [ -57.9555487847, -34.9004548297 ], [ -57.9555430947, -34.9004460829 ], [ -57.9555393904, -34.9004366481 ], [ -57.9555377734, -34.9004268878 ], [ -57.9555383463, -34.9004169845 ], [ -57.955540993, -34.9004072961 ], [ -57.9555458116, -34.900398275 ], [ -57.9555524702, -34.9003900057 ], [ -57.9555608492, -34.900382937 ], [ -57.9559791652, -34.9000709055 ], [ -57.9563974786, -34.8997588732 ], [ -57.9564128264, -34.8997486776 ], [ -57.9564310332, -34.8997423149 ], [ -57.9564505556, -34.8997402095 ], [ -57.9564699666, -34.8997426089 ], [ -57.9564879594, -34.8997493107 ], [ -57.9565030167, -34.8997596574 ], [ -57.9565141692, -34.8997730924 ], [ -57.95652046, -34.8997885184 ], [ -57.9565213719, -34.8998046649 ], [ -57.9565160317, -34.8999914837 ], [ -57.9565106915, -34.9001783026 ], [ -57.9565077858, -34.9002072724 ], [ -57.9565018278, -34.9002358304 ], [ -57.956492929, -34.9002638884 ], [ -57.9564810948, -34.9002911756 ], [ -57.9564663316, -34.9003175131 ], [ -57.956448971, -34.9003427247 ], [ -57.9564289099, -34.9003665397 ], [ -57.956406479, -34.9003888725 ], [ -57.9563817926, -34.9004095453 ] ], [ [ -57.9563169982, -34.8994885118 ], [ -57.9563086282, -34.8994952198 ], [ -57.9554548614, -34.9001134974 ], [ -57.9554400019, -34.9001216282 ], [ -57.9554231495, -34.900126302 ], [ -57.9554052961, -34.9001272625 ], [ -57.9553877548, -34.900124444 ], [ -57.9553717262, -34.9001179563 ], [ -57.9553581815, -34.900108356 ], [ -57.9553482009, -34.9000962017 ], [ -57.9553423121, -34.9000822244 ], [ -57.9553409244, -34.9000676014 ], [ -57.9553504501, -34.8998797268 ], [ -57.9553599757, -34.8996918521 ], [ -57.9553639759, -34.8996629011 ], [ -57.9553710292, -34.8996342712 ], [ -57.9553811295, -34.8996063239 ], [ -57.9553940528, -34.8995792354 ], [ -57.9554099024, -34.8995531865 ], [ -57.955428567, -34.8995283571 ], [ -57.9554391394, -34.8995166399 ], [ -57.9554497127, -34.8995049217 ], [ -57.9554614678, -34.8994940345 ], [ -57.9554732228, -34.8994831473 ], [ -57.9554990945, -34.8994632157 ], [ -57.9556772448, -34.899330178 ], [ -57.9558553942, -34.8991971395 ], [ -57.955878952, -34.8991823052 ], [ -57.9558921072, -34.8991767141 ], [ -57.9559052625, -34.8991711221 ], [ -57.9559194062, -34.8991675752 ], [ -57.9559335507, -34.8991640283 ], [ -57.9559482978, -34.8991626092 ], [ -57.9559630458, -34.89916119 ], [ -57.9559925426, -34.8991626775 ], [ -57.956021383, -34.8991685699 ], [ -57.9560483725, -34.8991785766 ], [ -57.9560727505, -34.8991924145 ], [ -57.9560938746, -34.8992095322 ], [ -57.9562053312, -34.8993135577 ], [ -57.9563167869, -34.8994175841 ], [ -57.9563237018, -34.8994254504 ], [ -57.9563288477, -34.8994340983 ], [ -57.956332007, -34.8994434342 ], [ -57.9563330826, -34.8994530048 ], [ -57.9563320781, -34.8994626302 ], [ -57.9563288945, -34.8994719499 ], [ -57.9563238646, -34.8994806967 ], [ -57.9563169982, -34.8994885118 ] ], [ [ -57.975315734, -34.9168931012 ], [ -57.9743698928, -34.9176231655 ], [ -57.9734761501, -34.9168303304 ], [ -57.974424416, -34.916094738 ], [ -57.975315734, -34.9168931012 ] ], [ [ -57.968789639, -34.9023839592 ], [ -57.9728607188, -34.9060957247 ], [ -57.9683727691, -34.909430276 ], [ -57.9642789589, -34.9057215438 ], [ -57.968789639, -34.9023839592 ] ], [ [ -57.9621079937, -34.9062598843 ], [ -57.962073207, -34.9062598411 ], [ -57.9620560444, -34.9062593735 ], [ -57.9620353096, -34.9062573131 ], [ -57.9620038189, -34.9062522787 ], [ -57.9619681662, -34.9062430292 ], [ -57.961946363, -34.9062355441 ], [ -57.9619189022, -34.9062223763 ], [ -57.9618853135, -34.9062004544 ], [ -57.9618809239, -34.9061965963 ], [ -57.9617918739, -34.9061214741 ], [ -57.9617877028, -34.9061176187 ], [ -57.9617871102, -34.9061164271 ], [ -57.9615156687, -34.9058288167 ], [ -57.9615156687, -34.9058288167 ], [ -57.961474147, -34.9057959025 ], [ -57.9614326253, -34.9057629873 ], [ -57.961415522, -34.905746839 ], [ -57.9613998729, -34.9057293643 ], [ -57.9613980806, -34.9057266304 ], [ -57.9613953583, -34.9057217183 ], [ -57.9613911405, -34.9057153394 ], [ -57.961387277, -34.905707884 ], [ -57.9613834135, -34.9057004295 ], [ -57.9613780059, -34.9056890738 ], [ -57.961376004, -34.9056859765 ], [ -57.9613737233, -34.9056808909 ], [ -57.96137194, -34.9056777972 ], [ -57.9613673399, -34.905660327 ], [ -57.9613643911, -34.9056512654 ], [ -57.9613627822, -34.9056411453 ], [ -57.9613617021, -34.9056361703 ], [ -57.9613598585, -34.9056310927 ], [ -57.9613591975, -34.9056268461 ], [ -57.9613595077, -34.9056231562 ], [ -57.9613591876, -34.9056183745 ], [ -57.9613586165, -34.90561494 ], [ -57.9613585581, -34.9056084505 ], [ -57.9613593549, -34.9056027865 ], [ -57.9613594951, -34.9055971118 ], [ -57.9613605483, -34.905589919 ], [ -57.9613608729, -34.905581183 ], [ -57.9613630439, -34.9055686033 ], [ -57.9613649918, -34.9055606146 ], [ -57.9613681691, -34.9055515666 ], [ -57.9613687006, -34.9055477903 ], [ -57.9613719597, -34.9055354084 ], [ -57.9613793414, -34.9055200318 ], [ -57.9613903932, -34.9055021929 ], [ -57.9614017804, -34.9054840895 ], [ -57.961408555, -34.9054755514 ], [ -57.9614196337, -34.9054633008 ], [ -57.9614307116, -34.9054510502 ], [ -57.9614328447, -34.9054488334 ], [ -57.9614464677, -34.9054376171 ], [ -57.9614524796, -34.905433392 ], [ -57.9616916552, -34.905252479 ], [ -57.9619308308, -34.9050715651 ], [ -57.9619382907, -34.9050662834 ], [ -57.9619589338, -34.9050542828 ], [ -57.9619795777, -34.9050422832 ], [ -57.9620148716, -34.9050262024 ], [ -57.9620234718, -34.9050234631 ], [ -57.9620312042, -34.9050204386 ], [ -57.9620475494, -34.9050163872 ], [ -57.9620638945, -34.9050123358 ], [ -57.9620730253, -34.9050102358 ], [ -57.9621101116, -34.9050057212 ], [ -57.9621262526, -34.9050054964 ], [ -57.9621423937, -34.9050052707 ], [ -57.9621621724, -34.9050061439 ], [ -57.9621755912, -34.9050076305 ], [ -57.96218901, -34.9050091171 ], [ -57.9621981094, -34.9050105317 ], [ -57.9622072087, -34.9050119454 ], [ -57.962219837, -34.9050144105 ], [ -57.9622388459, -34.9050198658 ], [ -57.9622533826, -34.9050247959 ], [ -57.9622805421, -34.9050368773 ], [ -57.9623039919, -34.9050485353 ], [ -57.9623164961, -34.9050560446 ], [ -57.9623341057, -34.9050694076 ], [ -57.9624173065, -34.9051465937 ], [ -57.9624173065, -34.9051465937 ], [ -57.9624173065, -34.9051465937 ], [ -57.962707953, -34.9054348058 ], [ -57.962707953, -34.9054348058 ], [ -57.9627859071, -34.9055029816 ], [ -57.962808267, -34.9055277786 ], [ -57.9628198494, -34.9055415814 ], [ -57.9628321692, -34.9055609834 ], [ -57.9628416462, -34.9055803377 ], [ -57.9628524264, -34.9056133221 ], [ -57.9628565237, -34.9056379033 ], [ -57.9628581857, -34.9056680315 ], [ -57.9628563888, -34.9056831868 ], [ -57.9628545929, -34.9056983413 ], [ -57.962850447, -34.905715575 ], [ -57.9628443559, -34.9057318752 ], [ -57.9628422991, -34.9057398612 ], [ -57.9628373034, -34.9057516729 ], [ -57.9628284891, -34.9057674767 ], [ -57.9628182845, -34.9057820403 ], [ -57.962808079, -34.9057966039 ], [ -57.9627940406, -34.9058113276 ], [ -57.9627696087, -34.9058305641 ], [ -57.9627591514, -34.9058375986 ], [ -57.9622757226, -34.9062012359 ], [ -57.9622672294, -34.9062084835 ], [ -57.9622499975, -34.9062196396 ], [ -57.9622425736, -34.9062234806 ], [ -57.9622112763, -34.9062371944 ], [ -57.9621855773, -34.9062456849 ], [ -57.9621596975, -34.9062526411 ], [ -57.9621397029, -34.90625609 ], [ -57.9621197406, -34.9062581891 ], [ -57.9621079937, -34.9062598843 ] ], [ [ -57.9552830261, -34.9113880146 ], [ -57.9551941047, -34.9113871486 ], [ -57.9551084938, -34.9113675038 ], [ -57.9547717615, -34.911239452 ], [ -57.9545331696, -34.9110185174 ], [ -57.9544529644, -34.9107766375 ], [ -57.9544425377, -34.9107162615 ], [ -57.9544440513, -34.9106552758 ], [ -57.954457354, -34.9105953 ], [ -57.9545615333, -34.9102501834 ], [ -57.9546027357, -34.910172473 ], [ -57.9546710419, -34.9101090978 ], [ -57.9547599507, -34.9100663458 ], [ -57.9552078266, -34.909951863 ], [ -57.955265421, -34.9099454427 ], [ -57.9553233445, -34.9099477693 ], [ -57.9553799604, -34.9099587257 ], [ -57.9557522995, -34.9100933218 ], [ -57.9559693113, -34.9103198395 ], [ -57.9561021682, -34.9108563049 ], [ -57.9561023732, -34.9108921761 ], [ -57.9560916668, -34.910926872 ], [ -57.9560708664, -34.9109583339 ], [ -57.9559519535, -34.9111257588 ], [ -57.9559049145, -34.9111741721 ], [ -57.9558483246, -34.9112150354 ], [ -57.9557838585, -34.9112471152 ], [ -57.9553692441, -34.9113700003 ], [ -57.9552830261, -34.9113880146 ] ], [ [ -57.9619160865, -34.9166728959 ], [ -57.9619062407, -34.9166949896 ], [ -57.9618949524, -34.9167134554 ], [ -57.9618747815, -34.9167327629 ], [ -57.9618501086, -34.9167483005 ], [ -57.9618180586, -34.9167612804 ], [ -57.9617755575, -34.9167677771 ], [ -57.9617492137, -34.9167667942 ], [ -57.9609888926, -34.9167287106 ], [ -57.9609700437, -34.9167255099 ], [ -57.9609279033, -34.9167129967 ], [ -57.9608979613, -34.9166982559 ], [ -57.9608796214, -34.9166833488 ], [ -57.9608614893, -34.9166644792 ], [ -57.9608480255, -34.9166426248 ], [ -57.9608393848, -34.9166115685 ], [ -57.9608397742, -34.916586972 ], [ -57.9608895202, -34.9159648651 ], [ -57.9608967805, -34.9159411401 ], [ -57.9609094303, -34.915916299 ], [ -57.9609184721, -34.9159068076 ], [ -57.9609275148, -34.915897317 ], [ -57.9609441523, -34.9158837175 ], [ -57.9609611503, -34.915873279 ], [ -57.9609905438, -34.9158615159 ], [ -57.961019591, -34.9158548834 ], [ -57.9610562626, -34.9158540578 ], [ -57.9618410938, -34.9158917412 ], [ -57.9618871733, -34.9158998135 ], [ -57.9619146511, -34.9159124409 ], [ -57.9619352294, -34.9159253129 ], [ -57.9619544686, -34.91594366 ], [ -57.961971321, -34.915965661 ], [ -57.9619830347, -34.915996318 ], [ -57.9619858244, -34.9160251134 ], [ -57.9619286203, -34.9166129058 ], [ -57.9619160865, -34.9166728959 ] ] ] ] } },
{ "type": "Feature", "properties": { "ZONA_COD": "AU-R3", "ZONA_DESC": "RESIDENCIAL 3", "AREA_TIPO": "Urbana", "DENOM": "Residencial 3", "FOS_MAX": "0.6", "FOT_RES": "1.2", "FOT_COM": null, "FOT_MIN": "NO", "DENS_RES": "300", "DENS_COM": null, "ALTURA_M": 9.0, "NIVELES": 3.0, "CUF_AV": "80", "CUF_CAL": "100", "RET_FRENTE": "NO", "RET_FONDO": "SI", "RET_LATERA": "SI", "PARC_SUP_M": "375", "PARC_ANC_M": 15.0, "INC_PRM": "CUF x 2.0 (por Distrito de interes urbanistico Ver COT Art 16 , 244 y 286 Ord 12692)", "COLOR_HEX": "#5290CE" }, "bbox": [ -57.9966419252, -34.9588012379, -57.9807883074, -34.9466573631 ], "geometry": { "type": "MultiPolygon", "coordinates": [ [ [ [ -57.9966419252, -34.9503452679 ], [ -57.9936676576, -34.9476378589 ], [ -57.9935045377, -34.947506414 ], [ -57.9925819817, -34.9466573631 ], [ -57.9913823724, -34.9475665139 ], [ -57.9903871862, -34.9482957615 ], [ -57.9834779279, -34.9534298985 ], [ -57.9831915918, -34.9531694557 ], [ -57.9818831484, -34.9541502401 ], [ -57.9819550087, -34.9542162846 ], [ -57.9807883074, -34.955077389 ], [ -57.9815287463, -34.9557458182 ], [ -57.981633859, -34.9558658139 ], [ -57.9829682452, -34.9570754218 ], [ -57.9832142484, -34.9568930887 ], [ -57.9852950117, -34.9588012379 ], [ -57.9896783037, -34.9555437801 ], [ -57.9907910115, -34.9546687623 ], [ -57.9911691692, -34.9544087494 ], [ -57.991988475, -34.9538141734 ], [ -57.9921339601, -34.9537045128 ], [ -57.9954272343, -34.9512631493 ], [ -57.9956251589, -34.9511130695 ], [ -57.9966419252, -34.9503452679 ] ] ] ] } },
{ "type": "Feature", "properties": { "ZONA_COD": "AU-EV", "ZONA_DESC": "ESPACIO VERDE", "AREA_TIPO": "Urbana", "DENOM": "Espacio Verde", "FOS_MAX": null, "FOT_RES": null, "FOT_COM": null, "FOT_MIN": null, "DENS_RES": null, "DENS_COM": null, "ALTURA_M": 0.0, "NIVELES": 0.0, "CUF_AV": null, "CUF_CAL": null, "RET_FRENTE": null, "RET_FONDO": null, "RET_LATERA": null, "PARC_SUP_M": null, "PARC_ANC_M": 0.0, "INC_PRM": null, "COLOR_HEX": "#9AD66E" }, "bbox": [ -57.9987122635, -34.959597798, -57.9979561387, -34.9589964744 ], "geometry": { "type": "MultiPolygon", "coordinates": [ [ [ [ -57.9979561387, -34.9595787099 ], [ -57.9986703811, -34.959597798 ], [ -57.9987122635, -34.9590247914 ], [ -57.9983559584, -34.9590106333 ], [ -57.9979996533, -34.9589964744 ], [ -57.9979561387, -34.9595787099 ] ] ] ] } },
{ "type": "Feature", "properties": { "ZONA_COD": "AU-EV", "ZONA_DESC": "ESPACIO VERDE", "AREA_TIPO": "Urbana", "DENOM": "Espacio Verde", "FOS_MAX": null, "FOT_RES": null, "FOT_COM": null, "FOT_MIN": null, "DENS_RES": null, "DENS_COM": null, "ALTURA_M": 0.0, "NIVELES": 0.0, "CUF_AV": null, "CUF_CAL": null, "RET_FRENTE": null, "RET_FONDO": null, "RET_LATERA": null, "PARC_SUP_M": null, "PARC_ANC_M": 0.0, "INC_PRM": null, "COLOR_HEX": "#9AD66E" }, "bbox": [ -57.9961837818, -34.964975894, -57.9954385019, -34.9643633676 ], "geometry": { "type": "MultiPolygon", "coordinates": [ [ [ [ -57.9961837818, -34.9643863974 ], [ -57.9954766682, -34.9643633676 ], [ -57.9954385019, -34.9649560073 ], [ -57.9961611125, -34.964975894 ], [ -57.9961837818, -34.9643863974 ] ] ] ] } },
{ "type": "Feature", "properties": { "ZONA_COD": "AU-CC4", "ZONA_DESC": "CORREDOR CENTRALIDAD 4", "AREA_TIPO": "Urbana", "DENOM": "Corredor Central. 4", "FOS_MAX": "0.6", "FOT_RES": "1.2", "FOT_COM": null, "FOT_MIN": "NO", "DENS_RES": "300", "DENS_COM": null, "ALTURA_M": 12.0, "NIVELES": 4.0, "CUF_AV": "50", "CUF_CAL": "60", "RET_FRENTE": "NO", "RET_FONDO": "SI", "RET_LATERA": "NO", "PARC_SUP_M": "375", "PARC_ANC_M": 15.0, "INC_PRM": "Art 289 COT Ord 12692 (Art. 47 del Dec.ley 8912/77 por mejora morfológica)", "COLOR_HEX": "#C69C9C" }, "bbox": [ -58.0390554476, -34.9834533729, -57.9580128345, -34.924072328 ], "geometry": { "type": "MultiPolygon", "coordinates": [ [ [ [ -57.9954385019, -34.9649560073 ], [ -57.9954766682, -34.9643633676 ], [ -57.9961837818, -34.9643863974 ], [ -57.9969326553, -34.9638282116 ], [ -57.9990461593, -34.9622528053 ], [ -57.9993977186, -34.9619907438 ], [ -58.0016253196, -34.9603301645 ], [ -58.0037127144, -34.958774001 ], [ -58.0037733179, -34.9587288191 ], [ -58.0038440559, -34.9586765568 ], [ -58.0048634167, -34.9579234222 ], [ -58.0052801859, -34.9583030225 ], [ -58.0052525552, -34.9583236529 ], [ -58.0057986487, -34.9588216156 ], [ -58.0059047084, -34.9589124858 ], [ -58.0059796247, -34.9588571991 ], [ -58.006697227, -34.9595071949 ], [ -58.0079108144, -34.9606079291 ], [ -58.0089154471, -34.9615154188 ], [ -58.0090532808, -34.9616568992 ], [ -58.0101381905, -34.9626243818 ], [ -58.0099878581, -34.9627337951 ], [ -58.0109946455, -34.9636446456 ], [ -58.0112797333, -34.9639057332 ], [ -58.0114177217, -34.9638003173 ], [ -58.0117791115, -34.9641265824 ], [ -58.011848103, -34.9640744388 ], [ -58.0122130533, -34.9644064694 ], [ -58.013478448, -34.9655571034 ], [ -58.0134213473, -34.9656027143 ], [ -58.0140208929, -34.9661465793 ], [ -58.0154970734, -34.9674810644 ], [ -58.0162133717, -34.9681236786 ], [ -58.016267099, -34.9680845428 ], [ -58.0185608568, -34.9663949388 ], [ -58.016587291, -34.9646087422 ], [ -58.016411433, -34.9644756578 ], [ -58.0160685431, -34.9641567277 ], [ -58.0136609411, -34.9620010248 ], [ -58.0139112251, -34.961815912 ], [ -58.0127264196, -34.9607151724 ], [ -58.0122788171, -34.9606949799 ], [ -58.0116753639, -34.9601445957 ], [ -58.0117054364, -34.9595587261 ], [ -58.011017205, -34.9595531853 ], [ -58.0103821676, -34.9589932701 ], [ -58.0102574532, -34.9588332708 ], [ -58.0073013664, -34.9561423986 ], [ -58.0069950672, -34.9563746377 ], [ -58.0069668473, -34.9563544002 ], [ -58.0069287134, -34.9563831363 ], [ -58.0069498538, -34.9558086152 ], [ -58.0076774539, -34.955828921 ], [ -58.0083883598, -34.9553032367 ], [ -58.0084670802, -34.9552449057 ], [ -58.0094660768, -34.9545046486 ], [ -58.0097341917, -34.9543059721 ], [ -58.0097428432, -34.9542995609 ], [ -58.010731127, -34.9535672151 ], [ -58.0117312037, -34.9528261071 ], [ -58.0128162628, -34.9538169487 ], [ -58.0138299696, -34.9547328452 ], [ -58.0167516061, -34.9574068894 ], [ -58.0169764798, -34.9575734996 ], [ -58.0229180532, -34.9630282332 ], [ -58.0230043081, -34.9631026638 ], [ -58.0253845465, -34.9613294111 ], [ -58.0191301106, -34.955634975 ], [ -58.0161997164, -34.9528978047 ], [ -58.0160338545, -34.952738827 ], [ -58.0155787274, -34.9523076435 ], [ -58.0154854119, -34.9522192428 ], [ -58.0150302902, -34.9517880575 ], [ -58.0149369766, -34.9516996559 ], [ -58.0144818602, -34.9512684688 ], [ -58.0144195723, -34.9512091279 ], [ -58.0154548323, -34.9504653022 ], [ -58.0152119128, -34.9502375552 ], [ -58.0175527204, -34.9485116258 ], [ -58.0185775419, -34.9477520251 ], [ -58.0195001852, -34.9485984365 ], [ -58.0197114728, -34.948746017 ], [ -58.0205445013, -34.9495097537 ], [ -58.020707597, -34.9496762011 ], [ -58.0215369032, -34.9504300434 ], [ -58.0217322126, -34.9505806358 ], [ -58.0235994453, -34.952266951 ], [ -58.0238076041, -34.9525455043 ], [ -58.0246937133, -34.9533387405 ], [ -58.0248413559, -34.9534451483 ], [ -58.0277846212, -34.9560595683 ], [ -58.0278939194, -34.9561890994 ], [ -58.0287781373, -34.9569814561 ], [ -58.0289048122, -34.9570916141 ], [ -58.0299211837, -34.9579924434 ], [ -58.0322322903, -34.9562732121 ], [ -58.026211992, -34.9507501742 ], [ -58.025941395, -34.9505216672 ], [ -58.023987018, -34.9488325615 ], [ -58.0239157341, -34.9486833334 ], [ -58.0229479116, -34.9478420752 ], [ -58.0219725456, -34.9469876194 ], [ -58.0218835181, -34.946850346 ], [ -58.0209356525, -34.9459992393 ], [ -58.0254051571, -34.9426647105 ], [ -58.0265242978, -34.9436568327 ], [ -58.0274771043, -34.9445077316 ], [ -58.0284342159, -34.9453624788 ], [ -58.0285891556, -34.9454783663 ], [ -58.0305161392, -34.9471787604 ], [ -58.0306089016, -34.9474005197 ], [ -58.0325951955, -34.9492149451 ], [ -58.0367073923, -34.9529438482 ], [ -58.0378344056, -34.9521053077 ], [ -58.0390554476, -34.9512020754 ], [ -58.0329197114, -34.9456006445 ], [ -58.0308002899, -34.9437316068 ], [ -58.0308350289, -34.9437055957 ], [ -58.0277640573, -34.9409310757 ], [ -58.0322391773, -34.9375752609 ], [ -58.0301213494, -34.9356535653 ], [ -58.0256299804, -34.9389944999 ], [ -58.024678674, -34.9381351671 ], [ -58.0245145567, -34.938034926 ], [ -58.0226188623, -34.9363308537 ], [ -58.0226400548, -34.936048373 ], [ -58.0216896, -34.9352074943 ], [ -58.0260522733, -34.9319692623 ], [ -58.0251048123, -34.9311142993 ], [ -58.0248957928, -34.9308841115 ], [ -58.0240968441, -34.9301414595 ], [ -58.0240230853, -34.9301941247 ], [ -58.0238032856, -34.9303566402 ], [ -58.023583378, -34.930519065 ], [ -58.0234855668, -34.9305912824 ], [ -58.0232657671, -34.9307537071 ], [ -58.0230458577, -34.9309161301 ], [ -58.0229662335, -34.9309739097 ], [ -58.0195655623, -34.9335111355 ], [ -58.0188910222, -34.9328935738 ], [ -58.0175192134, -34.9316023614 ], [ -58.0172771222, -34.9315156622 ], [ -58.015336968, -34.9297459529 ], [ -58.0166633907, -34.9287680463 ], [ -58.0178586347, -34.9278711911 ], [ -58.0199303957, -34.9263468348 ], [ -58.0189665689, -34.9254526057 ], [ -58.0187155627, -34.9252896611 ], [ -58.0177916055, -34.9244471825 ], [ -58.0148430586, -34.9266089324 ], [ -58.0148832493, -34.9266465312 ], [ -58.0146338061, -34.9268273939 ], [ -58.0135621587, -34.9275971659 ], [ -58.0135186234, -34.9275579725 ], [ -58.0132794532, -34.927739864 ], [ -58.0092292448, -34.924072328 ], [ -58.0081827343, -34.9248400972 ], [ -58.0079101606, -34.9250626902 ], [ -58.0069111343, -34.9258030993 ], [ -58.0109521112, -34.9294966842 ], [ -58.0064712058, -34.932834679 ], [ -58.0024226594, -34.9291382118 ], [ -58.0024224292, -34.9291383817 ], [ -58.000085057, -34.9308746003 ], [ -58.0030481837, -34.9335754092 ], [ -58.0032318343, -34.933702531 ], [ -58.0041482363, -34.9345618908 ], [ -58.0030012706, -34.9354249909 ], [ -58.0029489786, -34.9353768924 ], [ -58.0006131011, -34.937099247 ], [ -58.000691861, -34.9371717962 ], [ -58.0002127679, -34.9375134847 ], [ -57.9996696664, -34.9379025979 ], [ -57.9996346189, -34.9379277079 ], [ -57.9991375385, -34.9374689188 ], [ -57.9987082129, -34.9370727953 ], [ -57.9985702425, -34.9369454935 ], [ -57.9985427323, -34.9369652579 ], [ -57.9981163862, -34.9365593588 ], [ -57.9976127155, -34.936079727 ], [ -57.9978460203, -34.9359091004 ], [ -57.9969055507, -34.9350446604 ], [ -57.9967842645, -34.9349331777 ], [ -57.9964650672, -34.9351714396 ], [ -57.9960009172, -34.9347142441 ], [ -57.9955367726, -34.9342570458 ], [ -57.9932354668, -34.9359817872 ], [ -57.994159514, -34.9368316151 ], [ -57.994359543, -34.936976227 ], [ -57.9972918688, -34.9396664859 ], [ -57.9962250813, -34.9404665057 ], [ -57.995691679, -34.9408665125 ], [ -57.9951582722, -34.9412665156 ], [ -57.9938671408, -34.9422252487 ], [ -57.9928194773, -34.943019628 ], [ -57.9937528144, -34.9438405192 ], [ -57.9949293957, -34.9449108968 ], [ -57.9956339138, -34.9443949998 ], [ -57.9965764249, -34.9437048124 ], [ -57.9972157925, -34.9432366011 ], [ -57.9982231717, -34.9425441744 ], [ -57.9982498824, -34.9425228748 ], [ -57.9983477116, -34.9424448649 ], [ -57.9993890869, -34.9416602271 ], [ -58.0003535505, -34.9425366695 ], [ -58.0004529103, -34.9425553386 ], [ -58.0023584676, -34.9442861873 ], [ -58.0025255625, -34.9443956383 ], [ -58.0034800067, -34.9452681966 ], [ -58.002421278, -34.9460369038 ], [ -58.0022224217, -34.9462393762 ], [ -58.0012832138, -34.9469483964 ], [ -57.9989925201, -34.9486001416 ], [ -57.9949432201, -34.9449234496 ], [ -57.9925819817, -34.9466573631 ], [ -57.9935045377, -34.947506414 ], [ -57.9936676576, -34.9476378589 ], [ -57.9966419252, -34.9503452679 ], [ -57.9956251589, -34.9511130695 ], [ -57.9954272343, -34.9512631493 ], [ -57.9921339601, -34.9537045128 ], [ -57.991988475, -34.9538141734 ], [ -57.9911691692, -34.9544087494 ], [ -57.9907910115, -34.9546687623 ], [ -57.9896783037, -34.9555437801 ], [ -57.9852950117, -34.9588012379 ], [ -57.9832142484, -34.9568930887 ], [ -57.9829682452, -34.9570754218 ], [ -57.981633859, -34.9558658139 ], [ -57.9808665314, -34.9564365002 ], [ -57.9802363629, -34.9558624513 ], [ -57.9789270741, -34.9568416475 ], [ -57.976799324, -34.9549187603 ], [ -57.9723032534, -34.9582617544 ], [ -57.9682669333, -34.9545705896 ], [ -57.9659054889, -34.9563039564 ], [ -57.9699623766, -34.9600017932 ], [ -57.9654964764, -34.9633694764 ], [ -57.9634347905, -34.9614890983 ], [ -57.9613954698, -34.9596556109 ], [ -57.9603500169, -34.9604324831 ], [ -57.9602157563, -34.9605322494 ], [ -57.9591582884, -34.9595856077 ], [ -57.9580128345, -34.9604367495 ], [ -57.9590612498, -34.9613910965 ], [ -57.9620354445, -34.9640901077 ], [ -57.962151681, -34.9642391442 ], [ -57.9640554612, -34.9659312303 ], [ -57.9642384157, -34.9662075983 ], [ -57.9654243436, -34.9672990416 ], [ -57.9655140015, -34.9672375316 ], [ -57.9671548937, -34.9687554874 ], [ -57.9671827457, -34.9687347004 ], [ -57.9679942984, -34.9694705932 ], [ -57.9679709655, -34.9694879708 ], [ -57.9692036446, -34.970612654 ], [ -57.9692884381, -34.9706872887 ], [ -57.9710749692, -34.9723105047 ], [ -57.971790352, -34.9723416491 ], [ -57.9717536075, -34.97293954 ], [ -57.9731009359, -34.9741391007 ], [ -57.9738085018, -34.9741732552 ], [ -57.9737252911, -34.974234749 ], [ -57.9734122452, -34.9744663029 ], [ -57.9744538786, -34.9753869326 ], [ -57.9743360908, -34.9754743197 ], [ -57.9753439296, -34.976384412 ], [ -57.976413683, -34.9773490185 ], [ -57.9764641089, -34.977309988 ], [ -57.9775796181, -34.9782634654 ], [ -57.9775796181, -34.9782634654 ], [ -57.9775796181, -34.9782634654 ], [ -57.9785935183, -34.9791802622 ], [ -57.9826069309, -34.9828090248 ], [ -57.9827025, -34.9828975082 ], [ -57.9849975159, -34.9811698224 ], [ -57.9819817096, -34.9783652408 ], [ -57.9808620321, -34.9773631181 ], [ -57.9808231139, -34.9773912282 ], [ -57.9798811217, -34.9765338308 ], [ -57.9809541271, -34.9757135367 ], [ -57.9844040731, -34.9731616402 ], [ -57.9863776074, -34.9749595954 ], [ -57.9894192045, -34.977692163 ], [ -57.9896346983, -34.9779657412 ], [ -57.9915501157, -34.9796884987 ], [ -57.9916937465, -34.9797441308 ], [ -57.9922923109, -34.9802843616 ], [ -57.992316187, -34.9804032304 ], [ -57.9925715729, -34.9806438422 ], [ -57.9935680865, -34.9815589015 ], [ -57.9945649418, -34.9824743187 ], [ -57.9950559896, -34.9829251884 ], [ -57.995547042, -34.9833760564 ], [ -57.9955906078, -34.9834147146 ], [ -57.9956341728, -34.9834533729 ], [ -57.9980441643, -34.9817168495 ], [ -57.9949574168, -34.9788912857 ], [ -57.9920103546, -34.9761933394 ], [ -57.991898648, -34.9760952197 ], [ -57.9918642597, -34.9761207776 ], [ -57.9867556851, -34.9714345947 ], [ -57.9879326747, -34.9705687508 ], [ -57.9884576944, -34.9701815298 ], [ -57.9889119734, -34.9698483138 ], [ -57.9890725842, -34.9697792009 ], [ -57.9901212909, -34.9689592405 ], [ -57.9912256287, -34.9681248873 ], [ -57.9922982006, -34.9691030214 ], [ -57.9923477056, -34.9690663875 ], [ -57.9932218745, -34.9698737755 ], [ -57.9952519465, -34.9716943666 ], [ -57.9953268403, -34.9718462882 ], [ -57.9964598943, -34.9728422541 ], [ -57.9973544796, -34.9737165893 ], [ -57.9993565558, -34.9754930598 ], [ -57.9993447522, -34.9755019514 ], [ -58.0003057641, -34.9763686964 ], [ -58.0004611103, -34.9765268538 ], [ -58.0013272815, -34.9773223869 ], [ -58.0015049894, -34.9774612566 ], [ -58.0024870607, -34.9783445582 ], [ -58.0047939504, -34.9766346565 ], [ -58.0038115031, -34.9757319395 ], [ -58.0036665351, -34.9755968874 ], [ -58.0027943312, -34.9748037285 ], [ -58.0026282624, -34.974677336 ], [ -58.0017641929, -34.9738777524 ], [ -58.0016244031, -34.9737345938 ], [ -57.9987445257, -34.971141887 ], [ -57.9986586468, -34.9709914241 ], [ -57.9965226022, -34.9690470071 ], [ -57.9946718352, -34.9673505854 ], [ -57.9935592264, -34.9663617079 ], [ -57.9946176061, -34.9655619948 ], [ -57.9954385019, -34.9649560073 ] ], [ [ -57.9987122635, -34.9590247914 ], [ -57.9986703811, -34.959597798 ], [ -57.9979561387, -34.9595787099 ], [ -57.997174403, -34.9601632485 ], [ -57.9917995733, -34.9641554317 ], [ -57.9918193943, -34.9641724118 ], [ -57.991808205, -34.9647360134 ], [ -57.9911527413, -34.9647112802 ], [ -57.990716786, -34.9643165237 ], [ -57.9907848332, -34.9637868356 ], [ -57.9907442485, -34.9637851692 ], [ -57.9874067547, -34.9607121929 ], [ -57.9892555558, -34.9593473287 ], [ -57.9893022207, -34.9587328975 ], [ -57.9900095222, -34.9587813152 ], [ -57.9919144131, -34.9573384015 ], [ -57.991989725, -34.9574035313 ], [ -57.9927670792, -34.9568223157 ], [ -57.9930227403, -34.9566311594 ], [ -57.9932783996, -34.9564400022 ], [ -57.9953746725, -34.9548725585 ], [ -57.9953257206, -34.954828016 ], [ -57.9964083416, -34.9540252281 ], [ -57.9975464822, -34.9531934514 ], [ -57.9986879323, -34.9523491715 ], [ -57.9987763033, -34.9522838052 ], [ -57.9998543917, -34.9532551242 ], [ -58.0007613588, -34.9540722455 ], [ -58.0007317046, -34.9540945065 ], [ -58.0016769955, -34.9550014745 ], [ -58.00274958, -34.9560305427 ], [ -58.0017611765, -34.9567639398 ], [ -58.0015836594, -34.9568933594 ], [ -58.0010300205, -34.9573115046 ], [ -58.0004763754, -34.9577296471 ], [ -57.9995942457, -34.9583784477 ], [ -57.9987122635, -34.9590247914 ] ], [ [ -57.9789270741, -34.9568416475 ], [ -57.9829561745, -34.9605386175 ], [ -57.9817510569, -34.9614350608 ], [ -57.9796349827, -34.9630034721 ], [ -57.9795225557, -34.9630867988 ], [ -57.9785469001, -34.9638099077 ], [ -57.9784692958, -34.9638674238 ], [ -57.974431124, -34.9601977142 ], [ -57.974426443, -34.9601934604 ], [ -57.9789270741, -34.9568416475 ] ], [ [ -57.9733835046, -34.9711500681 ], [ -57.9734136976, -34.9705685269 ], [ -57.9741290768, -34.9706000562 ], [ -57.9782416756, -34.9675469262 ], [ -57.9822781495, -34.9712247766 ], [ -57.977796888, -34.9745593296 ], [ -57.9740965312, -34.9711852892 ], [ -57.9733835046, -34.9711500681 ] ], [ [ -57.9728325449, -34.9681252407 ], [ -57.97259364, -34.9681236102 ], [ -57.9715521144, -34.9689255762 ], [ -57.9675706377, -34.965268814 ], [ -57.9686177372, -34.964493334 ], [ -57.9720774111, -34.9619294577 ], [ -57.9761277661, -34.9656206477 ], [ -57.973958006, -34.9672401801 ], [ -57.9738977838, -34.9673389805 ], [ -57.9728325449, -34.9681252407 ] ], [ [ -58.0062984757, -34.9533965669 ], [ -58.0062343873, -34.9534440754 ], [ -58.0062239453, -34.9534348223 ], [ -58.005176477, -34.9542141891 ], [ -58.0011096492, -34.9505222761 ], [ -58.0055746824, -34.9472341236 ], [ -58.0065402359, -34.948104956 ], [ -58.0067049648, -34.9482026574 ], [ -58.0072730818, -34.9487287347 ], [ -58.0073034537, -34.9488299633 ], [ -58.0076051699, -34.9491048501 ], [ -58.0075889902, -34.9491167706 ], [ -58.0085289958, -34.9499752661 ], [ -58.0086639049, -34.9501122266 ], [ -58.009608095, -34.9509430095 ], [ -58.0071687757, -34.9527514005 ], [ -58.0063967374, -34.9533236121 ], [ -58.0062984757, -34.9533965669 ] ], [ [ -57.9815620329, -34.9667062805 ], [ -57.9805791107, -34.9657997827 ], [ -57.9817712592, -34.9649009922 ], [ -57.9838836417, -34.9633313739 ], [ -57.9850397769, -34.9624722579 ], [ -57.9861989895, -34.9634652281 ], [ -57.9887921154, -34.9658346764 ], [ -57.9887907691, -34.9658592801 ], [ -57.9894909381, -34.9658887185 ], [ -57.989445882, -34.9664697093 ], [ -57.9887594268, -34.9664320556 ], [ -57.9846679324, -34.9694842827 ], [ -57.9836586205, -34.9685472035 ], [ -57.9824657175, -34.969399446 ], [ -57.9804441162, -34.9675562639 ], [ -57.9815879261, -34.9667051779 ], [ -57.9815620329, -34.9667062805 ] ], [ [ -58.0079743578, -34.9454625886 ], [ -58.009035288, -34.9446954912 ], [ -58.0092035134, -34.9445383356 ], [ -58.0112895512, -34.9429968679 ], [ -58.0113830186, -34.9428969478 ], [ -58.0124380295, -34.9421139504 ], [ -58.0133932246, -34.9429723866 ], [ -58.0135205156, -34.9431654287 ], [ -58.0155247375, -34.9449624918 ], [ -58.0164962112, -34.9458480965 ], [ -58.0154342819, -34.9466248113 ], [ -58.0142176817, -34.9475395747 ], [ -58.0142139855, -34.9475970917 ], [ -58.0131055513, -34.9484146744 ], [ -58.0130712349, -34.9483829022 ], [ -58.0120294081, -34.9491586988 ], [ -58.0110756843, -34.9482843545 ], [ -58.0109425154, -34.9481833112 ], [ -58.0089047577, -34.946313984 ], [ -58.0079743578, -34.9454625886 ] ], [ [ -58.0085798282, -34.9347659803 ], [ -58.013071833, -34.9314298723 ], [ -58.0150922202, -34.9332792328 ], [ -58.0162646106, -34.9324139258 ], [ -58.0193490658, -34.9352144236 ], [ -58.0170845045, -34.9369008278 ], [ -58.0159946656, -34.9359420417 ], [ -58.0126524423, -34.9384490566 ], [ -58.0106792802, -34.9366412781 ], [ -58.0105342025, -34.9365374145 ], [ -58.0090883049, -34.9352351593 ], [ -58.0085798282, -34.9347659803 ] ], [ [ -58.0090878804, -34.9410530607 ], [ -58.0070179423, -34.942628332 ], [ -58.0068535211, -34.9427648545 ], [ -58.0058085268, -34.9435338837 ], [ -58.00368952, -34.9416180606 ], [ -58.001727773, -34.9398629581 ], [ -58.0027695774, -34.93908111 ], [ -58.0039895482, -34.9381882037 ], [ -58.0052094929, -34.937295284 ], [ -58.0051944841, -34.937281617 ], [ -58.0059248955, -34.9367376521 ], [ -58.0062414083, -34.936501965 ], [ -58.0067212911, -34.9369402568 ], [ -58.0072008015, -34.9373737111 ], [ -58.0073229663, -34.9375034716 ], [ -58.010291006, -34.9401989655 ], [ -58.0092600133, -34.9409674362 ], [ -58.0090878804, -34.9410530607 ] ], [ [ -58.0157061892, -34.9413750908 ], [ -58.0146455935, -34.9404213301 ], [ -58.0192816688, -34.936880567 ], [ -58.0203888242, -34.9378728448 ], [ -58.0234774468, -34.9406512705 ], [ -58.0229276715, -34.9410563306 ], [ -58.0222504649, -34.94155527 ], [ -58.0188321013, -34.9440736316 ], [ -58.015791239, -34.9413114844 ], [ -58.0157061892, -34.9413750908 ] ] ] ] } },
{ "type": "Feature", "properties": { "ZONA_COD": "AR-RE", "ZONA_DESC": "RURAL EXTENSIVO", "AREA_TIPO": "Rural", "DENOM": "Rural Extensivo", "FOS_MAX": null, "FOT_RES": null, "FOT_COM": null, "FOT_MIN": null, "DENS_RES": null, "DENS_COM": null, "ALTURA_M": 0.0, "NIVELES": 0.0, "CUF_AV": null, "CUF_CAL": null, "RET_FRENTE": "SI", "RET_FONDO": "SI", "RET_LATERA": "SI", "PARC_SUP_M": "30 Ha", "PARC_ANC_M": 0.0, "INC_PRM": "No aplica", "COLOR_HEX": "#EAF0B7" }, "bbox": [ -58.2880025613, -35.0482054172, -58.1619294716, -34.9454147951 ], "geometry": { "type": "MultiPolygon", "coordinates": [ [ [ [ -58.1643492333, -34.9571810876 ], [ -58.1624178367, -34.9633326456 ], [ -58.1625083193, -34.963543578 ], [ -58.162391876, -34.9691401481 ], [ -58.1623057596, -34.9691524931 ], [ -58.1619294716, -34.9716575654 ], [ -58.1620229534, -34.9716828526 ], [ -58.1620367346, -34.9722224458 ], [ -58.1628118873, -34.9729191119 ], [ -58.1635869437, -34.9736157718 ], [ -58.1643621224, -34.9743124289 ], [ -58.1659124079, -34.9757058169 ], [ -58.1666875174, -34.9764024587 ], [ -58.1674627483, -34.9770990969 ], [ -58.1704744897, -34.9747309014 ], [ -58.1731107489, -34.9726578076 ], [ -58.1731107489, -34.9726578076 ], [ -58.1731107489, -34.9726578076 ], [ -58.1755157608, -34.9747206608 ], [ -58.1776483556, -34.9729838505 ], [ -58.1829550634, -34.972169375 ], [ -58.1847825011, -34.9709097558 ], [ -58.1856929819, -34.9717238392 ], [ -58.1882276267, -34.9713794807 ], [ -58.1908968577, -34.9737659154 ], [ -58.1902802007, -34.9757817925 ], [ -58.1894296929, -34.9768249926 ], [ -58.1881872175, -34.9777220151 ], [ -58.1884749115, -34.9779334115 ], [ -58.1839965179, -34.9812677397 ], [ -58.1854494536, -34.9825781365 ], [ -58.1851196884, -34.9828287955 ], [ -58.1845641736, -34.9832510056 ], [ -58.1835204825, -34.9827368308 ], [ -58.176187085, -34.9849383352 ], [ -58.176187085, -34.9849383352 ], [ -58.176187085, -34.9849383352 ], [ -58.1790085955, -34.9874731347 ], [ -58.1798004611, -34.9881845461 ], [ -58.1806749124, -34.9889700994 ], [ -58.1815493799, -34.9897556473 ], [ -58.1824239733, -34.9905411907 ], [ -58.183298474, -34.991326726 ], [ -58.184172991, -34.992112256 ], [ -58.1844750616, -34.9923835392 ], [ -58.1849113623, -34.9927754295 ], [ -58.1853476684, -34.9931673199 ], [ -58.1855363452, -34.9933367774 ], [ -58.1862948199, -34.9940179976 ], [ -58.1870531975, -34.9946992125 ], [ -58.1878116966, -34.9953804238 ], [ -58.1885701011, -34.9960615388 ], [ -58.1893286253, -34.9967427411 ], [ -58.1929522726, -34.9999969253 ], [ -58.193752162, -35.0007179208 ], [ -58.1945520649, -35.0014389109 ], [ -58.1953519813, -35.0021598956 ], [ -58.1961519121, -35.0028808758 ], [ -58.1969518554, -35.0036019414 ], [ -58.1977517053, -35.0043229099 ], [ -58.1985516774, -35.0050438757 ], [ -58.1989516698, -35.0054043563 ], [ -58.1993516648, -35.0057648361 ], [ -58.2001516658, -35.0064857911 ], [ -58.200319767, -35.0066372576 ], [ -58.2006950155, -35.0069754216 ], [ -58.2010702666, -35.0073135838 ], [ -58.2014455753, -35.0076517909 ], [ -58.2018208866, -35.0079899962 ], [ -58.2021962016, -35.0083281566 ], [ -58.2025715202, -35.0086663152 ], [ -58.2033220566, -35.0093426279 ], [ -58.2040727135, -35.0100190278 ], [ -58.2048233839, -35.0106953332 ], [ -58.2055739554, -35.0113717232 ], [ -58.206324651, -35.0120480197 ], [ -58.2070753591, -35.0127243126 ], [ -58.2078259675, -35.0134006891 ], [ -58.2085767018, -35.014076883 ], [ -58.209327445, -35.0147532524 ], [ -58.2100781999, -35.0154296181 ], [ -58.2108288596, -35.0161058867 ], [ -58.2115796415, -35.0167821535 ], [ -58.2123304342, -35.0174585057 ], [ -58.2131787971, -35.0182227181 ], [ -58.2140272831, -35.0189870168 ], [ -58.2148757854, -35.0197513102 ], [ -58.2157243029, -35.0205155981 ], [ -58.2165728385, -35.0212797898 ], [ -58.2174213542, -35.0220440913 ], [ -58.218305305, -35.0228402197 ], [ -58.2191892406, -35.0236362762 ], [ -58.2200731923, -35.0244324172 ], [ -58.22095727, -35.0252285538 ], [ -58.2215910825, -35.025799313 ], [ -58.2223415011, -35.0264751481 ], [ -58.223091934, -35.0271508897 ], [ -58.2238423796, -35.0278266268 ], [ -58.2245927272, -35.0285023576 ], [ -58.2253431952, -35.0291781756 ], [ -58.2268441718, -35.0305296192 ], [ -58.2272811686, -35.0309230843 ], [ -58.2280659665, -35.0316297599 ], [ -58.2288508876, -35.0323364319 ], [ -58.2296357115, -35.0330430967 ], [ -58.2304206596, -35.0337497596 ], [ -58.2312056202, -35.0344564172 ], [ -58.2319904856, -35.0351630685 ], [ -58.2327754732, -35.0358697162 ], [ -58.2335603655, -35.0365763585 ], [ -58.2343453801, -35.0372829972 ], [ -58.2351037496, -35.0379656303 ], [ -58.2358621299, -35.0386483497 ], [ -58.2366206325, -35.0393310665 ], [ -58.2373790407, -35.040013687 ], [ -58.2381374588, -35.0406963929 ], [ -58.2388958912, -35.0413790044 ], [ -58.2396543345, -35.0420617014 ], [ -58.2404127903, -35.0427443938 ], [ -58.2411712605, -35.0434269928 ], [ -58.2419297416, -35.0441096762 ], [ -58.2426883476, -35.044792267 ], [ -58.2434468538, -35.0454749415 ], [ -58.2442053726, -35.0461576124 ], [ -58.2449639058, -35.0468401888 ], [ -58.2457224497, -35.0475228498 ], [ -58.2464810081, -35.0482054172 ], [ -58.2473260174, -35.0475764044 ], [ -58.248171015, -35.0469472963 ], [ -58.2498608609, -35.0456891483 ], [ -58.2523956981, -35.0438018365 ], [ -58.2545078629, -35.0422290463 ], [ -58.2599992915, -35.0381395565 ], [ -58.2659124248, -35.0337352653 ], [ -58.2660660506, -35.0336208409 ], [ -58.2703424636, -35.0304350933 ], [ -58.2737633759, -35.0278864506 ], [ -58.2797493839, -35.023425985 ], [ -58.2829961038, -35.0210064517 ], [ -58.2867954822, -35.0181746547 ], [ -58.2880008454, -35.0172568094 ], [ -58.2880025613, -35.0171212869 ], [ -58.2867573276, -35.0162490623 ], [ -58.2858868774, -35.0156393355 ], [ -58.2850164416, -35.0150296023 ], [ -58.2841460174, -35.0144198629 ], [ -58.2832756077, -35.013810118 ], [ -58.2824053193, -35.0132003687 ], [ -58.2815349348, -35.0125906113 ], [ -58.2806645637, -35.0119808484 ], [ -58.2797942043, -35.0113710802 ], [ -58.2789238593, -35.0107613057 ], [ -58.2780535269, -35.0101515249 ], [ -58.2771833169, -35.0095417396 ], [ -58.2754100885, -35.0076901857 ], [ -58.2739812115, -35.0061979622 ], [ -58.2725522751, -35.0047058124 ], [ -58.2711234996, -35.0032136474 ], [ -58.2696947773, -35.001721378 ], [ -58.2693561142, -35.0015030442 ], [ -58.2684447448, -35.0009151421 ], [ -58.2675332783, -35.0003272319 ], [ -58.2666218235, -34.9997394053 ], [ -58.2657103831, -34.9991514826 ], [ -58.2647989571, -34.9985635526 ], [ -58.263887541, -34.9979757062 ], [ -58.2637092585, -34.9978606811 ], [ -58.2628328682, -34.9972953187 ], [ -58.2619563827, -34.9967298583 ], [ -58.2610800176, -34.9961644833 ], [ -58.2593272129, -34.9950337144 ], [ -58.2584507741, -34.9944683206 ], [ -58.2575744576, -34.9939029222 ], [ -58.2566981546, -34.9933374267 ], [ -58.2558217527, -34.9927720148 ], [ -58.2531928383, -34.991075745 ], [ -58.2523164849, -34.990510308 ], [ -58.2514402548, -34.9899447774 ], [ -58.2505639257, -34.9893793287 ], [ -58.249687718, -34.9888138764 ], [ -58.2488114132, -34.9882484159 ], [ -58.2479352298, -34.987682951 ], [ -58.2470589493, -34.987117478 ], [ -58.2464677521, -34.9871002865 ], [ -58.2466035245, -34.9866390108 ], [ -58.2468750631, -34.9857165483 ], [ -58.2471467052, -34.9847940876 ], [ -58.2474182303, -34.9838716233 ], [ -58.246534167, -34.9830980283 ], [ -58.2450491174, -34.9817986086 ], [ -58.2439288661, -34.9808182163 ], [ -58.2437437344, -34.980656243 ], [ -58.242941862, -34.9799544696 ], [ -58.2421398933, -34.9792526891 ], [ -58.2413380479, -34.9785509058 ], [ -58.2397342878, -34.9771474112 ], [ -58.238932374, -34.9764456118 ], [ -58.2381305835, -34.9757438078 ], [ -58.2373288064, -34.9750419994 ], [ -58.2365123182, -34.974327354 ], [ -58.2356958444, -34.9736127042 ], [ -58.2348793841, -34.9728980489 ], [ -58.2345769628, -34.9726333739 ], [ -58.2337969556, -34.9719505151 ], [ -58.2330168512, -34.9712676491 ], [ -58.2322367586, -34.9705848694 ], [ -58.2314443228, -34.96989118 ], [ -58.2306519005, -34.9691974853 ], [ -58.2298596004, -34.9685037878 ], [ -58.2290672042, -34.9678100841 ], [ -58.2282748214, -34.9671163749 ], [ -58.2274824522, -34.9664226613 ], [ -58.2266900955, -34.9657289431 ], [ -58.2258977532, -34.9650352196 ], [ -58.2251055332, -34.9643414934 ], [ -58.224313217, -34.9636477599 ], [ -58.2235209143, -34.962954022 ], [ -58.2233786577, -34.9628294623 ], [ -58.2225679998, -34.9621195878 ], [ -58.2217573527, -34.9614097988 ], [ -58.2209467218, -34.9606999136 ], [ -58.2201361035, -34.9599901147 ], [ -58.2193256093, -34.9592802213 ], [ -58.2185150207, -34.9585703217 ], [ -58.2177044437, -34.9578605066 ], [ -58.2168938829, -34.957150597 ], [ -58.2161084726, -34.9564627712 ], [ -58.2153231819, -34.9557750327 ], [ -58.2145379074, -34.9550871988 ], [ -58.2137526455, -34.9543993604 ], [ -58.2129673952, -34.9537116066 ], [ -58.2121820497, -34.9530237574 ], [ -58.2113968273, -34.9523359047 ], [ -58.2106116175, -34.9516480447 ], [ -58.2098264195, -34.9509602747 ], [ -58.2090411269, -34.9502724066 ], [ -58.2082559567, -34.9495845341 ], [ -58.2074707973, -34.9488967479 ], [ -58.2066856532, -34.9482088663 ], [ -58.2059005226, -34.9475209803 ], [ -58.2051152939, -34.9468331788 ], [ -58.2043301885, -34.9461452829 ], [ -58.2035450974, -34.9454573825 ], [ -58.2034964936, -34.9454147951 ], [ -58.2031907753, -34.9456322313 ], [ -58.1979286424, -34.9495985617 ], [ -58.1857577844, -34.9586677515 ], [ -58.1836685028, -34.9568998786 ], [ -58.172608428, -34.9643914273 ], [ -58.1726071825, -34.9643922367 ], [ -58.168264279, -34.9605990303 ], [ -58.1645793258, -34.9573820277 ], [ -58.1643492333, -34.9571810876 ] ], [ [ -58.2225460078, -34.9778386203 ], [ -58.221929831, -34.9767075195 ], [ -58.2295362492, -34.9738067994 ], [ -58.230179671, -34.974866548 ], [ -58.2225460078, -34.9778386203 ] ] ] ] } },
{ "type": "Feature", "properties": { "ZONA_COD": "AU-R6", "ZONA_DESC": "RESIDENCIAL 6", "AREA_TIPO": "Urbana", "DENOM": "Residencial 6", "FOS_MAX": "0.4", "FOT_RES": "0.8", "FOT_COM": null, "FOT_MIN": "NO", "DENS_RES": "150", "DENS_COM": null, "ALTURA_M": 9.0, "NIVELES": 3.0, "CUF_AV": "300", "CUF_CAL": "300", "RET_FRENTE": "SI", "RET_FONDO": "SI", "RET_LATERA": "SI", "PARC_SUP_M": "300", "PARC_ANC_M": 12.0, "INC_PRM": "CUF x 2.0 (por Multifamiliar en Bloque,Ver COT Art 287 Ordenanza 12692) (por Distrito de Interes Urbanistico Ver COT Art 16 , 244 y 286 Ord 12692)", "COLOR_HEX": "#D5EEF9" }, "bbox": [ -58.140666804, -34.8999525629, -58.1218359564, -34.88793196 ], "geometry": { "type": "MultiPolygon", "coordinates": [ [ [ [ -58.1338197122, -34.8999525629 ], [ -58.140666804, -34.8945738706 ], [ -58.1328105416, -34.8879592103 ], [ -58.1320188072, -34.8885925975 ], [ -58.1312319589, -34.88793196 ], [ -58.1304410753, -34.8885693068 ], [ -58.1312055071, -34.8892173763 ], [ -58.1304268156, -34.8898469692 ], [ -58.1296515146, -34.889204194 ], [ -58.1296613676, -34.8891961892 ], [ -58.1288973809, -34.8885603379 ], [ -58.1265494678, -34.8904430236 ], [ -58.1257790869, -34.8898084962 ], [ -58.124977809, -34.8904360503 ], [ -58.1241975518, -34.8898081346 ], [ -58.1234322629, -34.8904274051 ], [ -58.1226389439, -34.8897638367 ], [ -58.1218359564, -34.8899442048 ], [ -58.1259948928, -34.8934311677 ], [ -58.1275282117, -34.8946974806 ], [ -58.1275999964, -34.8947673265 ], [ -58.1299287297, -34.8967074204 ], [ -58.1299654095, -34.8966978588 ], [ -58.1314163064, -34.8979270081 ], [ -58.1314158226, -34.8979429918 ], [ -58.1338197122, -34.8999525629 ] ], [ [ -58.1334610761, -34.8949971986 ], [ -58.1326991426, -34.8943595334 ], [ -58.1334898751, -34.8937244007 ], [ -58.134251707, -34.8943666281 ], [ -58.1334610761, -34.8949971986 ] ] ] ] } },
{ "type": "Feature", "properties": { "ZONA_COD": "UE", "ZONA_DESC": "USO ESPECÍFICO", "AREA_TIPO": "General", "DENOM": "Usos Específicos", "FOS_MAX": null, "FOT_RES": null, "FOT_COM": null, "FOT_MIN": null, "DENS_RES": null, "DENS_COM": null, "ALTURA_M": 0.0, "NIVELES": 0.0, "CUF_AV": null, "CUF_CAL": null, "RET_FRENTE": null, "RET_FONDO": null, "RET_LATERA": null, "PARC_SUP_M": null, "PARC_ANC_M": 0.0, "INC_PRM": null, "COLOR_HEX": "#D4D4D4" }, "bbox": [ -57.9474489373, -34.9596065925, -57.9410433515, -34.954736751 ], "geometry": { "type": "MultiPolygon", "coordinates": [ [ [ [ -57.9410433515, -34.9589675891 ], [ -57.9411897881, -34.9592746626 ], [ -57.941556814, -34.9595278424 ], [ -57.9416498552, -34.9596065925 ], [ -57.9420471226, -34.9593187132 ], [ -57.9474489373, -34.9553759684 ], [ -57.9467494896, -34.954736751 ], [ -57.9413903639, -34.9587138777 ], [ -57.9410433515, -34.9589675891 ] ] ] ] } },
{ "type": "Feature", "properties": { "ZONA_COD": "AU-UE", "ZONA_DESC": "USOS ESPECÍFICOS AU", "AREA_TIPO": "Urbana", "DENOM": "Usos Específicos", "FOS_MAX": null, "FOT_RES": null, "FOT_COM": null, "FOT_MIN": null, "DENS_RES": null, "DENS_COM": null, "ALTURA_M": 0.0, "NIVELES": 0.0, "CUF_AV": null, "CUF_CAL": null, "RET_FRENTE": null, "RET_FONDO": null, "RET_LATERA": null, "PARC_SUP_M": null, "PARC_ANC_M": 0.0, "INC_PRM": null, "COLOR_HEX": "#D4D4D4" }, "bbox": [ -58.0626096173, -34.9582286018, -58.0518666435, -34.9496141892 ], "geometry": { "type": "MultiPolygon", "coordinates": [ [ [ [ -58.0518666435, -34.9535337477 ], [ -58.0571232115, -34.9582286018 ], [ -58.0579933298, -34.9575772246 ], [ -58.059819611, -34.9562100033 ], [ -58.0626096173, -34.9541218647 ], [ -58.0616883824, -34.9532953365 ], [ -58.0606482382, -34.9523209813 ], [ -58.0604801783, -34.9521375223 ], [ -58.0578760223, -34.9496141892 ], [ -58.0562292979, -34.9507715646 ], [ -58.0555346337, -34.9512836853 ], [ -58.0543768276, -34.9521393129 ], [ -58.0543618728, -34.9521283492 ], [ -58.0541552329, -34.9522619318 ], [ -58.0539290867, -34.9520955492 ], [ -58.0538761049, -34.9520547775 ], [ -58.0518666435, -34.9535337477 ] ] ] ] } },
{ "type": "Feature", "properties": { "ZONA_COD": "UE", "ZONA_DESC": "USO ESPECÍFICO", "AREA_TIPO": "General", "DENOM": "Usos Específicos", "FOS_MAX": null, "FOT_RES": null, "FOT_COM": null, "FOT_MIN": null, "DENS_RES": null, "DENS_COM": null, "ALTURA_M": 0.0, "NIVELES": 0.0, "CUF_AV": null, "CUF_CAL": null, "RET_FRENTE": null, "RET_FONDO": null, "RET_LATERA": null, "PARC_SUP_M": null, "PARC_ANC_M": 0.0, "INC_PRM": null, "COLOR_HEX": "#D4D4D4" }, "bbox": [ -57.9766441973, -34.8936949766, -57.964920144, -34.8838621941 ], "geometry": { "type": "MultiPolygon", "coordinates": [ [ [ [ -57.9761073892, -34.8845028243 ], [ -57.9754034251, -34.8838621941 ], [ -57.9742355628, -34.884738569 ], [ -57.9709898232, -34.8871726741 ], [ -57.970990031, -34.8872762094 ], [ -57.9685428228, -34.8890830697 ], [ -57.9685317701, -34.8890729631 ], [ -57.9683643532, -34.8891960623 ], [ -57.9683301151, -34.8891649917 ], [ -57.9681642523, -34.8892634629 ], [ -57.96797398, -34.8893401607 ], [ -57.9677527765, -34.8893939591 ], [ -57.9675874235, -34.8894143467 ], [ -57.9673863549, -34.889401722 ], [ -57.9666856023, -34.8890272623 ], [ -57.9664637998, -34.888829835 ], [ -57.964920144, -34.8899716925 ], [ -57.9689928561, -34.8936949766 ], [ -57.9694300822, -34.8933611582 ], [ -57.969397802, -34.8933322243 ], [ -57.9761352152, -34.888313385 ], [ -57.9743698397, -34.8866900241 ], [ -57.9754564797, -34.8858784372 ], [ -57.9766441973, -34.884991328 ], [ -57.9765073546, -34.8848668007 ], [ -57.9761073892, -34.8845028243 ] ] ] ] } },
{ "type": "Feature", "properties": { "ZONA_COD": "AU-UE", "ZONA_DESC": "USOS ESPECÍFICOS AU", "AREA_TIPO": "Urbana", "DENOM": "Usos Específicos", "FOS_MAX": null, "FOT_RES": null, "FOT_COM": null, "FOT_MIN": null, "DENS_RES": null, "DENS_COM": null, "ALTURA_M": 0.0, "NIVELES": 0.0, "CUF_AV": null, "CUF_CAL": null, "RET_FRENTE": null, "RET_FONDO": null, "RET_LATERA": null, "PARC_SUP_M": null, "PARC_ANC_M": 0.0, "INC_PRM": null, "COLOR_HEX": "#D4D4D4" }, "bbox": [ -57.9493547158, -34.9054473594, -57.9337894954, -34.8962617632 ], "geometry": { "type": "MultiPolygon", "coordinates": [ [ [ [ -57.9369395948, -34.9028059867 ], [ -57.9430928713, -34.9047996991 ], [ -57.9438714, -34.9050709922 ], [ -57.9453172698, -34.9053848286 ], [ -57.9466903106, -34.9054473594 ], [ -57.9474922649, -34.905307853 ], [ -57.9487749733, -34.9048201578 ], [ -57.9470407198, -34.9031725288 ], [ -57.948212361, -34.9023053746 ], [ -57.9476828852, -34.9018042894 ], [ -57.9477534954, -34.901745767 ], [ -57.9473713375, -34.9013836091 ], [ -57.9483374918, -34.9006608563 ], [ -57.9484825174, -34.9007980335 ], [ -57.9485289296, -34.9007629914 ], [ -57.9492654276, -34.9014206342 ], [ -57.9493547158, -34.8996673968 ], [ -57.9456075467, -34.8962617632 ], [ -57.9440038018, -34.8971085055 ], [ -57.9430105069, -34.8978364545 ], [ -57.9385430033, -34.9006170701 ], [ -57.9367873791, -34.9020069445 ], [ -57.9365236062, -34.9017663021 ], [ -57.9358437583, -34.9022799445 ], [ -57.9353683551, -34.9018489354 ], [ -57.9345344938, -34.90201296 ], [ -57.9337894954, -34.9022398968 ], [ -57.9346286258, -34.9022928623 ], [ -57.9352337553, -34.9023848585 ], [ -57.9361778762, -34.9025676781 ], [ -57.9369395948, -34.9028059867 ] ] ] ] } },
{ "type": "Feature", "properties": { "ZONA_COD": "AU-RM", "ZONA_DESC": "RESIDENCIAL MIXTA", "AREA_TIPO": "Urbana", "DENOM": "Residencial Mixta", "FOS_MAX": "0.6", "FOT_RES": "1.0", "FOT_COM": null, "FOT_MIN": "NO", "DENS_RES": "300", "DENS_COM": null, "ALTURA_M": 9.0, "NIVELES": 3.0, "CUF_AV": "100", "CUF_CAL": "125", "RET_FRENTE": "NO", "RET_FONDO": "SI", "RET_LATERA": "SI", "PARC_SUP_M": "375", "PARC_ANC_M": 15.0, "INC_PRM": "No aplica", "COLOR_HEX": "#D9D5F8" }, "bbox": [ -57.9413903639, -34.9643210473, -57.9310968676, -34.9557910595 ], "geometry": { "type": "MultiPolygon", "coordinates": [ [ [ [ -57.9345522554, -34.9643210473 ], [ -57.9368135053, -34.9626782251 ], [ -57.9367193121, -34.9625909297 ], [ -57.9411897881, -34.9592746626 ], [ -57.9410433515, -34.9589675891 ], [ -57.9413903639, -34.9587138777 ], [ -57.9381827384, -34.9557910595 ], [ -57.933656608, -34.9591417599 ], [ -57.9315944544, -34.9606974602 ], [ -57.9310968676, -34.9610728282 ], [ -57.9317002812, -34.9615967193 ], [ -57.9345522554, -34.9643210473 ] ] ] ] } },
{ "type": "Feature", "properties": { "ZONA_COD": "AC-CS2", "ZONA_DESC": "CORREDOR SERVICIOS 2", "AREA_TIPO": "Complem.", "DENOM": "Corredor Serv. 2", "FOS_MAX": "0.5", "FOT_RES": "0.8", "FOT_COM": null, "FOT_MIN": null, "DENS_RES": "80", "DENS_COM": null, "ALTURA_M": 9.0, "NIVELES": 3.0, "CUF_AV": null, "CUF_CAL": null, "RET_FRENTE": "SI", "RET_FONDO": "SI", "RET_LATERA": "SI", "PARC_SUP_M": "2000", "PARC_ANC_M": 40.0, "INC_PRM": "No aplica", "COLOR_HEX": "#D98E9F" }, "bbox": [ -57.9336123056, -34.9658713922, -57.9151639683, -34.949372259 ], "geometry": { "type": "MultiPolygon", "coordinates": [ [ [ [ -57.9324655746, -34.9658713922 ], [ -57.93361081, -34.9650171432 ], [ -57.9336123056, -34.9650172709 ], [ -57.9261540048, -34.9583203083 ], [ -57.9259458144, -34.9584678844 ], [ -57.9159766137, -34.949372259 ], [ -57.9156326824, -34.9496330498 ], [ -57.9151639683, -34.9499805955 ], [ -57.9153514905, -34.9501540109 ], [ -57.9160309274, -34.9507651416 ], [ -57.9161430297, -34.9508723246 ], [ -57.9171003706, -34.9517378546 ], [ -57.9180302786, -34.9525876618 ], [ -57.9184938791, -34.9523905916 ], [ -57.9187371979, -34.9526069909 ], [ -57.9185688538, -34.9527326145 ], [ -57.9190145047, -34.9531328992 ], [ -57.9191816365, -34.9530076155 ], [ -57.9194204758, -34.9532238476 ], [ -57.9191958683, -34.9535963333 ], [ -57.9201294257, -34.9544321362 ], [ -57.919957809, -34.9546827089 ], [ -57.921979985, -34.9565289443 ], [ -57.9220195381, -34.9565650547 ], [ -57.9249423797, -34.9591985737 ], [ -57.9249927156, -34.9592401151 ], [ -57.9250546214, -34.9592912047 ], [ -57.9257887173, -34.9598970357 ], [ -57.9266350702, -34.9605954915 ], [ -57.9279095534, -34.9617485537 ], [ -57.9291840717, -34.9629016041 ], [ -57.9291561729, -34.9629223974 ], [ -57.9323594834, -34.9657768599 ], [ -57.9324655746, -34.9658713922 ] ] ] ] } },
{ "type": "Feature", "properties": { "ZONA_COD": "AC-RU", "ZONA_DESC": "RESERVA URBANA", "AREA_TIPO": "Complem.", "DENOM": "Reserva Urbana", "FOS_MAX": "0.2", "FOT_RES": "0.3", "FOT_COM": null, "FOT_MIN": null, "DENS_RES": "1 vivienda por parcela", "DENS_COM": null, "ALTURA_M": 6.0, "NIVELES": 2.0, "CUF_AV": null, "CUF_CAL": null, "RET_FRENTE": "SI", "RET_FONDO": "SI", "RET_LATERA": "SI", "PARC_SUP_M": "4 Ha", "PARC_ANC_M": 0.0, "INC_PRM": "No aplica", "COLOR_HEX": "#DFDDA1" }, "bbox": [ -57.9323594834, -34.9739657186, -57.9142056769, -34.9592401151 ], "geometry": { "type": "MultiPolygon", "coordinates": [ [ [ [ -57.9216002885, -34.9739657186 ], [ -57.9232066279, -34.9727717994 ], [ -57.923099274, -34.9726690168 ], [ -57.9323594834, -34.9657768599 ], [ -57.9291561729, -34.9629223974 ], [ -57.9291840717, -34.9629016041 ], [ -57.9279095534, -34.9617485537 ], [ -57.9266350702, -34.9605954915 ], [ -57.9257887173, -34.9598970357 ], [ -57.9250546214, -34.9592912047 ], [ -57.9249927156, -34.9592401151 ], [ -57.9142056769, -34.9672801136 ], [ -57.9216002885, -34.9739657186 ] ] ] ] } },
{ "type": "Feature", "properties": { "ZONA_COD": "AC-RU", "ZONA_DESC": "RESERVA URBANA", "AREA_TIPO": "Complem.", "DENOM": "Reserva Urbana", "FOS_MAX": "0.2", "FOT_RES": "0.3", "FOT_COM": null, "FOT_MIN": null, "DENS_RES": "1 vivienda por parcela", "DENS_COM": null, "ALTURA_M": 6.0, "NIVELES": 2.0, "CUF_AV": null, "CUF_CAL": null, "RET_FRENTE": "SI", "RET_FONDO": "SI", "RET_LATERA": "SI", "PARC_SUP_M": "4 Ha", "PARC_ANC_M": 0.0, "INC_PRM": "No aplica", "COLOR_HEX": "#DFDDA1" }, "bbox": [ -57.9305919226, -34.9822661769, -57.9216418498, -34.9675127772 ], "geometry": { "type": "MultiPolygon", "coordinates": [ [ [ [ -57.9288217088, -34.9818171643 ], [ -57.9284671079, -34.9808813847 ], [ -57.9281309341, -34.979701976 ], [ -57.9278157784, -34.9785305011 ], [ -57.9275936521, -34.9772548811 ], [ -57.9275189895, -34.9766096436 ], [ -57.9274889683, -34.976080907 ], [ -57.9275207063, -34.9747795988 ], [ -57.9277228532, -34.9735542977 ], [ -57.9277384178, -34.9733561537 ], [ -57.9280793652, -34.9723281512 ], [ -57.9284889866, -34.971259548 ], [ -57.9290134559, -34.9700797751 ], [ -57.929631568, -34.96895903 ], [ -57.9301647815, -34.9681866635 ], [ -57.9305919226, -34.967575218 ], [ -57.9305279511, -34.9675127772 ], [ -57.9216418498, -34.9741599785 ], [ -57.9216714465, -34.9741756285 ], [ -57.9259937024, -34.9783976128 ], [ -57.9248777733, -34.9792050133 ], [ -57.9281803545, -34.9822374985 ], [ -57.9282115439, -34.9822661769 ], [ -57.9288217088, -34.9818171643 ] ] ] ] } },
{ "type": "Feature", "properties": { "ZONA_COD": "AC-RU", "ZONA_DESC": "RESERVA URBANA", "AREA_TIPO": "Complem.", "DENOM": "Reserva Urbana", "FOS_MAX": "0.2", "FOT_RES": "0.3", "FOT_COM": null, "FOT_MIN": null, "DENS_RES": "1 vivienda por parcela", "DENS_COM": null, "ALTURA_M": 6.0, "NIVELES": 2.0, "CUF_AV": null, "CUF_CAL": null, "RET_FRENTE": "SI", "RET_FONDO": "SI", "RET_LATERA": "SI", "PARC_SUP_M": "4 Ha", "PARC_ANC_M": 0.0, "INC_PRM": "No aplica", "COLOR_HEX": "#DFDDA1" }, "bbox": [ -57.941339241, -34.9814519784, -57.9278103833, -34.9658203448 ], "geometry": { "type": "MultiPolygon", "coordinates": [ [ [ [ -57.9329287731, -34.9658203448 ], [ -57.9322481761, -34.9663274384 ], [ -57.9317410565, -34.9668200474 ], [ -57.9307055168, -34.9679789408 ], [ -57.9299552457, -34.969059148 ], [ -57.92948108, -34.969921283 ], [ -57.9288436954, -34.9712192224 ], [ -57.928370509, -34.9723772443 ], [ -57.9280877693, -34.9733609902 ], [ -57.9278709401, -34.9747496424 ], [ -57.9278103833, -34.9758102776 ], [ -57.9278477978, -34.9772624444 ], [ -57.9279724205, -34.9781069456 ], [ -57.9282256381, -34.979051106 ], [ -57.9287982158, -34.9809166228 ], [ -57.9290005857, -34.9807738788 ], [ -57.9291909335, -34.9814298695 ], [ -57.929342025, -34.9814519784 ], [ -57.9317841088, -34.9797379174 ], [ -57.941339241, -34.9726486309 ], [ -57.9329287731, -34.9658203448 ] ] ] ] } },
{ "type": "Feature", "properties": { "ZONA_COD": "AR-P", "ZONA_DESC": "PERIURBANO", "AREA_TIPO": "Rural", "DENOM": "Periurbano", "FOS_MAX": null, "FOT_RES": null, "FOT_COM": null, "FOT_MIN": null, "DENS_RES": null, "DENS_COM": null, "ALTURA_M": 0.0, "NIVELES": 0.0, "CUF_AV": null, "CUF_CAL": null, "RET_FRENTE": "SI", "RET_FONDO": "SI", "RET_LATERA": "SI", "PARC_SUP_M": "4 Ha", "PARC_ANC_M": 0.0, "INC_PRM": "No aplica", "COLOR_HEX": "#83AE7E" }, "bbox": [ -57.9334723935, -35.0181344541, -57.8428627251, -34.9469997 ], "geometry": { "type": "MultiPolygon", "coordinates": [ [ [ [ -57.9334723935, -34.9974338773 ], [ -57.9319249903, -34.9922075877 ], [ -57.9320044419, -34.9921491444 ], [ -57.9288217088, -34.9818171643 ], [ -57.9282115439, -34.9822661769 ], [ -57.9281803545, -34.9822374985 ], [ -57.9248777733, -34.9792050133 ], [ -57.9259937024, -34.9783976128 ], [ -57.9216714465, -34.9741756285 ], [ -57.9215765122, -34.9741254301 ], [ -57.9216778892, -34.9740358712 ], [ -57.9142056769, -34.9672801136 ], [ -57.9083963082, -34.9715693545 ], [ -57.9082946192, -34.9714779223 ], [ -57.8985897562, -34.9786909905 ], [ -57.8985849269, -34.9788382536 ], [ -57.9007881409, -34.9860785866 ], [ -57.8961730899, -34.9870235798 ], [ -57.8945675528, -34.9817484498 ], [ -57.8908284703, -34.9845332023 ], [ -57.8844074718, -34.9893302797 ], [ -57.8740777221, -34.9801925211 ], [ -57.8689467508, -34.9756873484 ], [ -57.8685235802, -34.9758216846 ], [ -57.8677717946, -34.9751361233 ], [ -57.8676201231, -34.9750024283 ], [ -57.8668736264, -34.9743116312 ], [ -57.8668083338, -34.9742414535 ], [ -57.8666949617, -34.9741381699 ], [ -57.8660351696, -34.9746506027 ], [ -57.8648761, -34.9735699918 ], [ -57.8677704151, -34.9714691413 ], [ -57.8722875658, -34.9680648314 ], [ -57.8723785224, -34.9680541646 ], [ -57.8724328432, -34.968013848 ], [ -57.8746323286, -34.9663813311 ], [ -57.8756483314, -34.9656271696 ], [ -57.876664318, -34.9648729082 ], [ -57.8776802839, -34.9641187286 ], [ -57.8786963434, -34.963364451 ], [ -57.8808666179, -34.9653333898 ], [ -57.8809312432, -34.9653920166 ], [ -57.8809739637, -34.9653612211 ], [ -57.8829756405, -34.9638939475 ], [ -57.8829602729, -34.9638800018 ], [ -57.8829580507, -34.9638779864 ], [ -57.8818544854, -34.9628774025 ], [ -57.8807487168, -34.961874787 ], [ -57.8808147837, -34.9618257443 ], [ -57.8811595127, -34.9615699699 ], [ -57.8813099477, -34.9614583262 ], [ -57.88145603, -34.9613499408 ], [ -57.8816022301, -34.9612411975 ], [ -57.8817637051, -34.9611216354 ], [ -57.8819113477, -34.9610121042 ], [ -57.8820576512, -34.9609035426 ], [ -57.8822039547, -34.9607949791 ], [ -57.8823502601, -34.9606863266 ], [ -57.8824965618, -34.9605777632 ], [ -57.8827810173, -34.9603667112 ], [ -57.8828530872, -34.9603126466 ], [ -57.8821247667, -34.9596520154 ], [ -57.8806637506, -34.9583267403 ], [ -57.8807106764, -34.9582899652 ], [ -57.8847687052, -34.9552769072 ], [ -57.8840389171, -34.9546055201 ], [ -57.8840389171, -34.9546055201 ], [ -57.8840389171, -34.9546055201 ], [ -57.883309253, -34.9539340413 ], [ -57.8818498494, -34.9525911584 ], [ -57.8803712524, -34.9512303501 ], [ -57.8789116114, -34.9498876092 ], [ -57.8789116114, -34.9498876092 ], [ -57.8774526853, -34.9485444133 ], [ -57.8762364979, -34.9494519902 ], [ -57.876236497, -34.9494519902 ], [ -57.876236497, -34.9494519902 ], [ -57.8736172467, -34.947041371 ], [ -57.8735719713, -34.9469997 ], [ -57.8719433701, -34.9482092396 ], [ -57.8707252087, -34.9491101759 ], [ -57.8661755493, -34.9525090619 ], [ -57.8622311794, -34.9554392258 ], [ -57.8555250267, -34.9604568898 ], [ -57.8503560455, -34.9642908444 ], [ -57.8477103228, -34.9662707289 ], [ -57.8475221648, -34.9663729998 ], [ -57.8428627251, -34.9697650177 ], [ -57.858135183, -34.9835801368 ], [ -57.8639402438, -34.9888584144 ], [ -57.8733777042, -34.9974464066 ], [ -57.8663047504, -35.0026895477 ], [ -57.8699729483, -35.0059939015 ], [ -57.8736414394, -35.0092981537 ], [ -57.8737270872, -35.0093765566 ], [ -57.8737945265, -35.0093275399 ], [ -57.8789496932, -35.0055262495 ], [ -57.8813529101, -35.0037580214 ], [ -57.884596664, -35.0066431023 ], [ -57.8844614464, -35.0067457806 ], [ -57.886887472, -35.0089089001 ], [ -57.88687736, -35.0089166514 ], [ -57.8893157683, -35.0110963139 ], [ -57.8893694659, -35.011057671 ], [ -57.8948069667, -35.0160269901 ], [ -57.8947449863, -35.0160730138 ], [ -57.8969434744, -35.0180816477 ], [ -57.8970026614, -35.0181344541 ], [ -57.9010702294, -35.015103059 ], [ -57.9074916712, -35.0103420651 ], [ -57.9074696333, -35.0103219491 ], [ -57.9152149761, -35.0045998786 ], [ -57.9206457391, -35.000568002 ], [ -57.9234674331, -34.9985011783 ], [ -57.9235111581, -34.9985394552 ], [ -57.9254138852, -35.0002575668 ], [ -57.9272907173, -35.0019893562 ], [ -57.9274530872, -35.0018697491 ], [ -57.9279214505, -35.0015246657 ], [ -57.9289836973, -35.0007423725 ], [ -57.9293652032, -35.0004623074 ], [ -57.9306672624, -34.9995018719 ], [ -57.9310045234, -34.999230059 ], [ -57.9318931211, -34.9985828394 ], [ -57.9327815964, -34.9979356099 ], [ -57.9329046434, -34.9978461463 ], [ -57.9334498349, -34.9974489985 ], [ -57.9334723935, -34.9974338773 ] ], [ [ -57.8951223859, -34.9987490189 ], [ -57.894717423, -34.9990022077 ], [ -57.8928943929, -35.0003426634 ], [ -57.8900778547, -34.9977237405 ], [ -57.8922666004, -34.9961550737 ], [ -57.89288177, -34.9956923707 ], [ -57.8930699513, -34.9955541539 ], [ -57.8935992842, -34.9960259158 ], [ -57.8939043522, -34.9963092238 ], [ -57.8959185728, -34.9981679327 ], [ -57.8951223859, -34.9987490189 ] ] ] ] } },
{ "type": "Feature", "properties": { "ZONA_COD": "AR-RI", "ZONA_DESC": "RURAL INTENSIVO", "AREA_TIPO": "Rural", "DENOM": "Rural Intensivo", "FOS_MAX": null, "FOT_RES": null, "FOT_COM": null, "FOT_MIN": null, "DENS_RES": null, "DENS_COM": null, "ALTURA_M": 0.0, "NIVELES": 0.0, "CUF_AV": null, "CUF_CAL": null, "RET_FRENTE": "SI", "RET_FONDO": "SI", "RET_LATERA": "SI", "PARC_SUP_M": "10 Ha", "PARC_ANC_M": 0.0, "INC_PRM": "No aplica", "COLOR_HEX": "#BDD1B2" }, "bbox": [ -57.9380274552, -35.0147150249, -57.9275384472, -35.0026517114 ], "geometry": { "type": "MultiPolygon", "coordinates": [ [ [ [ -57.9380274552, -35.0121551937 ], [ -57.9351819553, -35.0026517114 ], [ -57.9350897694, -35.0027253227 ], [ -57.9275384472, -35.0082845026 ], [ -57.9345366027, -35.0147150249 ], [ -57.9380274552, -35.0121551937 ] ] ] ] } },
{ "type": "Feature", "properties": { "ZONA_COD": "AR-RI", "ZONA_DESC": "RURAL INTENSIVO", "AREA_TIPO": "Rural", "DENOM": "Rural Intensivo", "FOS_MAX": null, "FOT_RES": null, "FOT_COM": null, "FOT_MIN": null, "DENS_RES": null, "DENS_COM": null, "ALTURA_M": 0.0, "NIVELES": 0.0, "CUF_AV": null, "CUF_CAL": null, "RET_FRENTE": "SI", "RET_FONDO": "SI", "RET_LATERA": "SI", "PARC_SUP_M": "10 Ha", "PARC_ANC_M": 0.0, "INC_PRM": "No aplica", "COLOR_HEX": "#BDD1B2" }, "bbox": [ -57.9573918536, -35.1116092511, -57.8900177935, -35.0620745829 ], "geometry": { "type": "MultiPolygon", "coordinates": [ [ [ [ -57.9573918536, -35.0762840771 ], [ -57.9527690666, -35.0620745829 ], [ -57.9524226604, -35.0623340409 ], [ -57.9375115267, -35.073341713 ], [ -57.9356316712, -35.0717130516 ], [ -57.9355428029, -35.0717851548 ], [ -57.9191579889, -35.0842717036 ], [ -57.9103947835, -35.0767203976 ], [ -57.9000128101, -35.084640797 ], [ -57.8900177935, -35.0921874337 ], [ -57.8900993845, -35.0922567975 ], [ -57.891204716, -35.0931960297 ], [ -57.8923100701, -35.0941353419 ], [ -57.8945970406, -35.0960786149 ], [ -57.8971890846, -35.0982809971 ], [ -57.9001092175, -35.100761973 ], [ -57.9051697548, -35.1050609554 ], [ -57.9076860561, -35.1071982788 ], [ -57.9085386952, -35.107922573 ], [ -57.909391462, -35.1086467736 ], [ -57.9102442433, -35.1093709689 ], [ -57.9110968213, -35.1100951543 ], [ -57.9119495207, -35.110819426 ], [ -57.9128023478, -35.1115436042 ], [ -57.9128796499, -35.1116092511 ], [ -57.920144055, -35.1101351408 ], [ -57.9207831996, -35.1098443882 ], [ -57.9334887018, -35.0998930273 ], [ -57.9354584285, -35.0977879177 ], [ -57.9369535055, -35.0956613835 ], [ -57.9382595181, -35.0941794302 ], [ -57.9411352667, -35.0918855232 ], [ -57.9443694482, -35.0890696074 ], [ -57.9496356856, -35.0836700904 ], [ -57.9573918536, -35.0762840771 ] ] ] ] } },
{ "type": "Feature", "properties": { "ZONA_COD": "AR-RI", "ZONA_DESC": "RURAL INTENSIVO", "AREA_TIPO": "Rural", "DENOM": "Rural Intensivo", "FOS_MAX": null, "FOT_RES": null, "FOT_COM": null, "FOT_MIN": null, "DENS_RES": null, "DENS_COM": null, "ALTURA_M": 0.0, "NIVELES": 0.0, "CUF_AV": null, "CUF_CAL": null, "RET_FRENTE": "SI", "RET_FONDO": "SI", "RET_LATERA": "SI", "PARC_SUP_M": "10 Ha", "PARC_ANC_M": 0.0, "INC_PRM": "No aplica", "COLOR_HEX": "#BDD1B2" }, "bbox": [ -57.9962007097, -35.075424346, -57.9355216913, -34.9876119486 ], "geometry": { "type": "MultiPolygon", "coordinates": [ [ [ [ -57.9533874036, -35.0616114392 ], [ -57.9577188282, -35.075424346 ], [ -57.9678636143, -35.0658601873 ], [ -57.9702709187, -35.0625770836 ], [ -57.9786249451, -35.0511888894 ], [ -57.9831783547, -35.0437825172 ], [ -57.9943699103, -35.0250645579 ], [ -57.9962007097, -35.0237464782 ], [ -57.9961248276, -35.023676091 ], [ -57.9956751072, -35.0232589333 ], [ -57.9930263286, -35.0208018253 ], [ -57.9903283481, -35.0182988709 ], [ -57.9861678253, -35.0144386893 ], [ -57.9861082668, -35.0143834269 ], [ -57.9835227959, -35.0119843432 ], [ -57.9810324338, -35.0096733329 ], [ -57.9809234558, -35.0095721996 ], [ -57.9796380808, -35.0083795951 ], [ -57.9783015633, -35.0071389318 ], [ -57.9769648613, -35.0058984187 ], [ -57.9752324505, -35.0042903697 ], [ -57.9735, -35.0026822947 ], [ -57.9718803598, -35.001178728 ], [ -57.9717945825, -35.0010996515 ], [ -57.9724824415, -35.0005782498 ], [ -57.9634984913, -34.99350492 ], [ -57.9627995741, -34.9940505324 ], [ -57.9627402072, -34.994003925 ], [ -57.9609048492, -34.9923334793 ], [ -57.9598716577, -34.9914637153 ], [ -57.9591459965, -34.990852822 ], [ -57.9585475318, -34.9903197066 ], [ -57.9575235844, -34.9893863299 ], [ -57.9556451723, -34.987665068 ], [ -57.9555865095, -34.9876119486 ], [ -57.9467067457, -34.9942009611 ], [ -57.9355964474, -35.0023324017 ], [ -57.9355216913, -35.0027689596 ], [ -57.9383845589, -35.0119754129 ], [ -57.9384168769, -35.0121356649 ], [ -57.9386212083, -35.0133175854 ], [ -57.93912479, -35.0141603896 ], [ -57.9392441381, -35.0146320453 ], [ -57.9395948018, -35.0157056056 ], [ -57.9401995976, -35.0157654636 ], [ -57.9401232668, -35.0159814808 ], [ -57.9401631391, -35.0163001061 ], [ -57.9401550039, -35.0165537428 ], [ -57.9401084244, -35.0166791092 ], [ -57.9399110106, -35.0167749337 ], [ -57.9401862652, -35.0175336396 ], [ -57.9402284632, -35.0176889543 ], [ -57.9406124575, -35.018671558 ], [ -57.9407175927, -35.0198517914 ], [ -57.9407811451, -35.0202160303 ], [ -57.9412309249, -35.0213685673 ], [ -57.9415787323, -35.0226287576 ], [ -57.9416509703, -35.0228589643 ], [ -57.9449422912, -35.0334522468 ], [ -57.9451804038, -35.034281777 ], [ -57.9453581835, -35.0351132011 ], [ -57.9460531769, -35.0372426761 ], [ -57.9479020904, -35.0434345633 ], [ -57.9517670816, -35.0562395557 ], [ -57.9524136878, -35.056104054 ], [ -57.9525447757, -35.0560310047 ], [ -57.9534020572, -35.0559776758 ], [ -57.9568096064, -35.0590797937 ], [ -57.9538823779, -35.061240691 ], [ -57.9533874036, -35.0616114392 ] ] ] ] } },
{ "type": "Feature", "properties": { "ZONA_COD": "AR-RE", "ZONA_DESC": "RURAL EXTENSIVO", "AREA_TIPO": "Rural", "DENOM": "Rural Extensivo", "FOS_MAX": null, "FOT_RES": null, "FOT_COM": null, "FOT_MIN": null, "DENS_RES": null, "DENS_COM": null, "ALTURA_M": 0.0, "NIVELES": 0.0, "CUF_AV": null, "CUF_CAL": null, "RET_FRENTE": "SI", "RET_FONDO": "SI", "RET_LATERA": "SI", "PARC_SUP_M": "30 Ha", "PARC_ANC_M": 0.0, "INC_PRM": "No aplica", "COLOR_HEX": "#EAF0B7" }, "bbox": [ -57.9729486689, -35.1586584683, -57.9131186114, -35.0764077888 ], "geometry": { "type": "MultiPolygon", "coordinates": [ [ [ [ -57.9689180559, -35.1586584683 ], [ -57.9694545141, -35.1577168413 ], [ -57.9699686116, -35.1556867117 ], [ -57.9721122581, -35.1388077301 ], [ -57.9729486689, -35.1322093719 ], [ -57.9728443593, -35.1304343215 ], [ -57.9726282369, -35.1302849243 ], [ -57.972519311, -35.1278418143 ], [ -57.972687808, -35.1275617763 ], [ -57.9723842248, -35.1250653635 ], [ -57.9719008239, -35.1228792609 ], [ -57.9713026605, -35.1209969394 ], [ -57.9666303938, -35.1062741462 ], [ -57.9636174095, -35.0967978172 ], [ -57.9634843557, -35.0963995785 ], [ -57.9576290587, -35.0764077888 ], [ -57.9496419908, -35.0840651005 ], [ -57.9463606048, -35.0873795411 ], [ -57.9448472409, -35.0891753263 ], [ -57.9413619489, -35.0921023542 ], [ -57.9386044692, -35.0944160266 ], [ -57.9371586319, -35.0960908367 ], [ -57.9358473412, -35.0979942114 ], [ -57.9337785767, -35.1001730699 ], [ -57.9210672711, -35.1101398901 ], [ -57.9131186114, -35.1118121804 ], [ -57.9131853456, -35.1118688521 ], [ -57.914709317, -35.1131630251 ], [ -57.9180667928, -35.1160140954 ], [ -57.9203132247, -35.1179214162 ], [ -57.9310491091, -35.1270353977 ], [ -57.931283387, -35.1272311666 ], [ -57.9320657226, -35.1278848001 ], [ -57.9328479619, -35.1285383366 ], [ -57.9336303226, -35.1291919611 ], [ -57.9344125853, -35.1298455794 ], [ -57.9351948624, -35.1304991024 ], [ -57.9359772599, -35.1311527125 ], [ -57.9367595631, -35.1318062256 ], [ -57.9375418753, -35.132459825 ], [ -57.9383243106, -35.1331134207 ], [ -57.9391066507, -35.1337669203 ], [ -57.9398891112, -35.1344205071 ], [ -57.9406714737, -35.1350740876 ], [ -57.9414538515, -35.1357275728 ], [ -57.9422363489, -35.1363811461 ], [ -57.9430282038, -35.1370426226 ], [ -57.9438201837, -35.1377040065 ], [ -57.9446120646, -35.1383654732 ], [ -57.9454040678, -35.139026938 ], [ -57.9461959767, -35.1396883049 ], [ -57.9469880051, -35.1403497598 ], [ -57.9477799373, -35.1410112076 ], [ -57.9485719945, -35.1416725627 ], [ -57.9493639519, -35.1423340006 ], [ -57.9501560343, -35.1429953459 ], [ -57.9509480177, -35.1436567747 ], [ -57.9517401235, -35.1443182 ], [ -57.9525321349, -35.1449795291 ], [ -57.9533242658, -35.1456409454 ], [ -57.9534600688, -35.1457568581 ], [ -57.9543294129, -35.1464802395 ], [ -57.9551971246, -35.1472047405 ], [ -57.9560649596, -35.147929327 ], [ -57.9569328099, -35.1486539081 ], [ -57.9578006782, -35.1493783938 ], [ -57.9586684493, -35.1501029614 ], [ -57.9643938419, -35.1548824192 ], [ -57.9652852751, -35.1556264436 ], [ -57.9661766139, -35.1563704599 ], [ -57.9670679697, -35.15711447 ], [ -57.9679593418, -35.1578584737 ], [ -57.9688508424, -35.158602383 ], [ -57.9689180559, -35.1586584683 ] ] ] ] } },
{ "type": "Feature", "properties": { "ZONA_COD": "AC-CS2", "ZONA_DESC": "CORREDOR SERVICIOS 2", "AREA_TIPO": "Complem.", "DENOM": "Corredor Serv. 2", "FOS_MAX": "0.5", "FOT_RES": "0.8", "FOT_COM": null, "FOT_MIN": null, "DENS_RES": "80", "DENS_COM": null, "ALTURA_M": 9.0, "NIVELES": 3.0, "CUF_AV": null, "CUF_CAL": null, "RET_FRENTE": "SI", "RET_FONDO": "SI", "RET_LATERA": "SI", "PARC_SUP_M": "2000", "PARC_ANC_M": 40.0, "INC_PRM": "No aplica", "COLOR_HEX": "#D98E9F" }, "bbox": [ -58.0711517549, -35.0237464782, -57.9329287731, -34.9619247156 ], "geometry": { "type": "MultiPolygon", "coordinates": [ [ [ [ -58.0432425903, -34.9888243355 ], [ -58.055637133, -34.9796475049 ], [ -58.0624120534, -34.9744779644 ], [ -58.0626037502, -34.9742334477 ], [ -58.067979025, -34.9701913971 ], [ -58.0680219703, -34.9682526746 ], [ -58.0704680589, -34.9683692591 ], [ -58.0711517549, -34.9678324574 ], [ -58.0711198902, -34.9677029514 ], [ -58.0709819638, -34.9674462921 ], [ -58.0707330279, -34.967294706 ], [ -58.0704982914, -34.9671414031 ], [ -58.0703338189, -34.9670105841 ], [ -58.0695401024, -34.967549635 ], [ -58.0685180957, -34.9666553698 ], [ -58.0673348424, -34.9675533978 ], [ -58.0611704637, -34.9619247156 ], [ -58.0602418832, -34.9626325926 ], [ -58.0603201161, -34.9626885367 ], [ -58.0622271438, -34.9643978548 ], [ -58.0664006519, -34.9682500603 ], [ -58.0661159418, -34.9684636619 ], [ -58.0671340499, -34.9694049715 ], [ -58.0617368981, -34.9734758408 ], [ -58.0615000833, -34.9736726728 ], [ -58.0604476202, -34.9744142285 ], [ -58.0549444518, -34.9785654802 ], [ -58.054954884, -34.9790237954 ], [ -58.051673971, -34.9814704928 ], [ -58.0513232426, -34.9811660219 ], [ -58.0478568705, -34.9836917166 ], [ -58.0477485606, -34.9837836273 ], [ -58.0444639766, -34.9862294316 ], [ -58.0433540828, -34.9870664496 ], [ -58.0422406664, -34.9879096863 ], [ -58.0412520345, -34.9870040771 ], [ -58.0413579755, -34.9869164327 ], [ -58.0403506287, -34.9860046875 ], [ -58.0402662651, -34.9860286166 ], [ -58.0392987933, -34.9851662207 ], [ -58.0392726059, -34.9851856335 ], [ -58.0372425663, -34.9833480587 ], [ -58.0369853836, -34.9831377765 ], [ -58.0340238792, -34.9804323442 ], [ -58.0330631793, -34.979550433 ], [ -58.0307206702, -34.9774378806 ], [ -58.0287044181, -34.9756996547 ], [ -58.0254843874, -34.9726966907 ], [ -58.0185709499, -34.9663875338 ], [ -58.0185608568, -34.9663949388 ], [ -58.016267099, -34.9680845428 ], [ -58.018330249, -34.9702083457 ], [ -58.0192883814, -34.9710388526 ], [ -58.019365456, -34.9709740663 ], [ -58.0214382134, -34.9728784185 ], [ -58.0223388889, -34.9737002118 ], [ -58.0224099345, -34.9737577414 ], [ -58.0225949367, -34.973620897 ], [ -58.0230939525, -34.9740306353 ], [ -58.0265886164, -34.9774251623 ], [ -58.0310789385, -34.9816790599 ], [ -58.0348989115, -34.9850968147 ], [ -58.0373970842, -34.987326413 ], [ -58.03760854, -34.9875153399 ], [ -58.0381886261, -34.9870676636 ], [ -58.0394916808, -34.9882732327 ], [ -58.0389091692, -34.9887475001 ], [ -58.0398935851, -34.9896316919 ], [ -58.0387969806, -34.9904741984 ], [ -58.0341759644, -34.9938557581 ], [ -58.033330528, -34.994501073 ], [ -58.0332956703, -34.9943761931 ], [ -58.0332734867, -34.9943973443 ], [ -58.0318792992, -34.9954341933 ], [ -58.0313187617, -34.9958509904 ], [ -58.0307582601, -34.9962678226 ], [ -58.0306769758, -34.9963282355 ], [ -58.0302306395, -34.9966609298 ], [ -58.0297588102, -34.9970126231 ], [ -58.0292869755, -34.9973643147 ], [ -58.0273938873, -34.9987753168 ], [ -58.0271552684, -34.9989531641 ], [ -58.0249347568, -35.0006080956 ], [ -58.0227265264, -35.0022537632 ], [ -58.0215965732, -35.003095811 ], [ -58.0211724215, -35.0027152431 ], [ -58.0207482742, -35.0023346743 ], [ -58.0206835914, -35.0022766357 ], [ -58.0196856137, -35.0030356446 ], [ -58.0192667976, -35.0032855131 ], [ -58.018157903, -35.0041262758 ], [ -58.0182295295, -35.0041910297 ], [ -58.0190829177, -35.0049660196 ], [ -58.0184531279, -35.0054313513 ], [ -58.0174943355, -35.0061397544 ], [ -58.0165348857, -35.0068486235 ], [ -58.0155652268, -35.0075650153 ], [ -58.0134550053, -35.0091239901 ], [ -58.0135695142, -35.00922418 ], [ -58.012468798, -35.010066976 ], [ -58.0119184309, -35.0104883704 ], [ -58.0113680584, -35.0109097622 ], [ -58.0102726266, -35.0117134215 ], [ -58.0067939122, -35.0143145496 ], [ -58.0046073465, -35.0159512384 ], [ -58.0044519877, -35.0158156755 ], [ -58.0017683396, -35.0178354233 ], [ -57.9948726601, -35.0117388364 ], [ -57.9905146273, -35.0078781889 ], [ -57.9903278382, -35.0077251018 ], [ -57.9884920512, -35.0061094671 ], [ -57.9883032943, -35.005910984 ], [ -57.9843373677, -35.00239834 ], [ -57.9840268102, -35.0021787148 ], [ -57.9778672087, -34.996731621 ], [ -57.974713164, -34.9990013246 ], [ -57.9711474222, -34.9961410865 ], [ -57.9690669801, -34.9947141296 ], [ -57.9659023431, -34.9921796934 ], [ -57.9634462083, -34.9903281377 ], [ -57.9624810451, -34.9895127386 ], [ -57.9615281054, -34.9886759311 ], [ -57.9588729497, -34.9864829559 ], [ -57.9590614054, -34.98630742 ], [ -57.9572898363, -34.9846800904 ], [ -57.9570004749, -34.9849013758 ], [ -57.9464485405, -34.9753650557 ], [ -57.9464019349, -34.9754003262 ], [ -57.9360261435, -34.965654098 ], [ -57.9348353665, -34.9645916254 ], [ -57.9347712718, -34.9645300812 ], [ -57.9339230249, -34.9651460961 ], [ -57.9338889595, -34.965116869 ], [ -57.9329287731, -34.9658203448 ], [ -57.941339241, -34.9726486309 ], [ -57.9414930629, -34.9727739002 ], [ -57.9406854222, -34.9733709412 ], [ -57.9407185163, -34.9733972077 ], [ -57.9413484168, -34.9739728467 ], [ -57.9426523411, -34.9751645131 ], [ -57.9437347238, -34.9761582082 ], [ -57.9446798015, -34.9770217804 ], [ -57.9447538949, -34.9772420235 ], [ -57.947418033, -34.9795817969 ], [ -57.9482759584, -34.9803581897 ], [ -57.9558858974, -34.9873922524 ], [ -57.9555865095, -34.9876119486 ], [ -57.9556451723, -34.987665068 ], [ -57.9575235844, -34.9893863299 ], [ -57.9585475318, -34.9903197066 ], [ -57.9591459965, -34.990852822 ], [ -57.9598716577, -34.9914637153 ], [ -57.9609048492, -34.9923334793 ], [ -57.9627402072, -34.994003925 ], [ -57.9627995741, -34.9940505324 ], [ -57.9634984913, -34.99350492 ], [ -57.9724824415, -35.0005782498 ], [ -57.9717945825, -35.0010996515 ], [ -57.9718803598, -35.001178728 ], [ -57.9718803598, -35.001178728 ], [ -57.9735, -35.0026822947 ], [ -57.9752324505, -35.0042903697 ], [ -57.9769648613, -35.0058984187 ], [ -57.9783015633, -35.0071389318 ], [ -57.9796380808, -35.0083795951 ], [ -57.9809234558, -35.0095721996 ], [ -57.9810324338, -35.0096733329 ], [ -57.9835227959, -35.0119843432 ], [ -57.9861082668, -35.0143834269 ], [ -57.9861678253, -35.0144386893 ], [ -57.9903283481, -35.0182988709 ], [ -57.9930263286, -35.0208018253 ], [ -57.9956751072, -35.0232589333 ], [ -57.9961248276, -35.023676091 ], [ -57.9962007097, -35.0237464782 ], [ -58.0205468513, -35.0057269153 ], [ -58.0206559921, -35.0042063074 ], [ -58.0225414972, -35.0041780579 ], [ -58.0338767816, -34.9956199222 ], [ -58.0339544632, -34.9956886331 ], [ -58.0410414303, -34.990447485 ], [ -58.0411133545, -34.989686699 ], [ -58.0416871067, -34.9892459718 ], [ -58.0412922081, -34.9888921902 ], [ -58.0432425903, -34.9888243355 ] ] ] ] } },
{ "type": "Feature", "properties": { "ZONA_COD": "AC-CS2", "ZONA_DESC": "CORREDOR SERVICIOS 2", "AREA_TIPO": "Complem.", "DENOM": "Corredor Serv. 2", "FOS_MAX": "0.5", "FOT_RES": "0.8", "FOT_COM": null, "FOT_MIN": null, "DENS_RES": "80", "DENS_COM": null, "ALTURA_M": 9.0, "NIVELES": 3.0, "CUF_AV": null, "CUF_CAL": null, "RET_FRENTE": "SI", "RET_FONDO": "SI", "RET_LATERA": "SI", "PARC_SUP_M": "2000", "PARC_ANC_M": 40.0, "INC_PRM": "No aplica", "COLOR_HEX": "#D98E9F" }, "bbox": [ -58.0568291538, -34.9943867278, -58.043125191, -34.979686594 ], "geometry": { "type": "MultiPolygon", "coordinates": [ [ [ [ -58.0558819753, -34.979686594 ], [ -58.0433242622, -34.9890284402 ], [ -58.0431672927, -34.9906275949 ], [ -58.043125191, -34.9906599561 ], [ -58.047211999, -34.9943867278 ], [ -58.0479044257, -34.9938727616 ], [ -58.0484089922, -34.9935051386 ], [ -58.047829077, -34.9929833825 ], [ -58.0478772671, -34.9929486048 ], [ -58.0479240535, -34.9929152921 ], [ -58.0475494633, -34.9925674397 ], [ -58.0474290774, -34.992658551 ], [ -58.047299816, -34.9925414691 ], [ -58.0463412655, -34.9916732231 ], [ -58.045341045, -34.9907657038 ], [ -58.0443519265, -34.9898654266 ], [ -58.0444121811, -34.9898216477 ], [ -58.0444121811, -34.9898216477 ], [ -58.0444121811, -34.9898216477 ], [ -58.0467524742, -34.9881031916 ], [ -58.0500581015, -34.985627599 ], [ -58.0566804186, -34.9806673883 ], [ -58.0568291538, -34.9805542095 ], [ -58.0558819753, -34.979686594 ] ] ] ] } },
{ "type": "Feature", "properties": { "ZONA_COD": "AC-IM", "ZONA_DESC": "INDUSTRIAL MIXTA", "AREA_TIPO": "Complem.", "DENOM": "Industrial Mixta", "FOS_MAX": "0.5", "FOT_RES": "0.8", "FOT_COM": null, "FOT_MIN": null, "DENS_RES": "1 vivienda asociada al uso principal", "DENS_COM": null, "ALTURA_M": 0.0, "NIVELES": 0.0, "CUF_AV": "1 UF por parcela", "CUF_CAL": "1 UF por parcela", "RET_FRENTE": "SI", "RET_FONDO": "SI", "RET_LATERA": "SI", "PARC_SUP_M": "2000", "PARC_ANC_M": 40.0, "INC_PRM": "No aplica", "COLOR_HEX": "#9C7CB5" }, "bbox": [ -58.0751826522, -34.9678324574, -58.0685180957, -34.9631895329 ], "geometry": { "type": "MultiPolygon", "coordinates": [ [ [ [ -58.0711517549, -34.9678324574 ], [ -58.0751826522, -34.9650089216 ], [ -58.0731385237, -34.9631895329 ], [ -58.0685180957, -34.9666553698 ], [ -58.0695401024, -34.967549635 ], [ -58.0703338189, -34.9670105841 ], [ -58.0704982914, -34.9671414031 ], [ -58.0707330279, -34.967294706 ], [ -58.0709819638, -34.9674462921 ], [ -58.0711198902, -34.9677029514 ], [ -58.0711517549, -34.9678324574 ] ] ] ] } },
{ "type": "Feature", "properties": { "ZONA_COD": "AR-SR", "ZONA_DESC": "SERVICIOS RURALES", "AREA_TIPO": "Rural", "DENOM": "Servicios Rurales", "FOS_MAX": "0.4", "FOT_RES": "0.8", "FOT_COM": null, "FOT_MIN": null, "DENS_RES": "80", "DENS_COM": null, "ALTURA_M": 6.0, "NIVELES": 2.0, "CUF_AV": null, "CUF_CAL": null, "RET_FRENTE": "SI", "RET_FONDO": "SI", "RET_LATERA": "SI", "PARC_SUP_M": "600", "PARC_ANC_M": 20.0, "INC_PRM": "No aplica", "COLOR_HEX": "#497441" }, "bbox": [ -57.9122216213, -35.0127416308, -57.9074696333, -35.0087220444 ], "geometry": { "type": "MultiPolygon", "coordinates": [ [ [ [ -57.9096353357, -35.0087220444 ], [ -57.9074696333, -35.0103219491 ], [ -57.9074916712, -35.0103420651 ], [ -57.910109854, -35.0127416308 ], [ -57.9101710223, -35.0126925809 ], [ -57.9122216213, -35.0111288397 ], [ -57.9109239338, -35.0099208254 ], [ -57.909678174, -35.0087611847 ], [ -57.9096353357, -35.0087220444 ] ] ] ] } },
{ "type": "Feature", "properties": { "ZONA_COD": "AU-CLo5", "ZONA_DESC": "CENTRAL LOCALIDADES 5", "AREA_TIPO": "Urbana", "DENOM": "Central Loc. 5", "FOS_MAX": "0.6", "FOT_RES": "0.8", "FOT_COM": "1.2", "FOT_MIN": "NO", "DENS_RES": "150", "DENS_COM": "150", "ALTURA_M": 9.0, "NIVELES": 3.0, "CUF_AV": "200", "CUF_CAL": "200", "RET_FRENTE": "SI", "RET_FONDO": "SI", "RET_LATERA": "SI", "PARC_SUP_M": "300", "PARC_ANC_M": 12.0, "INC_PRM": "No aplica", "COLOR_HEX": "#A80000" }, "bbox": [ -58.1289291773, -34.888943334, -58.1221506813, -34.8866007295 ], "geometry": { "type": "MultiPolygon", "coordinates": [ [ [ [ -58.1273698051, -34.8872462593 ], [ -58.1265862797, -34.8866007295 ], [ -58.125026876, -34.8878884445 ], [ -58.124249913, -34.8872460318 ], [ -58.1221506813, -34.888943334 ], [ -58.1253851128, -34.8881988716 ], [ -58.1289291773, -34.8872780153 ], [ -58.1281447473, -34.8866168634 ], [ -58.1273698051, -34.8872462593 ] ] ] ] } },
{ "type": "Feature", "properties": { "ZONA_COD": "AU-R3", "ZONA_DESC": "RESIDENCIAL 3", "AREA_TIPO": "Urbana", "DENOM": "Residencial 3", "FOS_MAX": "0.6", "FOT_RES": "1.2", "FOT_COM": null, "FOT_MIN": "NO", "DENS_RES": "300", "DENS_COM": null, "ALTURA_M": 9.0, "NIVELES": 3.0, "CUF_AV": "80", "CUF_CAL": "100", "RET_FRENTE": "NO", "RET_FONDO": "SI", "RET_LATERA": "SI", "PARC_SUP_M": "375", "PARC_ANC_M": 15.0, "INC_PRM": "CUF x 2.0 (por Distrito de interes urbanistico Ver COT Art 16 , 244 y 286 Ord 12692)", "COLOR_HEX": "#5290CE" }, "bbox": [ -57.976413683, -34.9798035724, -57.9381728675, -34.9499278692 ], "geometry": { "type": "MultiPolygon", "coordinates": [ [ [ [ -57.9580128345, -34.9604367495 ], [ -57.9569114816, -34.9612550956 ], [ -57.9548331285, -34.9593593059 ], [ -57.9532007412, -34.9605731334 ], [ -57.9486554687, -34.9563824294 ], [ -57.9511285396, -34.9545401763 ], [ -57.9460505293, -34.9499278692 ], [ -57.9381728675, -34.9557820645 ], [ -57.9381827384, -34.9557910595 ], [ -57.9413903639, -34.9587138777 ], [ -57.9467494896, -34.954736751 ], [ -57.9474489373, -34.9553759684 ], [ -57.9420471226, -34.9593187132 ], [ -57.9442338592, -34.9613283616 ], [ -57.9431713102, -34.9621145382 ], [ -57.9453443529, -34.9641015551 ], [ -57.9460884222, -34.9635022748 ], [ -57.9461923857, -34.9635743582 ], [ -57.9472842391, -34.9645661089 ], [ -57.946828817, -34.96490906 ], [ -57.9489873617, -34.966877336 ], [ -57.9491341985, -34.9670210423 ], [ -57.9477484808, -34.9680853953 ], [ -57.9518471662, -34.971778741 ], [ -57.9519033954, -34.9717334197 ], [ -57.9526479612, -34.9711843584 ], [ -57.9527151253, -34.9712437982 ], [ -57.9529355707, -34.9714481205 ], [ -57.9531319251, -34.9713007531 ], [ -57.9532408249, -34.9712185083 ], [ -57.9538502685, -34.9707622373 ], [ -57.9539466506, -34.9706902349 ], [ -57.9545300399, -34.970251184 ], [ -57.9546569774, -34.9701567157 ], [ -57.9552574988, -34.9697064152 ], [ -57.9553827879, -34.9696120979 ], [ -57.9562513837, -34.9689602945 ], [ -57.9578709629, -34.9703904333 ], [ -57.9578966619, -34.9704120728 ], [ -57.9609831028, -34.9676991572 ], [ -57.9624281083, -34.9689985426 ], [ -57.9632894268, -34.9683525623 ], [ -57.9633495851, -34.9684082043 ], [ -57.9637351353, -34.9681130432 ], [ -57.9640411539, -34.9678817933 ], [ -57.9641201998, -34.9678249265 ], [ -57.9691838263, -34.9724460092 ], [ -57.9675383026, -34.9736705495 ], [ -57.9704838098, -34.976382929 ], [ -57.9699392172, -34.9768575112 ], [ -57.9731849793, -34.9798035724 ], [ -57.976413683, -34.9773490185 ], [ -57.9743360908, -34.9754743197 ], [ -57.9744538786, -34.9753869326 ], [ -57.9743741537, -34.9753171865 ], [ -57.9734122452, -34.9744663029 ], [ -57.9730648578, -34.9747227338 ], [ -57.9731009359, -34.9741391007 ], [ -57.9717536075, -34.97293954 ], [ -57.9710318404, -34.9729096187 ], [ -57.9710749692, -34.9723105047 ], [ -57.9692036446, -34.970612654 ], [ -57.9679709655, -34.9694879708 ], [ -57.9679942984, -34.9694705932 ], [ -57.9671827457, -34.9687347004 ], [ -57.9671548937, -34.9687554874 ], [ -57.9655140015, -34.9672375316 ], [ -57.9654243436, -34.9672990416 ], [ -57.9642384157, -34.9662075983 ], [ -57.9640554612, -34.9659312303 ], [ -57.962151681, -34.9642391442 ], [ -57.9620354445, -34.9640901077 ], [ -57.9580128345, -34.9604367495 ] ] ] ] } },
{ "type": "Feature", "properties": { "ZONA_COD": "AC-REX2", "ZONA_DESC": "RESID. EXTRAURBANO 2", "AREA_TIPO": "Complem.", "DENOM": "Resid. Extraurb. 2", "FOS_MAX": "0.3", "FOT_RES": "0.6", "FOT_COM": null, "FOT_MIN": null, "DENS_RES": "80", "DENS_COM": null, "ALTURA_M": 9.0, "NIVELES": 3.0, "CUF_AV": null, "CUF_CAL": null, "RET_FRENTE": "SI", "RET_FONDO": "SI", "RET_LATERA": "SI", "PARC_SUP_M": "600", "PARC_ANC_M": 20.0, "INC_PRM": "No aplica", "COLOR_HEX": "#E6F3D9" }, "bbox": [ -58.0695789063, -34.9030578212, -58.0635883702, -34.899214018 ], "geometry": { "type": "MultiPolygon", "coordinates": [ [ [ [ -58.0695789063, -34.9019672403 ], [ -58.0690227377, -34.9008179175 ], [ -58.0687470272, -34.9002706809 ], [ -58.0686342899, -34.9002936676 ], [ -58.0665302235, -34.9007883856 ], [ -58.0657510518, -34.899214018 ], [ -58.0635883702, -34.899723814 ], [ -58.0644973591, -34.9016417658 ], [ -58.0650000099, -34.9030578212 ], [ -58.0695789063, -34.9019672403 ] ] ] ] } },
{ "type": "Feature", "properties": { "ZONA_COD": "AC-RU", "ZONA_DESC": "RESERVA URBANA", "AREA_TIPO": "Complem.", "DENOM": "Reserva Urbana", "FOS_MAX": "0.2", "FOT_RES": "0.3", "FOT_COM": null, "FOT_MIN": null, "DENS_RES": "1 vivienda por parcela", "DENS_COM": null, "ALTURA_M": 6.0, "NIVELES": 2.0, "CUF_AV": null, "CUF_CAL": null, "RET_FRENTE": "SI", "RET_FONDO": "SI", "RET_LATERA": "SI", "PARC_SUP_M": "4 Ha", "PARC_ANC_M": 0.0, "INC_PRM": "No aplica", "COLOR_HEX": "#DFDDA1" }, "bbox": [ -58.0721175252, -34.905211675, -58.0504024447, -34.8942071648 ], "geometry": { "type": "MultiPolygon", "coordinates": [ [ [ [ -58.0572460786, -34.8974088071 ], [ -58.0552281385, -34.8978899075 ], [ -58.0552313625, -34.8978990914 ], [ -58.0550772727, -34.8979347468 ], [ -58.0531821799, -34.8983605938 ], [ -58.0528408764, -34.8984355136 ], [ -58.0528311754, -34.8984073774 ], [ -58.0504024447, -34.8989751203 ], [ -58.0504171441, -34.8990165961 ], [ -58.0508958641, -34.9003709643 ], [ -58.0516236611, -34.9024299316 ], [ -58.0516452116, -34.9024898642 ], [ -58.0544106304, -34.9018478463 ], [ -58.05558034, -34.905211675 ], [ -58.0650000099, -34.9030578212 ], [ -58.0644973591, -34.9016417658 ], [ -58.0635883702, -34.899723814 ], [ -58.0657510518, -34.899214018 ], [ -58.0665302235, -34.9007883856 ], [ -58.0686342899, -34.9002936676 ], [ -58.0687470272, -34.9002706809 ], [ -58.0679531254, -34.8986948907 ], [ -58.0679353144, -34.8986595365 ], [ -58.0721175252, -34.8977024717 ], [ -58.0709372783, -34.8942071648 ], [ -58.068216607, -34.8948451844 ], [ -58.0668035616, -34.8951736294 ], [ -58.0662154806, -34.8953022216 ], [ -58.0666260903, -34.8961214581 ], [ -58.0662441096, -34.8962109551 ], [ -58.0644409437, -34.8966212753 ], [ -58.0640437842, -34.8958275912 ], [ -58.061961663, -34.8963206859 ], [ -58.0572460786, -34.8974088071 ] ] ] ] } },
{ "type": "Feature", "properties": { "ZONA_COD": "AU-EV", "ZONA_DESC": "ESPACIO VERDE", "AREA_TIPO": "Urbana", "DENOM": "Espacio Verde", "FOS_MAX": null, "FOT_RES": null, "FOT_COM": null, "FOT_MIN": null, "DENS_RES": null, "DENS_COM": null, "ALTURA_M": 0.0, "NIVELES": 0.0, "CUF_AV": null, "CUF_CAL": null, "RET_FRENTE": null, "RET_FONDO": null, "RET_LATERA": null, "PARC_SUP_M": null, "PARC_ANC_M": 0.0, "INC_PRM": null, "COLOR_HEX": "#9AD66E" }, "bbox": [ -57.9773241981, -34.8969597648, -57.9761070835, -34.8964531272 ], "geometry": { "type": "MultiPolygon", "coordinates": [ [ [ [ -57.9761070835, -34.8969581856 ], [ -57.9773241981, -34.8969597648 ], [ -57.9767717211, -34.8964531272 ], [ -57.9761070835, -34.8969581856 ] ] ] ] } },
{ "type": "Feature", "properties": { "ZONA_COD": "AU-EV", "ZONA_DESC": "ESPACIO VERDE", "AREA_TIPO": "Urbana", "DENOM": "Espacio Verde", "FOS_MAX": null, "FOT_RES": null, "FOT_COM": null, "FOT_MIN": null, "DENS_RES": null, "DENS_COM": null, "ALTURA_M": 0.0, "NIVELES": 0.0, "CUF_AV": null, "CUF_CAL": null, "RET_FRENTE": null, "RET_FONDO": null, "RET_LATERA": null, "PARC_SUP_M": null, "PARC_ANC_M": 0.0, "INC_PRM": null, "COLOR_HEX": "#9AD66E" }, "bbox": [ -57.9771986833, -34.8982296426, -57.9761795733, -34.8978121836 ], "geometry": { "type": "MultiPolygon", "coordinates": [ [ [ [ -57.9771986833, -34.8978121836 ], [ -57.9761795733, -34.897812457 ], [ -57.9766382303, -34.8982296426 ], [ -57.9771986833, -34.8978121836 ] ] ] ] } },
{ "type": "Feature", "properties": { "ZONA_COD": "AU-CC3", "ZONA_DESC": "CORREDOR CENTRALIDAD 3", "AREA_TIPO": "Urbana", "DENOM": "Corredor Central. 3", "FOS_MAX": "0.6", "FOT_RES": "1.5", "FOT_COM": null, "FOT_MIN": "NO", "DENS_RES": "400", "DENS_COM": null, "ALTURA_M": 18.0, "NIVELES": 6.0, "CUF_AV": "50", "CUF_CAL": "50", "RET_FRENTE": null, "RET_FONDO": "SI", "RET_LATERA": "NO", "PARC_SUP_M": "375", "PARC_ANC_M": 15.0, "INC_PRM": "Art 289 COT Ord 12692 (Art. 47 del Dec.ley 8912/77 por mejora morfológica) - Receptor APU (Ver Titulo 9 Cap 1 y 2- COT Ord 12692)", "COLOR_HEX": "#CD6969" }, "bbox": [ -58.0092440189, -34.9568416475, -57.9575483572, -34.8902876585 ], "geometry": { "type": "MultiPolygon", "coordinates": [ [ [ [ -57.9938694502, -34.9320192835 ], [ -57.9938296435, -34.9326003957 ], [ -57.9931667469, -34.9325719753 ], [ -57.9931988896, -34.9319790802 ], [ -57.9931507579, -34.9319761942 ], [ -57.9925288632, -34.9314321143 ], [ -57.9894289865, -34.9285913493 ], [ -57.9939228223, -34.9252419826 ], [ -57.9939324369, -34.9252508688 ], [ -57.9949859477, -34.9244772441 ], [ -57.995212344, -34.9242710233 ], [ -57.9962631379, -34.9234969372 ], [ -57.9973725272, -34.9226808645 ], [ -57.9966713429, -34.9220363303 ], [ -57.9980198817, -34.9213995006 ], [ -57.9976756473, -34.9210939101 ], [ -57.9987120485, -34.92031743 ], [ -57.9988881565, -34.9202280365 ], [ -57.9993748237, -34.9198677312 ], [ -57.999863295, -34.9195050193 ], [ -57.9999350474, -34.9194525034 ], [ -58.0006928305, -34.9201371609 ], [ -58.0007638689, -34.9202144693 ], [ -58.0016639454, -34.9210297461 ], [ -58.0018014464, -34.921168757 ], [ -58.0036919041, -34.9228815806 ], [ -58.0038456737, -34.9230415763 ], [ -58.0047964604, -34.9238855163 ], [ -58.0003112662, -34.9272048357 ], [ -58.0024224292, -34.9291383817 ], [ -58.0024226594, -34.9291382118 ], [ -58.0024230119, -34.9291379492 ], [ -58.0069111343, -34.9258030993 ], [ -58.0079101606, -34.9250626902 ], [ -58.0081827343, -34.9248400972 ], [ -58.0092292448, -34.924072328 ], [ -58.0092440189, -34.9240614893 ], [ -58.0071424337, -34.9221458947 ], [ -58.006177596, -34.9212765812 ], [ -58.0059705208, -34.9211709658 ], [ -58.0051033073, -34.9203818143 ], [ -58.0048582168, -34.9202880033 ], [ -58.0043426886, -34.9197967684 ], [ -58.0040047188, -34.9194873279 ], [ -58.0039783067, -34.9193293817 ], [ -58.0036126441, -34.918995334 ], [ -58.0032258088, -34.9186140745 ], [ -58.0030593929, -34.9184605674 ], [ -58.0026209401, -34.9180568213 ], [ -58.0016777195, -34.9171890456 ], [ -58.0011440456, -34.9171924316 ], [ -58.0009763472, -34.9170018607 ], [ -58.0008112128, -34.9168093492 ], [ -58.0007241575, -34.9167086935 ], [ -58.0006464228, -34.9166207182 ], [ -58.0006316793, -34.916479798 ], [ -58.000625483, -34.9164218934 ], [ -58.0006166957, -34.9163397745 ], [ -58.0005650458, -34.9158846267 ], [ -58.0005620439, -34.9158640295 ], [ -58.000527134, -34.915815217 ], [ -58.0001813393, -34.9157992522 ], [ -57.9994744794, -34.9151836222 ], [ -57.9980152664, -34.9138348604 ], [ -57.9964889478, -34.9124240085 ], [ -57.9943534977, -34.9104861529 ], [ -57.9927306333, -34.9090023534 ], [ -57.9926655323, -34.908942829 ], [ -57.9919399611, -34.9089221105 ], [ -57.9919542756, -34.9083405072 ], [ -57.9906296983, -34.9071113156 ], [ -57.9899283098, -34.9070667713 ], [ -57.9899789651, -34.9065022965 ], [ -57.9886444269, -34.9052876515 ], [ -57.9881583406, -34.9056485054 ], [ -57.9872740283, -34.9048466752 ], [ -57.9877354452, -34.9045026414 ], [ -57.9872267581, -34.9040359283 ], [ -57.9851260794, -34.9021085121 ], [ -57.9849612157, -34.9022291004 ], [ -57.9839960633, -34.9013334961 ], [ -57.9853760478, -34.9003249973 ], [ -57.9854628045, -34.9002414143 ], [ -57.9860885509, -34.8997835371 ], [ -57.9864384628, -34.8994568655 ], [ -57.9874914349, -34.8986746703 ], [ -57.9869873478, -34.8982341284 ], [ -57.9866219047, -34.8979034648 ], [ -57.9849807184, -34.8978029799 ], [ -57.9828824499, -34.8981462179 ], [ -57.982210525, -34.8975698523 ], [ -57.9817994323, -34.8976864539 ], [ -57.9816403359, -34.8978108922 ], [ -57.9803076558, -34.8988532307 ], [ -57.9795903259, -34.8989618571 ], [ -57.9782671381, -34.8978118877 ], [ -57.9782088998, -34.8977612721 ], [ -57.9771986833, -34.8978121836 ], [ -57.9766382303, -34.8982296426 ], [ -57.979674462, -34.900991189 ], [ -57.9754382469, -34.9041478507 ], [ -57.9744376414, -34.9032359094 ], [ -57.9741971132, -34.9034171255 ], [ -57.9711403059, -34.9006198616 ], [ -57.9745050896, -34.89814728 ], [ -57.9741425325, -34.8978129786 ], [ -57.9740427428, -34.8978130029 ], [ -57.9725189342, -34.8979793415 ], [ -57.9724344879, -34.89790307 ], [ -57.9734786403, -34.8972008164 ], [ -57.974606454, -34.8963669389 ], [ -57.9752452416, -34.8969570605 ], [ -57.9761070835, -34.8969581856 ], [ -57.9767717211, -34.8964531272 ], [ -57.9773241981, -34.8969597648 ], [ -57.9872439379, -34.8971037597 ], [ -57.9874213687, -34.8969723922 ], [ -57.9875161527, -34.8969022154 ], [ -57.9873486315, -34.8966846451 ], [ -57.9865122611, -34.8959135277 ], [ -57.9853437171, -34.896763137 ], [ -57.9849228551, -34.8968396693 ], [ -57.9847025302, -34.8966393723 ], [ -57.9845787232, -34.8965269211 ], [ -57.9836533676, -34.8968125709 ], [ -57.9835632699, -34.8967306886 ], [ -57.9824943996, -34.8969000354 ], [ -57.9823252479, -34.8967409579 ], [ -57.9821583985, -34.8968633638 ], [ -57.982068505, -34.8967821145 ], [ -57.9818702098, -34.8965982202 ], [ -57.9815211407, -34.8968542212 ], [ -57.9811005071, -34.8966031953 ], [ -57.9805660265, -34.8968760217 ], [ -57.9803562183, -34.8966755305 ], [ -57.9803565501, -34.8966575125 ], [ -57.9803685615, -34.8966494213 ], [ -57.9803695786, -34.8965453491 ], [ -57.9800496655, -34.8965396708 ], [ -57.9798966107, -34.8965364044 ], [ -57.9797249077, -34.8965397679 ], [ -57.9797006727, -34.8965556769 ], [ -57.9796958704, -34.8966758182 ], [ -57.9794858733, -34.8968269727 ], [ -57.9791665744, -34.8966538343 ], [ -57.9790914621, -34.8967100159 ], [ -57.9790434059, -34.8967472469 ], [ -57.978836534, -34.8967484924 ], [ -57.9787978991, -34.8967136941 ], [ -57.9783459205, -34.8968391027 ], [ -57.9779077358, -34.8964375348 ], [ -57.9777781129, -34.8965314456 ], [ -57.9776577404, -34.8964265244 ], [ -57.9775999248, -34.8964691801 ], [ -57.9772731049, -34.8961742735 ], [ -57.9772092503, -34.8961168464 ], [ -57.9779662438, -34.895553431 ], [ -57.9824483777, -34.8922214366 ], [ -57.9803409954, -34.8902876585 ], [ -57.9758502353, -34.8936267613 ], [ -57.9723837697, -34.896202827 ], [ -57.9726331067, -34.8964294858 ], [ -57.9692022642, -34.8989929683 ], [ -57.9668886611, -34.8968712031 ], [ -57.9662822078, -34.8973506776 ], [ -57.9685725769, -34.8994634333 ], [ -57.9704206387, -34.9011486702 ], [ -57.975239449, -34.9054995354 ], [ -57.9838118821, -34.9133107346 ], [ -57.9847289829, -34.9126281006 ], [ -57.9837035408, -34.9116988734 ], [ -57.9879573458, -34.9085467263 ], [ -57.9889810395, -34.9094636741 ], [ -57.9901384805, -34.9086022243 ], [ -57.9921419767, -34.910428903 ], [ -57.9942306935, -34.9123308837 ], [ -57.9930857747, -34.9131804471 ], [ -57.9878956505, -34.9170313063 ], [ -57.9941569005, -34.9227348068 ], [ -57.9941079612, -34.9233723461 ], [ -57.986035062, -34.9293821843 ], [ -57.9799294108, -34.933926545 ], [ -57.9735350845, -34.9386848705 ], [ -57.9745857453, -34.9396335357 ], [ -57.9756882953, -34.9388197274 ], [ -57.9758459725, -34.9386843804 ], [ -57.9802638075, -34.9354169168 ], [ -57.981277366, -34.9363510947 ], [ -57.9801489047, -34.9371707153 ], [ -57.9821734037, -34.9390221549 ], [ -57.983301489, -34.9381791673 ], [ -57.9843270767, -34.9391139919 ], [ -57.9821772591, -34.9407049133 ], [ -57.9819785305, -34.9408697716 ], [ -57.9786483544, -34.9433250719 ], [ -57.9807624555, -34.9452439428 ], [ -57.986437478, -34.9410317377 ], [ -57.989060161, -34.9434540581 ], [ -57.9895584475, -34.9439230464 ], [ -57.9904384026, -34.9447575399 ], [ -57.9904754808, -34.9447918032 ], [ -57.9894552404, -34.945545704 ], [ -57.9892635858, -34.9456647337 ], [ -57.9801381974, -34.9523798653 ], [ -57.9791071957, -34.9531480123 ], [ -57.9787910175, -34.9528609451 ], [ -57.9786153691, -34.952708197 ], [ -57.9784397216, -34.952555449 ], [ -57.9782919738, -34.9524210084 ], [ -57.9781442269, -34.9522865688 ], [ -57.9781012869, -34.9522466623 ], [ -57.9780260946, -34.9521785755 ], [ -57.9771936003, -34.9514247377 ], [ -57.9770181174, -34.9512477025 ], [ -57.9750698621, -34.9494967297 ], [ -57.9784692455, -34.9469555208 ], [ -57.9774592268, -34.9459985099 ], [ -57.9774056425, -34.9460382734 ], [ -57.976331619, -34.9450588695 ], [ -57.972956735, -34.9475695626 ], [ -57.9689025507, -34.9438829834 ], [ -57.9722753196, -34.941359635 ], [ -57.9712262028, -34.940402796 ], [ -57.9575483572, -34.9505773668 ], [ -57.9586149909, -34.9515412556 ], [ -57.9597459729, -34.9506887091 ], [ -57.96379738, -34.9543822427 ], [ -57.9661452986, -34.9526360516 ], [ -57.9620988125, -34.9489515112 ], [ -57.9665670428, -34.9456150957 ], [ -57.9706208826, -34.9493071355 ], [ -57.9727280715, -34.9512337504 ], [ -57.976799324, -34.9549187603 ], [ -57.9789270741, -34.9568416475 ], [ -57.9802363629, -34.9558624513 ], [ -57.9808665314, -34.9564365002 ], [ -57.981633859, -34.9558658139 ], [ -57.9815287463, -34.9557458182 ], [ -57.9807883074, -34.955077389 ], [ -57.9819550087, -34.9542162846 ], [ -57.9818831484, -34.9541502401 ], [ -57.9831915918, -34.9531694557 ], [ -57.9834779279, -34.9534298985 ], [ -57.9903871862, -34.9482957615 ], [ -57.9913823724, -34.9475665139 ], [ -57.9925819817, -34.9466573631 ], [ -57.9949432201, -34.9449234496 ], [ -57.9949293957, -34.9449108968 ], [ -57.9937528144, -34.9438405192 ], [ -57.9928194773, -34.943019628 ], [ -57.9918819485, -34.94213734 ], [ -57.9917033917, -34.9420078475 ], [ -57.9887771174, -34.9392931773 ], [ -57.9932354668, -34.9359817872 ], [ -57.9955367726, -34.9342570458 ], [ -57.9965983485, -34.9334650237 ], [ -58.000085057, -34.9308746003 ], [ -57.9979682714, -34.9289473181 ], [ -57.9938694502, -34.9320192835 ] ], [ [ -57.9971839817, -34.916936784 ], [ -57.9981913977, -34.9178457729 ], [ -57.9939635706, -34.9209807268 ], [ -57.9908496347, -34.9181769518 ], [ -57.9899630704, -34.9173697671 ], [ -57.9898947256, -34.9173099046 ], [ -57.9940334092, -34.9142383835 ], [ -57.9941418818, -34.9141578753 ], [ -57.9946230965, -34.9146032295 ], [ -57.9961606989, -34.9160262042 ], [ -57.996175097, -34.9160264417 ], [ -57.9971839817, -34.916936784 ] ], [ [ -57.9785870396, -34.9053533919 ], [ -57.9792829871, -34.9048420446 ], [ -57.9794007048, -34.9047765875 ], [ -57.9802489705, -34.9041411364 ], [ -57.9800197711, -34.9039273361 ], [ -57.9815805832, -34.9027704851 ], [ -57.9829923956, -34.9040324848 ], [ -57.984915236, -34.9057511999 ], [ -57.9849019693, -34.9057612732 ], [ -57.9857724105, -34.9065498122 ], [ -57.9858413948, -34.9066127738 ], [ -57.9816116979, -34.9097578091 ], [ -57.9795406447, -34.9078863316 ], [ -57.9786212642, -34.9070505044 ], [ -57.9785536073, -34.9069876562 ], [ -57.978734907, -34.9068549315 ], [ -57.9777761479, -34.9059744206 ], [ -57.9784841814, -34.9054441488 ], [ -57.9785870396, -34.9053533919 ] ], [ [ -57.9826038273, -34.9336737536 ], [ -57.9870857822, -34.9303330816 ], [ -57.987088142, -34.9303352535 ], [ -57.9880146649, -34.9311881246 ], [ -57.9881492368, -34.9313302652 ], [ -57.9911500568, -34.9340379521 ], [ -57.9899438843, -34.9349168406 ], [ -57.9888940913, -34.9357055847 ], [ -57.9878429502, -34.9364725778 ], [ -57.9876827486, -34.9366131698 ], [ -57.9866540303, -34.9373665849 ], [ -57.9865997229, -34.9373178506 ], [ -57.9857194098, -34.9365278736 ], [ -57.9855418027, -34.936362874 ], [ -57.9847010085, -34.935613951 ], [ -57.9845236434, -34.9354493904 ], [ -57.9836927939, -34.9346785113 ], [ -57.9835198633, -34.9345180597 ], [ -57.9826846026, -34.9337430635 ], [ -57.9826033983, -34.9336740792 ], [ -57.9826038273, -34.9336737536 ] ] ] ] } },
{ "type": "Feature", "properties": { "ZONA_COD": "AU-R6", "ZONA_DESC": "RESIDENCIAL 6", "AREA_TIPO": "Urbana", "DENOM": "Residencial 6", "FOS_MAX": "0.4", "FOT_RES": "0.8", "FOT_COM": null, "FOT_MIN": "NO", "DENS_RES": "150", "DENS_COM": null, "ALTURA_M": 9.0, "NIVELES": 3.0, "CUF_AV": "300", "CUF_CAL": "300", "RET_FRENTE": "SI", "RET_FONDO": "SI", "RET_LATERA": "SI", "PARC_SUP_M": "300", "PARC_ANC_M": 12.0, "INC_PRM": "CUF x 2.0 (por Multifamiliar en Bloque,Ver COT Art 287 Ordenanza 12692) (por Distrito de Interes Urbanistico Ver COT Art 16 , 244 y 286 Ord 12692)", "COLOR_HEX": "#D5EEF9" }, "bbox": [ -57.9096252165, -34.9893302797, -57.8648761, -34.9284745157 ], "geometry": { "type": "MultiPolygon", "coordinates": [ [ [ [ -57.8848279247, -34.9553303548 ], [ -57.8847687052, -34.9552769072 ], [ -57.8807106764, -34.9582899652 ], [ -57.8806637506, -34.9583267403 ], [ -57.8821247667, -34.9596520154 ], [ -57.8828530872, -34.9603126466 ], [ -57.8827810173, -34.9603667112 ], [ -57.8824965618, -34.9605777632 ], [ -57.8823502601, -34.9606863266 ], [ -57.8822039547, -34.9607949791 ], [ -57.8820576512, -34.9609035426 ], [ -57.8819113477, -34.9610121042 ], [ -57.8817637051, -34.9611216354 ], [ -57.8816022301, -34.9612411975 ], [ -57.88145603, -34.9613499408 ], [ -57.8813099477, -34.9614583262 ], [ -57.8811595127, -34.9615699699 ], [ -57.8808147837, -34.9618257443 ], [ -57.8807487168, -34.961874787 ], [ -57.8818544854, -34.9628774025 ], [ -57.8829580507, -34.9638779864 ], [ -57.8829602729, -34.9638800018 ], [ -57.8829756405, -34.9638939475 ], [ -57.8809739637, -34.9653612211 ], [ -57.8809312432, -34.9653920166 ], [ -57.8808666179, -34.9653333898 ], [ -57.8786963434, -34.963364451 ], [ -57.8776802839, -34.9641187286 ], [ -57.876664318, -34.9648729082 ], [ -57.8756483314, -34.9656271696 ], [ -57.8746323286, -34.9663813311 ], [ -57.8724328432, -34.968013848 ], [ -57.8723785224, -34.9680541646 ], [ -57.8722875658, -34.9680648314 ], [ -57.8677704151, -34.9714691413 ], [ -57.8648761, -34.9735699918 ], [ -57.8660351696, -34.9746506027 ], [ -57.8666949617, -34.9741381699 ], [ -57.8668083338, -34.9742414535 ], [ -57.8668736264, -34.9743116312 ], [ -57.8676201231, -34.9750024283 ], [ -57.8677717946, -34.9751361233 ], [ -57.8685235874, -34.9758216918 ], [ -57.8689467508, -34.9756873484 ], [ -57.8740777221, -34.9801925211 ], [ -57.8844074718, -34.9893302797 ], [ -57.8908284703, -34.9845332023 ], [ -57.8857532137, -34.9799098983 ], [ -57.8835923164, -34.9779135374 ], [ -57.8807462257, -34.9752664099 ], [ -57.8791745111, -34.9738250179 ], [ -57.878367133, -34.9730552918 ], [ -57.878363801, -34.9730521154 ], [ -57.8765687704, -34.9714426104 ], [ -57.8756505518, -34.9706192604 ], [ -57.8817237213, -34.9661232842 ], [ -57.8837659989, -34.9646111991 ], [ -57.8843532049, -34.9641764183 ], [ -57.8931240608, -34.9577038375 ], [ -57.8926526218, -34.9572717195 ], [ -57.8927139997, -34.9572276141 ], [ -57.8936132551, -34.9565719309 ], [ -57.8937361511, -34.9564755047 ], [ -57.8977188159, -34.9535828264 ], [ -57.8980166767, -34.9536378559 ], [ -57.8981892809, -34.9535053066 ], [ -57.8981031052, -34.9534294677 ], [ -57.8984317561, -34.9531783203 ], [ -57.8985151521, -34.9532558239 ], [ -57.8987626913, -34.9530648223 ], [ -57.8988332944, -34.9529488907 ], [ -57.8990946446, -34.9527570455 ], [ -57.8985813646, -34.952287299 ], [ -57.898909056, -34.9520477592 ], [ -57.8991011098, -34.9522207753 ], [ -57.8994472418, -34.9519662321 ], [ -57.8994064306, -34.9519270459 ], [ -57.8995677411, -34.9518079064 ], [ -57.8995776642, -34.9515477271 ], [ -57.8998810163, -34.9513181266 ], [ -57.9002684262, -34.9516634915 ], [ -57.9005160051, -34.9514791556 ], [ -57.9006398597, -34.9515882668 ], [ -57.9007179803, -34.9515293288 ], [ -57.9007918038, -34.9515959407 ], [ -57.901046419, -34.951406048 ], [ -57.9011488158, -34.9513093187 ], [ -57.9014074041, -34.9511180518 ], [ -57.9013341804, -34.9510493777 ], [ -57.9014161455, -34.950989875 ], [ -57.9012977912, -34.9508796873 ], [ -57.9015373103, -34.9507064752 ], [ -57.9016539695, -34.9508144703 ], [ -57.9017316259, -34.9507565144 ], [ -57.9018106826, -34.9508239375 ], [ -57.9021210117, -34.9505801268 ], [ -57.9017935316, -34.9502850457 ], [ -57.9024046147, -34.9498386636 ], [ -57.9027002137, -34.9501104298 ], [ -57.9029228382, -34.949943262 ], [ -57.902978196, -34.9499927795 ], [ -57.9032351188, -34.9498219182 ], [ -57.9028684526, -34.9494870143 ], [ -57.9032129442, -34.9492315313 ], [ -57.9035559052, -34.9495431338 ], [ -57.9037402779, -34.9494076258 ], [ -57.9037255074, -34.9492054159 ], [ -57.9044402445, -34.9486798377 ], [ -57.9043171885, -34.9484017718 ], [ -57.905048572, -34.9478667445 ], [ -57.9051589206, -34.947775466 ], [ -57.9058898653, -34.9472357396 ], [ -57.9066960698, -34.9466455784 ], [ -57.9071646049, -34.9468783194 ], [ -57.9078571584, -34.9463540506 ], [ -57.9077687182, -34.946070096 ], [ -57.9084750196, -34.945551376 ], [ -57.9084533172, -34.9453329163 ], [ -57.9091875174, -34.9448098067 ], [ -57.9092640983, -34.9447549814 ], [ -57.9096252165, -34.9444810209 ], [ -57.909330015, -34.9442107197 ], [ -57.9089666772, -34.9444815776 ], [ -57.9088036733, -34.9443324187 ], [ -57.909167065, -34.9440593998 ], [ -57.9090047185, -34.9439102518 ], [ -57.9088512294, -34.9440242219 ], [ -57.9083553288, -34.9435680624 ], [ -57.9084090939, -34.9433687457 ], [ -57.9076159719, -34.9426234109 ], [ -57.9071472668, -34.9421829455 ], [ -57.90722933, -34.9421233501 ], [ -57.9071544533, -34.9420595171 ], [ -57.9072304793, -34.9420006286 ], [ -57.9071589256, -34.9419352308 ], [ -57.9072541647, -34.9418653184 ], [ -57.9070723947, -34.9416969986 ], [ -57.9068332326, -34.9417392236 ], [ -57.90638723, -34.9413682416 ], [ -57.9060257169, -34.9410338871 ], [ -57.9059384656, -34.9409661457 ], [ -57.9055397745, -34.9406005991 ], [ -57.9054571772, -34.940663969 ], [ -57.9050722863, -34.9403153306 ], [ -57.9045534881, -34.939853741 ], [ -57.9046452873, -34.9397851874 ], [ -57.904497945, -34.9396490894 ], [ -57.9046578868, -34.9395265847 ], [ -57.9044568352, -34.9393422479 ], [ -57.90425144, -34.9393200491 ], [ -57.9039535449, -34.9390408572 ], [ -57.9037905779, -34.9391618673 ], [ -57.9036466198, -34.9390261866 ], [ -57.9038091435, -34.93890544 ], [ -57.9035111396, -34.9386263363 ], [ -57.903490859, -34.9384858523 ], [ -57.9033480584, -34.9383520845 ], [ -57.9031844816, -34.9384712797 ], [ -57.9027387335, -34.9380679635 ], [ -57.9028985637, -34.9379497845 ], [ -57.902527266, -34.9376054286 ], [ -57.9023637468, -34.9377223711 ], [ -57.9019232112, -34.9373252691 ], [ -57.902084367, -34.9372065739 ], [ -57.9018643623, -34.9369849441 ], [ -57.9016192223, -34.9371632976 ], [ -57.9013449543, -34.9369089343 ], [ -57.9003293005, -34.9359517148 ], [ -57.900637919, -34.9357363506 ], [ -57.9002360902, -34.9353583862 ], [ -57.9001656418, -34.9353355893 ], [ -57.9005034101, -34.9349728855 ], [ -57.9003355067, -34.9348111946 ], [ -57.9002479496, -34.934871772 ], [ -57.900173778, -34.9348021798 ], [ -57.9004591077, -34.9345987594 ], [ -57.9003525057, -34.9344360721 ], [ -57.89936321, -34.9299435834 ], [ -57.8991526113, -34.9289531807 ], [ -57.8991517093, -34.9284745157 ], [ -57.8983684897, -34.9290595166 ], [ -57.8973366526, -34.9298301915 ], [ -57.896399487, -34.9305394158 ], [ -57.8962665088, -34.9306047011 ], [ -57.8961674772, -34.9306690422 ], [ -57.8959477045, -34.9307394016 ], [ -57.8957382434, -34.930808769 ], [ -57.8955193026, -34.93088509 ], [ -57.895300976, -34.9309544826 ], [ -57.8952367302, -34.9309721138 ], [ -57.8948011427, -34.9311548039 ], [ -57.8944204686, -34.93127392 ], [ -57.8942895156, -34.931315537 ], [ -57.8941669839, -34.9313530639 ], [ -57.8940612992, -34.9313864674 ], [ -57.8938862066, -34.9314425491 ], [ -57.8937624041, -34.9314826679 ], [ -57.8936187689, -34.9315281196 ], [ -57.8934840612, -34.9315710218 ], [ -57.8932461105, -34.931646018 ], [ -57.8931607136, -34.9316777003 ], [ -57.8930547645, -34.9317171364 ], [ -57.8929706725, -34.9317491118 ], [ -57.8928640767, -34.9317881757 ], [ -57.8927662907, -34.9318250497 ], [ -57.892381559, -34.9319699521 ], [ -57.8922259232, -34.9320181683 ], [ -57.8920748668, -34.9320627684 ], [ -57.891973318, -34.9320927275 ], [ -57.8918527828, -34.932129115 ], [ -57.890603137, -34.9324276962 ], [ -57.8893886656, -34.9326216179 ], [ -57.8893336972, -34.9326358029 ], [ -57.8889756366, -34.9326960863 ], [ -57.8886286755, -34.9327544891 ], [ -57.8883026865, -34.9328101014 ], [ -57.8882881742, -34.9328340908 ], [ -57.8881113297, -34.9329069854 ], [ -57.8879731551, -34.9329270223 ], [ -57.8878651663, -34.9329434376 ], [ -57.8877446599, -34.9329615284 ], [ -57.8876419582, -34.9329765938 ], [ -57.8875358445, -34.9329924111 ], [ -57.8874319161, -34.933008357 ], [ -57.8873163569, -34.9330255421 ], [ -57.8870707943, -34.9330641662 ], [ -57.8867568805, -34.9330925884 ], [ -57.8863974674, -34.9331457212 ], [ -57.8857235892, -34.9332444758 ], [ -57.8855641007, -34.933289101 ], [ -57.8854480387, -34.9333087989 ], [ -57.88534088, -34.9333269391 ], [ -57.8852338283, -34.9333451719 ], [ -57.8851267766, -34.9333634039 ], [ -57.8850196152, -34.9333816341 ], [ -57.8849125356, -34.9333997545 ], [ -57.8848054047, -34.9334180053 ], [ -57.8845100809, -34.9334681938 ], [ -57.8842814543, -34.933550274 ], [ -57.8841616278, -34.9335972105 ], [ -57.8840268841, -34.9336497444 ], [ -57.8839280055, -34.9336863217 ], [ -57.8838132655, -34.9337311843 ], [ -57.8836688128, -34.933786793 ], [ -57.8835376197, -34.933837406 ], [ -57.8833936364, -34.933891761 ], [ -57.88324325, -34.9339057212 ], [ -57.8826688818, -34.9341260506 ], [ -57.8823103517, -34.934263717 ], [ -57.8822492365, -34.9342870733 ], [ -57.8820962762, -34.9343670446 ], [ -57.8820214913, -34.9343943076 ], [ -57.8819170791, -34.9344332194 ], [ -57.8818144476, -34.9344709918 ], [ -57.8817135859, -34.9345079828 ], [ -57.8816091899, -34.9345462642 ], [ -57.8815093229, -34.9345829125 ], [ -57.881405792, -34.9346215689 ], [ -57.8812156493, -34.9346920587 ], [ -57.8810250227, -34.9347898447 ], [ -57.8805441939, -34.9349425846 ], [ -57.8800166911, -34.9351101886 ], [ -57.879947348, -34.9351598051 ], [ -57.8798492544, -34.9351954911 ], [ -57.8797269583, -34.9352403978 ], [ -57.8796317228, -34.9352755928 ], [ -57.8795281137, -34.9353129857 ], [ -57.8794325976, -34.9353465655 ], [ -57.8793316164, -34.935383631 ], [ -57.8792163134, -34.9354246941 ], [ -57.879070062, -34.9354776525 ], [ -57.8790599276, -34.9355100083 ], [ -57.8785448975, -34.9358643672 ], [ -57.8784309876, -34.9359107705 ], [ -57.8782361252, -34.9359900943 ], [ -57.878097108, -34.9360467821 ], [ -57.8779150816, -34.9361163267 ], [ -57.8777926344, -34.936162006 ], [ -57.8776893284, -34.9362010572 ], [ -57.8775885711, -34.9362382217 ], [ -57.8774919587, -34.9362739194 ], [ -57.8773906366, -34.936313441 ], [ -57.8772830129, -34.9363536452 ], [ -57.877075015, -34.9364330077 ], [ -57.8768490082, -34.9365105229 ], [ -57.8767326197, -34.9365553488 ], [ -57.876624523, -34.9365968956 ], [ -57.876526371, -34.9366347418 ], [ -57.8764300878, -34.9366722588 ], [ -57.8763343603, -34.936709426 ], [ -57.876224483, -34.9367521123 ], [ -57.8760099047, -34.9368362241 ], [ -57.875783977, -34.9369190562 ], [ -57.8756676812, -34.9369645142 ], [ -57.8755576195, -34.9370058452 ], [ -57.8754586167, -34.9370426833 ], [ -57.875361266, -34.9370791004 ], [ -57.8752590401, -34.9371178648 ], [ -57.875148061, -34.9371608011 ], [ -57.8749378742, -34.9372400314 ], [ -57.8747295579, -34.9373103728 ], [ -57.8746145059, -34.9373542291 ], [ -57.8745047661, -34.9373957454 ], [ -57.8744069612, -34.937432784 ], [ -57.8740985045, -34.9375500349 ], [ -57.8738874822, -34.9376318624 ], [ -57.8736686214, -34.9377036391 ], [ -57.8735533301, -34.9377482113 ], [ -57.873459386, -34.9377840547 ], [ -57.8733611054, -34.9378225259 ], [ -57.8732570647, -34.9378636906 ], [ -57.8718569246, -34.938284343 ], [ -57.8718414634, -34.9383066912 ], [ -57.8714235673, -34.9380699123 ], [ -57.8731682044, -34.9399311987 ], [ -57.8675083113, -34.9435631143 ], [ -57.8690076592, -34.9451785746 ], [ -57.8719433701, -34.9482092396 ], [ -57.8735719713, -34.9469997 ], [ -57.8773058818, -34.9442056817 ], [ -57.8788924981, -34.9430186027 ], [ -57.88102167, -34.9414337877 ], [ -57.8833042051, -34.9435230289 ], [ -57.8852260905, -34.9421239778 ], [ -57.885853543, -34.9426900876 ], [ -57.8868021794, -34.9435514151 ], [ -57.8870284839, -34.9437272271 ], [ -57.8886167711, -34.9451844022 ], [ -57.8887722855, -34.9453216954 ], [ -57.8906305394, -34.947020888 ], [ -57.8925261852, -34.948774441 ], [ -57.89348752, -34.9496359771 ], [ -57.8934352478, -34.9496750895 ], [ -57.8919074229, -34.9508163211 ], [ -57.891530705, -34.9510977073 ], [ -57.891470338, -34.9511427085 ], [ -57.8912151625, -34.9513323008 ], [ -57.8909600977, -34.9515218042 ], [ -57.8908553294, -34.9515995587 ], [ -57.8906669655, -34.9517402945 ], [ -57.8904776402, -34.951880113 ], [ -57.8903638328, -34.9519645584 ], [ -57.890176478, -34.9521043203 ], [ -57.8899895988, -34.9522425577 ], [ -57.8898757905, -34.9523270032 ], [ -57.8896858672, -34.9524687013 ], [ -57.8894980951, -34.9526075539 ], [ -57.88943395, -34.952655879 ], [ -57.8889771538, -34.9522446271 ], [ -57.8848279247, -34.9553303548 ] ], [ [ -57.8739194396, -34.9431062659 ], [ -57.8731990026, -34.9423515962 ], [ -57.8746587588, -34.9414186692 ], [ -57.8753706522, -34.9421622683 ], [ -57.8739194396, -34.9431062659 ] ], [ [ -57.8719881626, -34.9747620899 ], [ -57.8719521475, -34.9753540066 ], [ -57.8712545299, -34.9753405347 ], [ -57.8712737187, -34.9747516919 ], [ -57.8719881626, -34.9747620899 ] ], [ [ -57.8886936056, -34.9369340038 ], [ -57.8878968, -34.9375552411 ], [ -57.8871589638, -34.9368936341 ], [ -57.8879765204, -34.936286277 ], [ -57.8886936056, -34.9369340038 ] ], [ [ -57.8753454541, -34.9777913834 ], [ -57.8753283976, -34.9783292301 ], [ -57.8746375519, -34.9783124515 ], [ -57.8746617149, -34.9777739104 ], [ -57.8753454541, -34.9777913834 ] ], [ [ -57.8727881797, -34.9769861916 ], [ -57.8727512266, -34.9775567664 ], [ -57.8720325019, -34.9775288038 ], [ -57.8720779824, -34.9769490963 ], [ -57.8727881797, -34.9769861916 ] ] ] ] } },
{ "type": "Feature", "properties": { "ZONA_COD": "AR-RE", "ZONA_DESC": "RURAL EXTENSIVO", "AREA_TIPO": "Rural", "DENOM": "Rural Extensivo", "FOS_MAX": null, "FOT_RES": null, "FOT_COM": null, "FOT_MIN": null, "DENS_RES": null, "DENS_COM": null, "ALTURA_M": 0.0, "NIVELES": 0.0, "CUF_AV": null, "CUF_CAL": null, "RET_FRENTE": "SI", "RET_FONDO": "SI", "RET_LATERA": "SI", "PARC_SUP_M": "30 Ha", "PARC_ANC_M": 0.0, "INC_PRM": "No aplica", "COLOR_HEX": "#EAF0B7" }, "bbox": [ -57.9524226604, -35.0921874337, -57.7523455349, -34.9378371597 ], "geometry": { "type": "MultiPolygon", "coordinates": [ [ [ [ -57.8675083113, -34.9435631143 ], [ -57.8731682044, -34.9399311987 ], [ -57.8714235673, -34.9380699123 ], [ -57.8712160668, -34.9380647646 ], [ -57.86688945, -34.9379554079 ], [ -57.8620562901, -34.9378371597 ], [ -57.8579423324, -34.9401806184 ], [ -57.8561564793, -34.9411874356 ], [ -57.8514199147, -34.9438575209 ], [ -57.8484649061, -34.9455231454 ], [ -57.8455097798, -34.9471886934 ], [ -57.8438858344, -34.9480846637 ], [ -57.8502379834, -34.9549369913 ], [ -57.8501760381, -34.9549778763 ], [ -57.848519754, -34.9560678142 ], [ -57.847643415, -34.9566355634 ], [ -57.8467670643, -34.9572033054 ], [ -57.8450144368, -34.9583387714 ], [ -57.8444766845, -34.9586870788 ], [ -57.8439443353, -34.9590319221 ], [ -57.8414279395, -34.9606797876 ], [ -57.8361409709, -34.9559258976 ], [ -57.8361067122, -34.9558942414 ], [ -57.8353019349, -34.9551618614 ], [ -57.8344629142, -34.9543978208 ], [ -57.834285951, -34.9542387325 ], [ -57.8329667175, -34.953039161 ], [ -57.8324709546, -34.9525484747 ], [ -57.8324111631, -34.9525715486 ], [ -57.8313938518, -34.9529641333 ], [ -57.8303764218, -34.953356708 ], [ -57.8293589819, -34.9537492738 ], [ -57.828341533, -34.9541418297 ], [ -57.8264452801, -34.9548733463 ], [ -57.8252071907, -34.955350961 ], [ -57.8239691965, -34.9558285639 ], [ -57.8227311889, -34.9563061543 ], [ -57.8214930581, -34.9567837294 ], [ -57.8209621469, -34.9570042683 ], [ -57.8196477562, -34.9575500246 ], [ -57.8190411338, -34.9578019085 ], [ -57.8183334582, -34.9580957683 ], [ -57.8159003847, -34.9591060208 ], [ -57.8158449352, -34.959128994 ], [ -57.8148396604, -34.9595776154 ], [ -57.8138342669, -34.9600261361 ], [ -57.8128289733, -34.9604746505 ], [ -57.8118236688, -34.9609231559 ], [ -57.8108140791, -34.9613512988 ], [ -57.8098045883, -34.9617794355 ], [ -57.8087949779, -34.9622075613 ], [ -57.8077853567, -34.9626356782 ], [ -57.8067758353, -34.9630637879 ], [ -57.8057661944, -34.9634918876 ], [ -57.8047565435, -34.9639199775 ], [ -57.8041151893, -34.964165479 ], [ -57.8039019555, -34.964247141 ], [ -57.8025790231, -34.9642067102 ], [ -57.8012559828, -34.9641662614 ], [ -57.8000798557, -34.964076465 ], [ -57.7974596369, -34.9638763712 ], [ -57.7963247032, -34.9637897332 ], [ -57.7951896644, -34.9637030682 ], [ -57.7940547379, -34.9636163943 ], [ -57.7937145559, -34.9635903868 ], [ -57.792373494, -34.9634878758 ], [ -57.791032434, -34.9633854394 ], [ -57.7896912696, -34.9632829868 ], [ -57.7883502204, -34.9631804308 ], [ -57.7870245756, -34.963079133 ], [ -57.7856990442, -34.9629778226 ], [ -57.7843734102, -34.9628764051 ], [ -57.7832043797, -34.9624598158 ], [ -57.7820353626, -34.9620431257 ], [ -57.7808663564, -34.9616265148 ], [ -57.7794952617, -34.9612191731 ], [ -57.7781240717, -34.9608118144 ], [ -57.77684685, -34.9603423593 ], [ -57.7755695348, -34.9598728898 ], [ -57.7742923437, -34.9594034086 ], [ -57.77303464, -34.9590192506 ], [ -57.7717769166, -34.9586350711 ], [ -57.7704768215, -34.9587712554 ], [ -57.7691767994, -34.9589074172 ], [ -57.7683352093, -34.9595191523 ], [ -57.7674934969, -34.9601308774 ], [ -57.7666518817, -34.9607425999 ], [ -57.765810145, -34.9613543125 ], [ -57.7649683958, -34.9619660196 ], [ -57.7641267455, -34.9625776386 ], [ -57.7632849692, -34.963189416 ], [ -57.7624431822, -34.9638011033 ], [ -57.7616014923, -34.9644127871 ], [ -57.7607596828, -34.965024372 ], [ -57.7599179677, -34.9656360423 ], [ -57.7590761313, -34.9662477054 ], [ -57.7582343919, -34.9668593631 ], [ -57.7577312095, -34.9672550459 ], [ -57.7570660053, -34.967694862 ], [ -57.7523455349, -34.9709864904 ], [ -57.7540805745, -34.9726074222 ], [ -57.7543297631, -34.9728794033 ], [ -57.755088638, -34.9735420885 ], [ -57.7558475264, -34.9742047683 ], [ -57.7566064265, -34.9748674446 ], [ -57.7573652313, -34.9755300246 ], [ -57.7581241557, -34.9761926918 ], [ -57.7588830927, -34.9768553546 ], [ -57.7596420413, -34.9775180137 ], [ -57.7604010026, -34.9781806675 ], [ -57.7611598703, -34.9788432259 ], [ -57.7619189629, -34.9795058734 ], [ -57.7626778513, -34.9801685128 ], [ -57.7634368611, -34.9808311494 ], [ -57.7641958835, -34.9814937816 ], [ -57.7649549203, -34.9821563203 ], [ -57.7657139661, -34.9828189434 ], [ -57.7664730254, -34.983481563 ], [ -57.7672320964, -34.9841441781 ], [ -57.7679910702, -34.9848067869 ], [ -57.7687501673, -34.9854693031 ], [ -57.7695092751, -34.9861319056 ], [ -57.7702683947, -34.9867945036 ], [ -57.7710275268, -34.9874570962 ], [ -57.7717866733, -34.9881195952 ], [ -57.7725458297, -34.9887821798 ], [ -57.7733049978, -34.9894447607 ], [ -57.7740640697, -34.9901073344 ], [ -57.774823263, -34.9907699054 ], [ -57.7755824707, -34.9914323829 ], [ -57.7763416873, -34.9920949458 ], [ -57.7771009175, -34.9927575043 ], [ -57.7778601593, -34.9934200582 ], [ -57.7786194138, -34.9940826076 ], [ -57.7793785729, -34.9947450617 ], [ -57.7801378516, -34.9954076022 ], [ -57.7802913542, -34.9954978222 ], [ -57.780956017, -34.9962460392 ], [ -57.7816206906, -34.9969942527 ], [ -57.7822853787, -34.9977423726 ], [ -57.7829500766, -34.9984905798 ], [ -57.7836146774, -34.9992387815 ], [ -57.7842793996, -34.9999869824 ], [ -57.7849441353, -35.0007350898 ], [ -57.7856088808, -35.0014832834 ], [ -57.786273639, -35.0022314744 ], [ -57.786938408, -35.0029796618 ], [ -57.7876031248, -35.0037277727 ], [ -57.7879009362, -35.0036525148 ], [ -57.7880889404, -35.0037593209 ], [ -57.7890840474, -35.0043246375 ], [ -57.7900791688, -35.0048899459 ], [ -57.7910743037, -35.0054552472 ], [ -57.7920695601, -35.0060206329 ], [ -57.796598822, -35.0101671704 ], [ -57.8027274643, -35.0157770703 ], [ -57.8090226853, -35.0215383701 ], [ -57.811757039, -35.0240403973 ], [ -57.8125804789, -35.024793835 ], [ -57.8134038262, -35.0255471755 ], [ -57.8142272959, -35.0263006032 ], [ -57.8150506737, -35.0270539329 ], [ -57.8158741731, -35.0278073498 ], [ -57.8169442889, -35.0287863671 ], [ -57.8178636812, -35.0296275345 ], [ -57.8187831687, -35.0304688152 ], [ -57.8197528438, -35.031355768 ], [ -57.8207226448, -35.0322429006 ], [ -57.8215498826, -35.0329996819 ], [ -57.8223771348, -35.0337564569 ], [ -57.8227557943, -35.0341027211 ], [ -57.8237337828, -35.0349975141 ], [ -57.8247118054, -35.0358918269 ], [ -57.8267610762, -35.0377661103 ], [ -57.8271228213, -35.03803663 ], [ -57.8274025203, -35.0382457916 ], [ -57.8282909039, -35.0389393326 ], [ -57.8291791202, -35.0396328133 ], [ -57.8300673491, -35.0403263777 ], [ -57.830955596, -35.0410198467 ], [ -57.8312122095, -35.0411400842 ], [ -57.8358461876, -35.0377244996 ], [ -57.8383907141, -35.0400152734 ], [ -57.8339084795, -35.0433306079 ], [ -57.8339750941, -35.0433956415 ], [ -57.8348099311, -35.0441514803 ], [ -57.8356446756, -35.0449072211 ], [ -57.8364795432, -35.0456630491 ], [ -57.8386518142, -35.0476294482 ], [ -57.8396431081, -35.0485267306 ], [ -57.8406009203, -35.0493937616 ], [ -57.8407483039, -35.0495271437 ], [ -57.8417062464, -35.0503942583 ], [ -57.8426642115, -35.0512612758 ], [ -57.8450942129, -35.0534605912 ], [ -57.8472379916, -35.0554007428 ], [ -57.8493368034, -35.057300048 ], [ -57.85029161, -35.058164068 ], [ -57.8512464355, -35.0590280809 ], [ -57.8513783058, -35.0591566695 ], [ -57.8521518936, -35.0598236248 ], [ -57.8529254958, -35.0604904855 ], [ -57.8536991088, -35.0611574318 ], [ -57.8544727335, -35.0618243726 ], [ -57.8552464805, -35.0624913116 ], [ -57.8560201313, -35.0631582444 ], [ -57.8567937965, -35.0638250818 ], [ -57.8575674716, -35.0644920046 ], [ -57.8583411601, -35.0651589238 ], [ -57.8591149674, -35.0658259303 ], [ -57.8598886829, -35.0664927497 ], [ -57.8606624092, -35.0671596546 ], [ -57.8614361491, -35.067826465 ], [ -57.8622099006, -35.0684933609 ], [ -57.8629837735, -35.069160254 ], [ -57.8637575493, -35.0698271409 ], [ -57.8645313377, -35.0704940233 ], [ -57.8653051386, -35.0711609003 ], [ -57.8660789549, -35.0718276837 ], [ -57.8668528907, -35.0724945544 ], [ -57.8676680255, -35.0731878274 ], [ -57.8684831755, -35.0738810059 ], [ -57.8692983389, -35.0745741791 ], [ -57.8701136247, -35.0752674394 ], [ -57.8709288161, -35.0759606018 ], [ -57.871744021, -35.0766537597 ], [ -57.8725593472, -35.0773470048 ], [ -57.8733745809, -35.0780401527 ], [ -57.8741898271, -35.0787332953 ], [ -57.875005085, -35.0794265233 ], [ -57.8758204688, -35.0801196578 ], [ -57.8766357573, -35.080812786 ], [ -57.8774510566, -35.0815059978 ], [ -57.8843088899, -35.0873354609 ], [ -57.8899865142, -35.0921608416 ], [ -57.8900177935, -35.0921874337 ], [ -57.9000128101, -35.084640797 ], [ -57.9103947835, -35.0767203976 ], [ -57.9191579889, -35.0842717036 ], [ -57.9355428029, -35.0717851548 ], [ -57.9356316712, -35.0717130516 ], [ -57.9375115267, -35.073341713 ], [ -57.9524226604, -35.0623340409 ], [ -57.950732426, -35.0564563688 ], [ -57.9501936808, -35.0545640513 ], [ -57.9508223582, -35.0543948564 ], [ -57.9475289131, -35.0436638409 ], [ -57.9453021396, -35.0364453156 ], [ -57.941235461, -35.023034887 ], [ -57.9313965343, -35.030017119 ], [ -57.9299287553, -35.0288497486 ], [ -57.9294480452, -35.0284674873 ], [ -57.9289908919, -35.0281038986 ], [ -57.9285337431, -35.0277403081 ], [ -57.927624935, -35.0270174789 ], [ -57.9268308418, -35.0263858553 ], [ -57.9259841382, -35.0257123512 ], [ -57.9253421373, -35.0252017603 ], [ -57.9250911545, -35.0250019039 ], [ -57.9249228662, -35.0248680371 ], [ -57.9248390386, -35.0248013551 ], [ -57.9244092283, -35.0244594535 ], [ -57.9231696909, -35.0230552026 ], [ -57.9200883312, -35.0196097083 ], [ -57.917007226, -35.0161641421 ], [ -57.9169377615, -35.0160864568 ], [ -57.9151795437, -35.0173802404 ], [ -57.910109854, -35.0127416308 ], [ -57.9074916712, -35.0103420651 ], [ -57.9010702294, -35.015103059 ], [ -57.8970026614, -35.0181344541 ], [ -57.8969434744, -35.0180816477 ], [ -57.8947449863, -35.0160730138 ], [ -57.8948069667, -35.0160269901 ], [ -57.8893694659, -35.011057671 ], [ -57.8893157683, -35.0110963139 ], [ -57.88687736, -35.0089166514 ], [ -57.886887472, -35.0089089001 ], [ -57.8844614464, -35.0067457806 ], [ -57.884596664, -35.0066431023 ], [ -57.8813529101, -35.0037580214 ], [ -57.8789496932, -35.0055262495 ], [ -57.8737945265, -35.0093275399 ], [ -57.8737270872, -35.0093765566 ], [ -57.8736414394, -35.0092981537 ], [ -57.8699729483, -35.0059939015 ], [ -57.8663047504, -35.0026895477 ], [ -57.8591011421, -35.0080629016 ], [ -57.8549309426, -35.0111189301 ], [ -57.8531724065, -35.0095450194 ], [ -57.8532363591, -35.0094965927 ], [ -57.8528041449, -35.0090996454 ], [ -57.8544291704, -35.0078977744 ], [ -57.8536916229, -35.0072439412 ], [ -57.8544871748, -35.0066499021 ], [ -57.8523482426, -35.0046649877 ], [ -57.8531452757, -35.0040801208 ], [ -57.8517049485, -35.0027560193 ], [ -57.8533339733, -35.0015626612 ], [ -57.852619506, -35.0009177385 ], [ -57.8534142657, -35.0003199438 ], [ -57.8526959502, -34.9996699138 ], [ -57.8502672437, -35.0014528702 ], [ -57.8509763007, -35.0021032194 ], [ -57.850202256, -35.0026806912 ], [ -57.850882952, -35.0032866058 ], [ -57.8509350587, -35.0033803403 ], [ -57.8516155487, -35.0039886058 ], [ -57.8500274629, -35.0051725777 ], [ -57.8493045528, -35.0045221888 ], [ -57.8484828737, -35.0051154374 ], [ -57.8456555662, -35.0025767493 ], [ -57.8472808605, -35.0013605197 ], [ -57.8421323668, -34.9966450765 ], [ -57.845337824, -34.9938634123 ], [ -57.8495285919, -34.9902659577 ], [ -57.850271761, -34.9896279544 ], [ -57.8518246213, -34.9883033474 ], [ -57.858135183, -34.9835801368 ], [ -57.8428627251, -34.9697650177 ], [ -57.8475221648, -34.9663729998 ], [ -57.8477103228, -34.9662707289 ], [ -57.8503560455, -34.9642908444 ], [ -57.8555250267, -34.9604568898 ], [ -57.8622311794, -34.9554392258 ], [ -57.8661755493, -34.9525090619 ], [ -57.8707252087, -34.9491101759 ], [ -57.8719433701, -34.9482092396 ], [ -57.8690076592, -34.9451785746 ], [ -57.8675083113, -34.9435631143 ] ], [ [ -57.8403096883, -35.0309122025 ], [ -57.8400518725, -35.0306526537 ], [ -57.8403663681, -35.0304277746 ], [ -57.8434505679, -35.0282197447 ], [ -57.845076651, -35.0297095338 ], [ -57.8459362976, -35.0304542174 ], [ -57.848376894, -35.0327215198 ], [ -57.8458815523, -35.034543468 ], [ -57.8423781255, -35.0370787738 ], [ -57.8399308094, -35.0347921791 ], [ -57.8399748276, -35.0347603863 ], [ -57.8391465259, -35.0339923617 ], [ -57.8390896024, -35.0340334697 ], [ -57.8377211157, -35.0327506021 ], [ -57.8403096883, -35.0309122025 ] ] ] ] } },
{ "type": "Feature", "properties": { "ZONA_COD": "AU-EV", "ZONA_DESC": "ESPACIO VERDE", "AREA_TIPO": "Urbana", "DENOM": "Espacio Verde", "FOS_MAX": null, "FOT_RES": null, "FOT_COM": null, "FOT_MIN": null, "DENS_RES": null, "DENS_COM": null, "ALTURA_M": 0.0, "NIVELES": 0.0, "CUF_AV": null, "CUF_CAL": null, "RET_FRENTE": null, "RET_FONDO": null, "RET_LATERA": null, "PARC_SUP_M": null, "PARC_ANC_M": 0.0, "INC_PRM": null, "COLOR_HEX": "#9AD66E" }, "bbox": [ -57.9938694502, -34.9326003957, -57.9931667469, -34.9319790802 ], "geometry": { "type": "MultiPolygon", "coordinates": [ [ [ [ -57.9931988896, -34.9319790802 ], [ -57.9931667469, -34.9325719753 ], [ -57.9938296435, -34.9326003957 ], [ -57.9938694502, -34.9320192835 ], [ -57.9931988896, -34.9319790802 ] ] ] ] } },
{ "type": "Feature", "properties": { "ZONA_COD": "AU-R6", "ZONA_DESC": "RESIDENCIAL 6", "AREA_TIPO": "Urbana", "DENOM": "Residencial 6", "FOS_MAX": "0.4", "FOT_RES": "0.8", "FOT_COM": null, "FOT_MIN": "NO", "DENS_RES": "150", "DENS_COM": null, "ALTURA_M": 9.0, "NIVELES": 3.0, "CUF_AV": "300", "CUF_CAL": "300", "RET_FRENTE": "SI", "RET_FONDO": "SI", "RET_LATERA": "SI", "PARC_SUP_M": "300", "PARC_ANC_M": 12.0, "INC_PRM": "CUF x 2.0 (por Multifamiliar en Bloque,Ver COT Art 287 Ordenanza 12692) (por Distrito de Interes Urbanistico Ver COT Art 16 , 244 y 286 Ord 12692)", "COLOR_HEX": "#D5EEF9" }, "bbox": [ -58.047211999, -34.9969236334, -58.0399094636, -34.9908328148 ], "geometry": { "type": "MultiPolygon", "coordinates": [ [ [ [ -58.0433147384, -34.9908328148 ], [ -58.0432091076, -34.9909108759 ], [ -58.0399885149, -34.9933005347 ], [ -58.0399094636, -34.9933544949 ], [ -58.043804412, -34.9969236334 ], [ -58.0456641858, -34.9955448801 ], [ -58.0456985857, -34.9949451456 ], [ -58.0464112247, -34.9949867042 ], [ -58.047211999, -34.9943867278 ], [ -58.0433147384, -34.9908328148 ] ] ] ] } },
{ "type": "Feature", "properties": { "ZONA_COD": "AU-CS1", "ZONA_DESC": "CORREDOR SERVICIOS 1", "AREA_TIPO": "Urbana", "DENOM": "Corredor Servicios 1", "FOS_MAX": "0.6", "FOT_RES": "1.0", "FOT_COM": null, "FOT_MIN": "NO", "DENS_RES": "300", "DENS_COM": null, "ALTURA_M": 9.0, "NIVELES": 3.0, "CUF_AV": "100", "CUF_CAL": null, "RET_FRENTE": "NO", "RET_FONDO": "SI", "RET_LATERA": "SI", "PARC_SUP_M": "375", "PARC_ANC_M": 15.0, "INC_PRM": "No aplica", "COLOR_HEX": "#C22B7E" }, "bbox": [ -58.0433147384, -34.9933544949, -58.0390636539, -34.9906599561 ], "geometry": { "type": "MultiPolygon", "coordinates": [ [ [ [ -58.0430059175, -34.990750641 ], [ -58.0414857826, -34.9908224393 ], [ -58.0390636539, -34.99257938 ], [ -58.039755175, -34.9932131044 ], [ -58.0399094636, -34.9933544949 ], [ -58.0399885149, -34.9933005347 ], [ -58.0432091076, -34.9909108759 ], [ -58.0433147384, -34.9908328148 ], [ -58.043125191, -34.9906599561 ], [ -58.0430059175, -34.990750641 ] ] ] ] } },
{ "type": "Feature", "properties": { "ZONA_COD": "AU-EV", "ZONA_DESC": "ESPACIO VERDE", "AREA_TIPO": "Urbana", "DENOM": "Espacio Verde", "FOS_MAX": null, "FOT_RES": null, "FOT_COM": null, "FOT_MIN": null, "DENS_RES": null, "DENS_COM": null, "ALTURA_M": 0.0, "NIVELES": 0.0, "CUF_AV": null, "CUF_CAL": null, "RET_FRENTE": null, "RET_FONDO": null, "RET_LATERA": null, "PARC_SUP_M": null, "PARC_ANC_M": 0.0, "INC_PRM": null, "COLOR_HEX": "#9AD66E" }, "bbox": [ -58.0874355895, -34.9904902621, -58.085435321, -34.9888474939 ], "geometry": { "type": "MultiPolygon", "coordinates": [ [ [ [ -58.0865186299, -34.9888474939 ], [ -58.085435321, -34.9896563397 ], [ -58.0863492768, -34.9904902621 ], [ -58.0874355895, -34.9896865929 ], [ -58.0865186299, -34.9888474939 ] ] ] ] } },
{ "type": "Feature", "properties": { "ZONA_COD": "UE", "ZONA_DESC": "USO ESPECÍFICO", "AREA_TIPO": "General", "DENOM": "Usos Específicos", "FOS_MAX": null, "FOT_RES": null, "FOT_COM": null, "FOT_MIN": null, "DENS_RES": null, "DENS_COM": null, "ALTURA_M": 0.0, "NIVELES": 0.0, "CUF_AV": null, "CUF_CAL": null, "RET_FRENTE": null, "RET_FONDO": null, "RET_LATERA": null, "PARC_SUP_M": null, "PARC_ANC_M": 0.0, "INC_PRM": null, "COLOR_HEX": "#D4D4D4" }, "bbox": [ -58.0455458826, -34.9112854389, -58.0359657745, -34.9069386773 ], "geometry": { "type": "MultiPolygon", "coordinates": [ [ [ [ -58.0381348799, -34.9112854389 ], [ -58.0382414352, -34.9112416914 ], [ -58.0392092613, -34.9108349172 ], [ -58.0391120788, -34.9103533626 ], [ -58.0390839821, -34.9103571443 ], [ -58.0390612635, -34.9102360155 ], [ -58.0390883627, -34.9102327581 ], [ -58.039088209, -34.9102321646 ], [ -58.0394284594, -34.9101835427 ], [ -58.0393987341, -34.9100441865 ], [ -58.0396526531, -34.9100074591 ], [ -58.0394936566, -34.9095097383 ], [ -58.0411891206, -34.9091126885 ], [ -58.0434438082, -34.9085846354 ], [ -58.0434534309, -34.9086094917 ], [ -58.0436145499, -34.9085671633 ], [ -58.0437212949, -34.9085410695 ], [ -58.0438279293, -34.9085146681 ], [ -58.0439354604, -34.9084896787 ], [ -58.0440429905, -34.9084646892 ], [ -58.0441523795, -34.9084397744 ], [ -58.0442617677, -34.9084148596 ], [ -58.0443690379, -34.9083893242 ], [ -58.0444763144, -34.9083638086 ], [ -58.0446884807, -34.9083156544 ], [ -58.0449043135, -34.9082654156 ], [ -58.0451229216, -34.9082134186 ], [ -58.0453231502, -34.9081660828 ], [ -58.0455458826, -34.9081134257 ], [ -58.0454222654, -34.9080369105 ], [ -58.0453871946, -34.907951903 ], [ -58.0454121696, -34.9079228351 ], [ -58.0454387896, -34.9079164724 ], [ -58.0453656945, -34.9077089232 ], [ -58.0450965876, -34.9069386773 ], [ -58.0448864565, -34.9069885582 ], [ -58.0446763156, -34.9070387988 ], [ -58.0444662843, -34.9070890403 ], [ -58.044256146, -34.9071391901 ], [ -58.0439934226, -34.9072016498 ], [ -58.0437308016, -34.907264382 ], [ -58.0434681807, -34.9073271134 ], [ -58.0432053538, -34.9073892997 ], [ -58.0426084657, -34.907532711 ], [ -58.0421025431, -34.9076506382 ], [ -58.0419708841, -34.90768051 ], [ -58.0418637524, -34.9077048277 ], [ -58.0417579418, -34.9077288072 ], [ -58.0416565315, -34.9077517759 ], [ -58.0415493998, -34.9077760936 ], [ -58.0414407284, -34.9078007476 ], [ -58.0413390969, -34.9078238026 ], [ -58.0412325156, -34.9078479485 ], [ -58.0411240654, -34.9078725162 ], [ -58.0410214429, -34.9078958248 ], [ -58.0409116716, -34.9079207307 ], [ -58.0408127885, -34.9079431984 ], [ -58.0407101677, -34.9079664171 ], [ -58.0406239353, -34.9079859342 ], [ -58.0405120408, -34.9080119939 ], [ -58.0403980895, -34.9080385275 ], [ -58.0401997998, -34.9080824629 ], [ -58.0400842126, -34.9081080846 ], [ -58.0399676344, -34.9081339617 ], [ -58.0398497773, -34.908160203 ], [ -58.0397196041, -34.9081901612 ], [ -58.0389378954, -34.9083809938 ], [ -58.0381561831, -34.9085718227 ], [ -58.0380848821, -34.9085890555 ], [ -58.0379680287, -34.9086172691 ], [ -58.0378552447, -34.9086445572 ], [ -58.0377534657, -34.9086691384 ], [ -58.0376492631, -34.9086944012 ], [ -58.0375393417, -34.908720924 ], [ -58.0374389917, -34.908745168 ], [ -58.0373311594, -34.9087712735 ], [ -58.0372148564, -34.9087993143 ], [ -58.0371011929, -34.9088267679 ], [ -58.037024389, -34.9088453533 ], [ -58.0367635811, -34.9089004386 ], [ -58.0367022914, -34.9089153098 ], [ -58.0365968809, -34.9089407327 ], [ -58.0364923518, -34.9089658994 ], [ -58.0363873209, -34.9089937622 ], [ -58.036258306, -34.9090226781 ], [ -58.0359657745, -34.9090882431 ], [ -58.0364614367, -34.9096208522 ], [ -58.0365412093, -34.9097233929 ], [ -58.0366209828, -34.9098259327 ], [ -58.0368975324, -34.9101232 ], [ -58.0370279026, -34.9100911689 ], [ -58.0381348799, -34.9112854389 ] ] ] ] } },
{ "type": "Feature", "properties": { "ZONA_COD": "AU-EV", "ZONA_DESC": "ESPACIO VERDE", "AREA_TIPO": "Urbana", "DENOM": "Espacio Verde", "FOS_MAX": null, "FOT_RES": null, "FOT_COM": null, "FOT_MIN": null, "DENS_RES": null, "DENS_COM": null, "ALTURA_M": 0.0, "NIVELES": 0.0, "CUF_AV": null, "CUF_CAL": null, "RET_FRENTE": null, "RET_FONDO": null, "RET_LATERA": null, "PARC_SUP_M": null, "PARC_ANC_M": 0.0, "INC_PRM": null, "COLOR_HEX": "#9AD66E" }, "bbox": [ -57.9569213723, -34.9233339099, -57.9522300148, -34.9195100295 ], "geometry": { "type": "MultiPolygon", "coordinates": [ [ [ [ -57.9548029734, -34.9195100295 ], [ -57.9522300148, -34.9214337036 ], [ -57.9543443659, -34.9233339099 ], [ -57.9569213723, -34.9214226347 ], [ -57.9548029734, -34.9195100295 ] ] ] ] } },
{ "type": "Feature", "properties": { "ZONA_COD": "AR-P", "ZONA_DESC": "PERIURBANO", "AREA_TIPO": "Rural", "DENOM": "Periurbano", "FOS_MAX": null, "FOT_RES": null, "FOT_COM": null, "FOT_MIN": null, "DENS_RES": null, "DENS_COM": null, "ALTURA_M": 0.0, "NIVELES": 0.0, "CUF_AV": null, "CUF_CAL": null, "RET_FRENTE": "SI", "RET_FONDO": "SI", "RET_LATERA": "SI", "PARC_SUP_M": "4 Ha", "PARC_ANC_M": 0.0, "INC_PRM": "No aplica", "COLOR_HEX": "#83AE7E" }, "bbox": [ -58.0989427064, -34.853887203, -58.0577804441, -34.8349502785 ], "geometry": { "type": "MultiPolygon", "coordinates": [ [ [ [ -58.0705076551, -34.8518201788 ], [ -58.0715670538, -34.851313864 ], [ -58.0713012313, -34.8509449406 ], [ -58.0713493711, -34.8509230331 ], [ -58.0732333267, -34.8500331116 ], [ -58.0727317055, -34.8493277077 ], [ -58.0776491139, -34.8469677401 ], [ -58.0772879516, -34.8464333197 ], [ -58.0773331245, -34.8464017553 ], [ -58.0821346418, -34.8430557917 ], [ -58.084611622, -34.8412871076 ], [ -58.0854521887, -34.8419923533 ], [ -58.0857035375, -34.8421878542 ], [ -58.0859548872, -34.8423833542 ], [ -58.0864245932, -34.8427629221 ], [ -58.0868943028, -34.843142489 ], [ -58.0869130384, -34.8431266808 ], [ -58.0870684242, -34.8432608587 ], [ -58.0881276034, -34.8441428022 ], [ -58.0887746099, -34.8446897771 ], [ -58.0892230892, -34.8450580054 ], [ -58.089934327, -34.8456715706 ], [ -58.0899638239, -34.8456700912 ], [ -58.0905629576, -34.8461749535 ], [ -58.090955455, -34.8465060533 ], [ -58.0910584886, -34.8465929692 ], [ -58.0910908767, -34.8465847962 ], [ -58.09137529, -34.8468247164 ], [ -58.0913282996, -34.8468358059 ], [ -58.0914743495, -34.8469373457 ], [ -58.0915721993, -34.8470311917 ], [ -58.0915804281, -34.8470530588 ], [ -58.0916061721, -34.8471214729 ], [ -58.0916776484, -34.8473114178 ], [ -58.0918538679, -34.8472698709 ], [ -58.0922600278, -34.8475988276 ], [ -58.0926661913, -34.8479277834 ], [ -58.0928870486, -34.8480882953 ], [ -58.0931085966, -34.8482482065 ], [ -58.0935975166, -34.8486306702 ], [ -58.0935824458, -34.8486433974 ], [ -58.0941480573, -34.8491228448 ], [ -58.09448726, -34.8494110937 ], [ -58.0989427064, -34.8475647055 ], [ -58.0989120746, -34.8475322193 ], [ -58.0987973202, -34.8474382294 ], [ -58.0986825649, -34.8473442385 ], [ -58.0984283743, -34.8471362245 ], [ -58.0982572342, -34.8469961101 ], [ -58.0981091653, -34.8468748311 ], [ -58.0979356663, -34.8467327868 ], [ -58.0968987399, -34.8459369947 ], [ -58.096776469, -34.8458728964 ], [ -58.0964653728, -34.8456156813 ], [ -58.0961982328, -34.8453343698 ], [ -58.0937734519, -34.843349718 ], [ -58.0929259811, -34.8426514934 ], [ -58.0922608632, -34.8421093326 ], [ -58.0915960394, -34.8415668408 ], [ -58.0910378338, -34.8411077954 ], [ -58.0907747282, -34.8408945787 ], [ -58.0905117331, -34.840681363 ], [ -58.0902384373, -34.8404598743 ], [ -58.0900486209, -34.8402588021 ], [ -58.0893404525, -34.8396844069 ], [ -58.0891365897, -34.839518982 ], [ -58.0889948547, -34.8394038301 ], [ -58.0889154509, -34.8393065109 ], [ -58.0885942526, -34.8389966666 ], [ -58.0885248924, -34.8389645266 ], [ -58.0881890919, -34.8386827969 ], [ -58.0837848834, -34.8349502785 ], [ -58.0794884694, -34.8370313097 ], [ -58.0750561292, -34.8389118947 ], [ -58.0718403434, -34.8403203049 ], [ -58.0717847823, -34.8403425317 ], [ -58.0713421603, -34.8405195965 ], [ -58.0692136953, -34.8414501322 ], [ -58.0661675602, -34.8427895249 ], [ -58.0641367156, -34.8436823179 ], [ -58.0610903126, -34.8450214858 ], [ -58.058043923, -34.8463605754 ], [ -58.057808288, -34.8464746013 ], [ -58.0577804441, -34.8464882 ], [ -58.0591543942, -34.8491008798 ], [ -58.0601405062, -34.8510084858 ], [ -58.0628455257, -34.8522838926 ], [ -58.0634571933, -34.8513685078 ], [ -58.0649486973, -34.8526960096 ], [ -58.0646238028, -34.8531119524 ], [ -58.0650785567, -34.8533103464 ], [ -58.0662614944, -34.853887203 ], [ -58.067073762, -34.8534810044 ], [ -58.0673756204, -34.8532711171 ], [ -58.0674288018, -34.8533234999 ], [ -58.0705076551, -34.8518201788 ] ] ] ] } },
{ "type": "Feature", "properties": { "ZONA_COD": "AR-RI", "ZONA_DESC": "RURAL INTENSIVO", "AREA_TIPO": "Rural", "DENOM": "Rural Intensivo", "FOS_MAX": null, "FOT_RES": null, "FOT_COM": null, "FOT_MIN": null, "DENS_RES": null, "DENS_COM": null, "ALTURA_M": 0.0, "NIVELES": 0.0, "CUF_AV": null, "CUF_CAL": null, "RET_FRENTE": "SI", "RET_FONDO": "SI", "RET_LATERA": "SI", "PARC_SUP_M": "10 Ha", "PARC_ANC_M": 0.0, "INC_PRM": "No aplica", "COLOR_HEX": "#BDD1B2" }, "bbox": [ -58.2596423155, -34.1909686005, -58.243193379, -34.1742924376 ], "geometry": { "type": "MultiPolygon", "coordinates": [ [ [ [ -58.2492453424, -34.1742924376 ], [ -58.2491799923, -34.1743271083 ], [ -58.2491141214, -34.1744394678 ], [ -58.2490871912, -34.1745199346 ], [ -58.2489879169, -34.1746481321 ], [ -58.2488468348, -34.1747475198 ], [ -58.248789182, -34.1747927557 ], [ -58.2487421276, -34.1748551785 ], [ -58.2487363459, -34.1749250406 ], [ -58.2487208227, -34.1750465012 ], [ -58.2486750751, -34.1752083612 ], [ -58.2486432796, -34.1753458136 ], [ -58.248578862, -34.1754664864 ], [ -58.2484855124, -34.1755125641 ], [ -58.248377663, -34.17554131 ], [ -58.2482381242, -34.1755606796 ], [ -58.2481348101, -34.1755851636 ], [ -58.2480231655, -34.1755719418 ], [ -58.2478204817, -34.1754825177 ], [ -58.2476512518, -34.1753853684 ], [ -58.2475826317, -34.1753525711 ], [ -58.2475059438, -34.1753009095 ], [ -58.2473871641, -34.1752551367 ], [ -58.2472417374, -34.1751869007 ], [ -58.2470776831, -34.1751174964 ], [ -58.2469317033, -34.1750760214 ], [ -58.2467121446, -34.1750527839 ], [ -58.2464909474, -34.1750039237 ], [ -58.2463257977, -34.1749875021 ], [ -58.2462094794, -34.1749486145 ], [ -58.2461039547, -34.1749436808 ], [ -58.2459590398, -34.1749084391 ], [ -58.2458792699, -34.1749008992 ], [ -58.2457578354, -34.1748734743 ], [ -58.2456352632, -34.17486433 ], [ -58.2454325011, -34.1748207804 ], [ -58.2452519865, -34.1748079227 ], [ -58.2450907416, -34.1747810096 ], [ -58.2449414668, -34.1747468768 ], [ -58.2447622975, -34.17469528 ], [ -58.24459377, -34.1746587072 ], [ -58.2444556782, -34.1746186946 ], [ -58.2443607655, -34.1746302257 ], [ -58.244261823, -34.1747054243 ], [ -58.2441543055, -34.1748280918 ], [ -58.2441533747, -34.174920106 ], [ -58.2441941275, -34.1749840541 ], [ -58.2442753488, -34.1751308738 ], [ -58.2443167338, -34.1752114162 ], [ -58.2443812476, -34.1753010318 ], [ -58.2444284467, -34.1753521826 ], [ -58.2444261139, -34.1753967664 ], [ -58.2444625535, -34.1754437974 ], [ -58.2444569121, -34.1756166849 ], [ -58.2444509046, -34.1757496379 ], [ -58.2444422072, -34.1758344206 ], [ -58.244408435, -34.1759256047 ], [ -58.2443130835, -34.1760105888 ], [ -58.2441961186, -34.1760657002 ], [ -58.2440780511, -34.1761897482 ], [ -58.2440669525, -34.1762386227 ], [ -58.2440661135, -34.1763000824 ], [ -58.2440498052, -34.176349153 ], [ -58.2440562353, -34.1764052185 ], [ -58.2440979432, -34.1764858553 ], [ -58.2442039579, -34.1765300966 ], [ -58.2443078836, -34.1765652043 ], [ -58.2443822512, -34.1766084518 ], [ -58.2444237334, -34.1766581681 ], [ -58.244440012, -34.1766995028 ], [ -58.2444677903, -34.1767406414 ], [ -58.2444788411, -34.176809212 ], [ -58.2444878955, -34.1768642334 ], [ -58.2444683137, -34.1769509334 ], [ -58.2444506294, -34.1770298184 ], [ -58.2444417585, -34.1771229809 ], [ -58.2444288037, -34.1771567766 ], [ -58.2444454376, -34.1772123574 ], [ -58.2444304369, -34.1773292279 ], [ -58.2444524181, -34.1774094015 ], [ -58.2444826866, -34.1774768956 ], [ -58.2445352178, -34.1775534504 ], [ -58.2445491285, -34.1775939397 ], [ -58.2445500674, -34.1776375784 ], [ -58.244580326, -34.1777003844 ], [ -58.2446028513, -34.1777804762 ], [ -58.2446525425, -34.1778527538 ], [ -58.2446662868, -34.1779431761 ], [ -58.2447030691, -34.1780156291 ], [ -58.2447487511, -34.1781034434 ], [ -58.2448353989, -34.1782241118 ], [ -58.2448955357, -34.1783261938 ], [ -58.244922876, -34.1784041911 ], [ -58.2449278169, -34.1784536556 ], [ -58.2449087476, -34.1785627155 ], [ -58.2449046746, -34.1786180004 ], [ -58.244886734, -34.1786987748 ], [ -58.2448477871, -34.1788198092 ], [ -58.2448137262, -34.1788725014 ], [ -58.2447968963, -34.1789101173 ], [ -58.2447398388, -34.1790573022 ], [ -58.2447091944, -34.1791021118 ], [ -58.2446888481, -34.1792099819 ], [ -58.2446197091, -34.1793697032 ], [ -58.2445513768, -34.1795375482 ], [ -58.2445083038, -34.179637882 ], [ -58.2444959714, -34.1797096335 ], [ -58.2444850653, -34.1798277343 ], [ -58.2444425301, -34.1799543957 ], [ -58.2444268225, -34.1800844161 ], [ -58.2443923848, -34.1801866762 ], [ -58.2444057083, -34.1802450044 ], [ -58.2444461688, -34.1803127332 ], [ -58.2444229132, -34.1803672924 ], [ -58.2443307354, -34.1804035594 ], [ -58.2442815128, -34.1805075021 ], [ -58.2442216674, -34.1805902002 ], [ -58.2442173426, -34.1806837881 ], [ -58.2442023527, -34.180763433 ], [ -58.2442197222, -34.1809196146 ], [ -58.2442399596, -34.1809793036 ], [ -58.244228245, -34.1810316837 ], [ -58.2442543919, -34.1810940705 ], [ -58.2442920393, -34.1811300326 ], [ -58.2443592897, -34.1811505543 ], [ -58.2444638359, -34.1811455612 ], [ -58.2445659674, -34.1811471125 ], [ -58.2446846717, -34.1811916254 ], [ -58.2448462259, -34.1812355789 ], [ -58.2449977239, -34.1812833544 ], [ -58.2451286364, -34.1813563434 ], [ -58.245193009, -34.1813953911 ], [ -58.2452115143, -34.1814235075 ], [ -58.2452113947, -34.1814607322 ], [ -58.2452253063, -34.1815169048 ], [ -58.245212589, -34.1816177637 ], [ -58.245171445, -34.1817034341 ], [ -58.245168086, -34.1817452085 ], [ -58.2451254546, -34.1817979582 ], [ -58.2450560557, -34.1818549222 ], [ -58.2448660262, -34.1819446817 ], [ -58.2446841276, -34.1820345572 ], [ -58.2446310622, -34.1820621907 ], [ -58.2446086834, -34.1821110842 ], [ -58.2446311638, -34.1821462872 ], [ -58.2446912133, -34.1821846433 ], [ -58.2447517287, -34.1822528398 ], [ -58.2448228903, -34.1823149695 ], [ -58.2448668707, -34.1823698596 ], [ -58.2448565357, -34.1824342483 ], [ -58.244819713, -34.1824683326 ], [ -58.2447584916, -34.1824917933 ], [ -58.2446928015, -34.1825058155 ], [ -58.2445813414, -34.182504221 ], [ -58.2444860204, -34.1825193512 ], [ -58.244440396, -34.1825228442 ], [ -58.2443499431, -34.1825071285 ], [ -58.2442799444, -34.1825145092 ], [ -58.2442241945, -34.1825408423 ], [ -58.2441891632, -34.1825827039 ], [ -58.2441793885, -34.1826723385 ], [ -58.2441765205, -34.1827583757 ], [ -58.2441861613, -34.182837472 ], [ -58.2441870822, -34.1829029228 ], [ -58.2442164513, -34.1829511148 ], [ -58.2442515339, -34.1829957823 ], [ -58.2442596611, -34.183037992 ], [ -58.244254177, -34.1830828007 ], [ -58.2442170161, -34.183138422 ], [ -58.2441609623, -34.1832055816 ], [ -58.2441068222, -34.1832745713 ], [ -58.244039078, -34.1833196597 ], [ -58.2439627823, -34.1833586777 ], [ -58.2439409314, -34.1833820708 ], [ -58.2439209989, -34.1834280244 ], [ -58.2438920695, -34.183505126 ], [ -58.243848143, -34.1835679517 ], [ -58.2438243469, -34.1836328684 ], [ -58.2438215221, -34.1837168336 ], [ -58.2438028846, -34.1837473934 ], [ -58.2437571325, -34.1837779245 ], [ -58.2437147052, -34.1838155342 ], [ -58.2436871005, -34.1838496607 ], [ -58.2435586692, -34.1840806399 ], [ -58.2435521077, -34.1841303005 ], [ -58.2435402898, -34.1841562702 ], [ -58.2435486714, -34.1841862248 ], [ -58.2435411153, -34.1842263166 ], [ -58.2435407682, -34.1842430764 ], [ -58.2435318586, -34.1842909005 ], [ -58.2435457235, -34.1843284148 ], [ -58.243567845, -34.184401831 ], [ -58.2435862523, -34.1844347228 ], [ -58.2435753948, -34.1844718837 ], [ -58.243578001, -34.184508335 ], [ -58.2435842585, -34.1845308684 ], [ -58.2435719567, -34.1845749487 ], [ -58.2435333857, -34.1846462334 ], [ -58.2435031217, -34.1846882534 ], [ -58.2433977598, -34.1847847209 ], [ -58.2433645029, -34.1848141692 ], [ -58.2433507289, -34.1848298363 ], [ -58.2433167732, -34.1848929849 ], [ -58.2432970321, -34.1849244297 ], [ -58.2432725823, -34.1849632876 ], [ -58.2432538863, -34.1849966408 ], [ -58.2432380141, -34.1850612202 ], [ -58.2432175761, -34.1851262745 ], [ -58.2432044415, -34.1851634021 ], [ -58.2431968872, -34.1852034039 ], [ -58.243193379, -34.1852627529 ], [ -58.2432029298, -34.1853984516 ], [ -58.2432201158, -34.1854379066 ], [ -58.243227207, -34.1854725296 ], [ -58.2432400673, -34.1855532042 ], [ -58.2432551489, -34.1855947925 ], [ -58.2432813516, -34.1856283372 ], [ -58.24330744, -34.1856726063 ], [ -58.2433290687, -34.1857436716 ], [ -58.2433515724, -34.1858143889 ], [ -58.2434036018, -34.18585254 ], [ -58.2435049662, -34.185891397 ], [ -58.2436153004, -34.1859318251 ], [ -58.2436716834, -34.1859535437 ], [ -58.2437226318, -34.1859758154 ], [ -58.2437354435, -34.1859960987 ], [ -58.2437769041, -34.1860679887 ], [ -58.2438228693, -34.1861109206 ], [ -58.2439211985, -34.186160189 ], [ -58.2439978064, -34.1861951772 ], [ -58.2441064535, -34.1862018699 ], [ -58.2441475372, -34.1861925431 ], [ -58.2442009416, -34.18617483 ], [ -58.2442705842, -34.186153383 ], [ -58.244330158, -34.1861362986 ], [ -58.2443678468, -34.1861285464 ], [ -58.2444299351, -34.1861209615 ], [ -58.2444552249, -34.1861148344 ], [ -58.2444903201, -34.1861118208 ], [ -58.2445439898, -34.1861336806 ], [ -58.2445711242, -34.1861641739 ], [ -58.2445809304, -34.1862247945 ], [ -58.2445781479, -34.1862648647 ], [ -58.2445704191, -34.1863028809 ], [ -58.2445703471, -34.1863534462 ], [ -58.2445775084, -34.1863899622 ], [ -58.2446209898, -34.1864585463 ], [ -58.2446599349, -34.1865157981 ], [ -58.2446865485, -34.1865766597 ], [ -58.2447101953, -34.186644599 ], [ -58.2447237526, -34.1867126642 ], [ -58.244729368, -34.1868237907 ], [ -58.2447380311, -34.1869657864 ], [ -58.2447417732, -34.1870259601 ], [ -58.2447281566, -34.1871125648 ], [ -58.2447144752, -34.1871813225 ], [ -58.2447255189, -34.187266026 ], [ -58.2447339149, -34.1873580842 ], [ -58.2447567784, -34.1874690965 ], [ -58.2447623506, -34.1874985601 ], [ -58.2448122324, -34.1875828284 ], [ -58.2448412283, -34.1876386763 ], [ -58.2448456971, -34.1876690257 ], [ -58.244885886, -34.1877290896 ], [ -58.2449194028, -34.1877656228 ], [ -58.2449789307, -34.1878031596 ], [ -58.2450642242, -34.1878378195 ], [ -58.245128693, -34.1878567691 ], [ -58.245200673, -34.1878743832 ], [ -58.2452967314, -34.1879025275 ], [ -58.2453487994, -34.1879284199 ], [ -58.2455010115, -34.1880103661 ], [ -58.2455519985, -34.188041381 ], [ -58.2456186221, -34.1881029045 ], [ -58.2457376582, -34.188205197 ], [ -58.2458458682, -34.1883378911 ], [ -58.2458764047, -34.1883822232 ], [ -58.2458953849, -34.1884346824 ], [ -58.2459159883, -34.1884715717 ], [ -58.2459856732, -34.1885738795 ], [ -58.2460912167, -34.1887149175 ], [ -58.2461080484, -34.1887558987 ], [ -58.2461197181, -34.1887999609 ], [ -58.246146802, -34.188890573 ], [ -58.2462054243, -34.1889719014 ], [ -58.2462685541, -34.1890870048 ], [ -58.2463604693, -34.1892053142 ], [ -58.2464086172, -34.1892477343 ], [ -58.2464975089, -34.1893444582 ], [ -58.2465378057, -34.1894046129 ], [ -58.2465633554, -34.189448874 ], [ -58.2466574137, -34.1894951054 ], [ -58.2466924072, -34.1894865924 ], [ -58.2468128615, -34.1894838072 ], [ -58.2469301187, -34.1894678164 ], [ -58.2470787416, -34.1894403763 ], [ -58.2471368963, -34.1894081284 ], [ -58.2472084175, -34.1893746286 ], [ -58.2472457772, -34.1893618223 ], [ -58.247291469, -34.1893604922 ], [ -58.2473917263, -34.1893639978 ], [ -58.247438036, -34.1893747545 ], [ -58.2474964236, -34.1893836111 ], [ -58.24759141, -34.1893902858 ], [ -58.2476754445, -34.1894020328 ], [ -58.2477545407, -34.1894218206 ], [ -58.2478036446, -34.189428561 ], [ -58.2478407587, -34.1894328768 ], [ -58.2479022283, -34.189413384 ], [ -58.2479420593, -34.1893702381 ], [ -58.2479718592, -34.1893296517 ], [ -58.2480133207, -34.1893125781 ], [ -58.2480862215, -34.1893067694 ], [ -58.2481700077, -34.1893200434 ], [ -58.2482112749, -34.1893333417 ], [ -58.2482947401, -34.1893673432 ], [ -58.2483393744, -34.1893961926 ], [ -58.2483677875, -34.189422647 ], [ -58.248368677, -34.1894425796 ], [ -58.2484746117, -34.1895125046 ], [ -58.2485343312, -34.1895776236 ], [ -58.2486860738, -34.189640631 ], [ -58.2488247412, -34.189690743 ], [ -58.2488860866, -34.1897139716 ], [ -58.2491014239, -34.1897491342 ], [ -58.2492253505, -34.1897725355 ], [ -58.2493602362, -34.189806278 ], [ -58.2494691909, -34.1898508269 ], [ -58.2495586275, -34.1898846423 ], [ -58.2496169261, -34.18992937 ], [ -58.2496765421, -34.1899733046 ], [ -58.2497478395, -34.1900240767 ], [ -58.249805656, -34.1900449113 ], [ -58.2498831227, -34.1900858566 ], [ -58.2499726457, -34.1901469835 ], [ -58.2502182605, -34.1903075017 ], [ -58.2503549808, -34.1903784951 ], [ -58.2504389208, -34.1904316099 ], [ -58.2505198607, -34.1904725138 ], [ -58.2507190821, -34.1905423255 ], [ -58.2507958312, -34.1905550473 ], [ -58.250871296, -34.1905511667 ], [ -58.2509036428, -34.1905500048 ], [ -58.2509467149, -34.1905389917 ], [ -58.2509769591, -34.1905608749 ], [ -58.2509657716, -34.1905983919 ], [ -58.2509739095, -34.1906297845 ], [ -58.2509845395, -34.1906665308 ], [ -58.2510339932, -34.1907036504 ], [ -58.2511025063, -34.1907475319 ], [ -58.2511472502, -34.190760608 ], [ -58.2512049498, -34.1907713459 ], [ -58.2512821306, -34.190784164 ], [ -58.2513373157, -34.1908064024 ], [ -58.2513614706, -34.1908237827 ], [ -58.251377706, -34.1908622305 ], [ -58.2513927769, -34.1909045391 ], [ -58.2514306014, -34.1909480726 ], [ -58.2515112032, -34.1909686005 ], [ -58.2516039943, -34.1909608196 ], [ -58.2519837519, -34.1909076445 ], [ -58.2520874474, -34.1908813609 ], [ -58.2521216612, -34.1908895996 ], [ -58.2522537059, -34.1909034689 ], [ -58.2523990319, -34.1908939127 ], [ -58.2526346875, -34.1908382312 ], [ -58.2526923107, -34.1908422071 ], [ -58.2528296579, -34.1908040534 ], [ -58.2530254466, -34.1907249094 ], [ -58.2530877588, -34.1907171447 ], [ -58.2531436589, -34.1906994631 ], [ -58.253184507, -34.1907015765 ], [ -58.2533321774, -34.1907361285 ], [ -58.2535572463, -34.1907361788 ], [ -58.253663369, -34.190739402 ], [ -58.2536995505, -34.1907206287 ], [ -58.2537682362, -34.190672032 ], [ -58.2538434204, -34.1906396627 ], [ -58.2538757439, -34.1906133521 ], [ -58.2539248702, -34.1905822347 ], [ -58.2539759886, -34.1905491612 ], [ -58.2540272724, -34.1905291603 ], [ -58.2540772019, -34.1905064362 ], [ -58.25414625, -34.1904928169 ], [ -58.2542875039, -34.1904545372 ], [ -58.2544373372, -34.1904157486 ], [ -58.2545145188, -34.1903916989 ], [ -58.2546059853, -34.1903745228 ], [ -58.2547209276, -34.1903708409 ], [ -58.2548459847, -34.1903447687 ], [ -58.2549374727, -34.1902896457 ], [ -58.2550441638, -34.1901915647 ], [ -58.2551372706, -34.190094732 ], [ -58.2551955493, -34.1900510348 ], [ -58.2552368075, -34.1900280059 ], [ -58.2553436434, -34.1900070823 ], [ -58.2554184211, -34.1899522623 ], [ -58.2554789059, -34.1898804739 ], [ -58.2555319111, -34.1897926254 ], [ -58.2555576434, -34.1897439577 ], [ -58.2556146757, -34.1896448992 ], [ -58.2556547324, -34.1895695756 ], [ -58.2556871835, -34.1895317294 ], [ -58.2557299391, -34.1894623026 ], [ -58.2558040198, -34.1893675429 ], [ -58.2559248707, -34.1891980054 ], [ -58.2563048217, -34.1895459198 ], [ -58.2563711377, -34.1895069324 ], [ -58.2564190797, -34.1894383906 ], [ -58.256467992, -34.1893385856 ], [ -58.2564889453, -34.189237482 ], [ -58.2564967011, -34.1891505212 ], [ -58.2564969142, -34.1890927478 ], [ -58.256496416, -34.189032621 ], [ -58.2565200115, -34.1889507539 ], [ -58.2565702359, -34.1888556542 ], [ -58.256610584, -34.1887660925 ], [ -58.2566524223, -34.1886884504 ], [ -58.2567089528, -34.1885978572 ], [ -58.2567321292, -34.1885415821 ], [ -58.25679742, -34.1884786044 ], [ -58.2568308136, -34.1884159837 ], [ -58.2568743273, -34.1883834327 ], [ -58.2568803752, -34.1883425073 ], [ -58.256875107, -34.1883086316 ], [ -58.2568589678, -34.1882654084 ], [ -58.2568277568, -34.188227198 ], [ -58.2568312534, -34.1882048948 ], [ -58.2569426812, -34.1880872293 ], [ -58.256988141, -34.1880391129 ], [ -58.2571054549, -34.1878409509 ], [ -58.257185133, -34.187721753 ], [ -58.2571953421, -34.1876525843 ], [ -58.2572115668, -34.1875967508 ], [ -58.2572048749, -34.1875266208 ], [ -58.2571688669, -34.1874738306 ], [ -58.257124945, -34.187420838 ], [ -58.2571001228, -34.1873198954 ], [ -58.2570898921, -34.1872161847 ], [ -58.2570982252, -34.1871590678 ], [ -58.2571645439, -34.1870934902 ], [ -58.2572184376, -34.1870202557 ], [ -58.2572573476, -34.1869794364 ], [ -58.2572552199, -34.1868983751 ], [ -58.2572569403, -34.1868199821 ], [ -58.2572737936, -34.1867336013 ], [ -58.2572662312, -34.1866214567 ], [ -58.2572842275, -34.186532208 ], [ -58.2573157496, -34.1864814593 ], [ -58.2573838139, -34.1864311395 ], [ -58.2574156976, -34.1863733652 ], [ -58.2574479023, -34.1863263217 ], [ -58.2574432024, -34.1862647829 ], [ -58.2573756157, -34.1859491622 ], [ -58.2573643643, -34.1858792381 ], [ -58.2574561248, -34.185784187 ], [ -58.257564682, -34.1857056897 ], [ -58.2576348048, -34.1856290791 ], [ -58.2576876993, -34.1855727753 ], [ -58.2576991981, -34.1854883019 ], [ -58.2576717229, -34.1854003006 ], [ -58.2576463404, -34.1851156544 ], [ -58.2576148093, -34.1848293885 ], [ -58.2576070229, -34.1846595542 ], [ -58.2576188436, -34.1846121311 ], [ -58.2576600407, -34.1845708028 ], [ -58.2576910601, -34.1845180639 ], [ -58.2576958355, -34.1844071757 ], [ -58.2576919207, -34.1843549322 ], [ -58.2577977898, -34.1842277231 ], [ -58.2578469234, -34.1841854262 ], [ -58.2579044278, -34.184105302 ], [ -58.2581470308, -34.1838952177 ], [ -58.258234828, -34.1837818123 ], [ -58.2582804173, -34.1837589344 ], [ -58.2583405442, -34.183751676 ], [ -58.2583928353, -34.1837615218 ], [ -58.2584754749, -34.1837882038 ], [ -58.2586265403, -34.1837943138 ], [ -58.2586806012, -34.1837813806 ], [ -58.2589558693, -34.1836230451 ], [ -58.2590314079, -34.1835941022 ], [ -58.2590741868, -34.1835865973 ], [ -58.259121832, -34.1835955663 ], [ -58.2591894053, -34.1836376267 ], [ -58.2592054033, -34.18370888 ], [ -58.259242218, -34.1837752005 ], [ -58.2592540755, -34.1838420687 ], [ -58.2592931915, -34.1839072506 ], [ -58.2593923022, -34.1839504801 ], [ -58.2594665727, -34.1839199859 ], [ -58.2595297672, -34.1838425552 ], [ -58.2595563044, -34.1837598275 ], [ -58.2595993819, -34.1837271794 ], [ -58.2596423155, -34.1836540582 ], [ -58.2596337117, -34.1835448724 ], [ -58.2595986121, -34.1834531577 ], [ -58.259528563, -34.1834154788 ], [ -58.2594607478, -34.1833852229 ], [ -58.2593225553, -34.1832593269 ], [ -58.2591757545, -34.1831565622 ], [ -58.2590612105, -34.1830357788 ], [ -58.2590379387, -34.1829648726 ], [ -58.2590297037, -34.1828378461 ], [ -58.2590542605, -34.1827248049 ], [ -58.2590911283, -34.1826195995 ], [ -58.2591074914, -34.1825674631 ], [ -58.2590715356, -34.1824910594 ], [ -58.2590575224, -34.1824129839 ], [ -58.2591032565, -34.1822404831 ], [ -58.259171194, -34.1820852439 ], [ -58.2592803294, -34.1819360869 ], [ -58.259320816, -34.181807768 ], [ -58.259365604, -34.1816759958 ], [ -58.259350714, -34.1816142222 ], [ -58.2592868882, -34.1815059654 ], [ -58.2592175334, -34.1814451317 ], [ -58.2591215748, -34.1813700392 ], [ -58.2589880327, -34.1813347039 ], [ -58.2589205457, -34.1813096803 ], [ -58.2588424297, -34.1812688223 ], [ -58.2587346271, -34.1812001411 ], [ -58.2586321898, -34.1811183774 ], [ -58.2585268648, -34.1810135875 ], [ -58.2584929748, -34.1809528059 ], [ -58.2584589552, -34.1808877858 ], [ -58.2584083009, -34.1808194661 ], [ -58.2583671632, -34.18075777 ], [ -58.2583336212, -34.1806800487 ], [ -58.2582565196, -34.1805899007 ], [ -58.2581603659, -34.1805191313 ], [ -58.2580979422, -34.1804377543 ], [ -58.2580460702, -34.1803601329 ], [ -58.2579822201, -34.180269001 ], [ -58.2578871492, -34.1801561541 ], [ -58.2578084981, -34.1800939255 ], [ -58.2577183311, -34.1800062956 ], [ -58.2576583158, -34.1799555081 ], [ -58.2576018572, -34.1799427189 ], [ -58.2572831105, -34.1799375604 ], [ -58.2571434665, -34.1799459421 ], [ -58.256914143, -34.1799748616 ], [ -58.2566740375, -34.180037609 ], [ -58.2565229451, -34.1800753014 ], [ -58.2563040312, -34.1801464612 ], [ -58.2561661687, -34.1801683876 ], [ -58.2559776906, -34.1801465988 ], [ -58.2558293061, -34.1801212352 ], [ -58.2555951307, -34.1800907743 ], [ -58.2553698415, -34.1800290736 ], [ -58.2552058106, -34.1799893343 ], [ -58.2551306021, -34.1799495969 ], [ -58.2549545616, -34.1798031468 ], [ -58.2548462032, -34.1796984918 ], [ -58.2547145784, -34.179575568 ], [ -58.25461342, -34.1794373035 ], [ -58.2545776144, -34.1793064593 ], [ -58.2545711626, -34.1792142491 ], [ -58.2545039158, -34.1790987312 ], [ -58.254409934, -34.1788806195 ], [ -58.2542816619, -34.1786845529 ], [ -58.2542684679, -34.1785616921 ], [ -58.2541941102, -34.1783912705 ], [ -58.2542121856, -34.1780719087 ], [ -58.254204679, -34.1779677861 ], [ -58.2542113277, -34.1778872104 ], [ -58.2542199063, -34.1777761055 ], [ -58.2542482548, -34.1777003448 ], [ -58.2543271298, -34.1775619382 ], [ -58.2543905338, -34.1774585549 ], [ -58.2544038294, -34.1773659049 ], [ -58.2545857119, -34.1771757837 ], [ -58.2547798989, -34.1769358131 ], [ -58.2548580077, -34.1768556224 ], [ -58.2549317161, -34.1768152986 ], [ -58.25505874, -34.1768138606 ], [ -58.2551836153, -34.1768219464 ], [ -58.2553783347, -34.1767719863 ], [ -58.2556544455, -34.1766772149 ], [ -58.2557367784, -34.1766235838 ], [ -58.2557921362, -34.1765738045 ], [ -58.255808753, -34.1764566858 ], [ -58.255754674, -34.1762757368 ], [ -58.2556945076, -34.1761797891 ], [ -58.2555693211, -34.1761288856 ], [ -58.2554802369, -34.1760732671 ], [ -58.255365577, -34.175974651 ], [ -58.255214472, -34.1758763281 ], [ -58.2551682576, -34.1755821014 ], [ -58.2551017411, -34.1754785823 ], [ -58.2549518888, -34.1754564401 ], [ -58.2546951477, -34.175458647 ], [ -58.2545187384, -34.1754464027 ], [ -58.2542997382, -34.1754432866 ], [ -58.2541635773, -34.1754198071 ], [ -58.2540270143, -34.1754158806 ], [ -58.253944819, -34.1754049764 ], [ -58.2538729668, -34.1754026012 ], [ -58.2538012494, -34.1753989671 ], [ -58.2536714494, -34.1754089271 ], [ -58.2533556731, -34.1754867247 ], [ -58.2531921512, -34.1755332503 ], [ -58.2528672837, -34.1756995196 ], [ -58.2525595222, -34.1756672852 ], [ -58.252333429, -34.175582132 ], [ -58.2519961095, -34.1754161648 ], [ -58.251191165, -34.1753448432 ], [ -58.2507082768, -34.175254134 ], [ -58.2502301459, -34.1750171105 ], [ -58.2497979839, -34.1747860593 ], [ -58.2496239894, -34.1746570282 ], [ -58.2494788963, -34.1745253441 ], [ -58.2492453424, -34.1742924376 ] ] ] ] } },
{ "type": "Feature", "properties": { "ZONA_COD": "SD", "ZONA_DESC": "SIN DATOS", "AREA_TIPO": "SD", "DENOM": "SD", "FOS_MAX": null, "FOT_RES": null, "FOT_COM": null, "FOT_MIN": null, "DENS_RES": null, "DENS_COM": null, "ALTURA_M": 0.0, "NIVELES": 0.0, "CUF_AV": null, "CUF_CAL": null, "RET_FRENTE": null, "RET_FONDO": null, "RET_LATERA": null, "PARC_SUP_M": null, "PARC_ANC_M": 0.0, "INC_PRM": null, "COLOR_HEX": "#FFFFFF" }, "bbox": [ -58.0716671717, -34.8608819087, -58.0538825584, -34.8464882 ], "geometry": { "type": "MultiPolygon", "coordinates": [ [ [ [ -58.0577804441, -34.8464882 ], [ -58.0574860205, -34.8466773499 ], [ -58.059801522, -34.8508598089 ], [ -58.0565035066, -34.8493266384 ], [ -58.0542769678, -34.8482337328 ], [ -58.0538825584, -34.8482513667 ], [ -58.0564375836, -34.8494063228 ], [ -58.0599244009, -34.8510926803 ], [ -58.0603082648, -34.8521541141 ], [ -58.0601499733, -34.8549121757 ], [ -58.0602227033, -34.8551733694 ], [ -58.0602267242, -34.8552754811 ], [ -58.0607534886, -34.8566934502 ], [ -58.0606559517, -34.856741099 ], [ -58.0607467005, -34.8569002799 ], [ -58.0613341772, -34.8577650923 ], [ -58.0628330881, -34.8577899774 ], [ -58.0629685916, -34.8591123406 ], [ -58.0624655918, -34.8595484479 ], [ -58.0624234919, -34.8596133861 ], [ -58.0628854637, -34.8608138768 ], [ -58.0629116439, -34.8608819087 ], [ -58.064975686, -34.860334396 ], [ -58.0648739673, -34.8600360693 ], [ -58.0639168845, -34.8573442725 ], [ -58.0641532776, -34.8570006955 ], [ -58.0642793337, -34.8552655319 ], [ -58.0642927021, -34.8551206961 ], [ -58.0664444354, -34.8540708086 ], [ -58.0665557022, -34.8540653632 ], [ -58.0707746413, -34.85202904 ], [ -58.0706657793, -34.8519327955 ], [ -58.0716671717, -34.851452812 ], [ -58.0715670538, -34.851313864 ], [ -58.0705076551, -34.8518201788 ], [ -58.0674288018, -34.8533234999 ], [ -58.0673756204, -34.8532711171 ], [ -58.067073762, -34.8534810044 ], [ -58.0662614944, -34.853887203 ], [ -58.0650785567, -34.8533103464 ], [ -58.0646238028, -34.8531119524 ], [ -58.0649486973, -34.8526960096 ], [ -58.0634571933, -34.8513685078 ], [ -58.0628455257, -34.8522838926 ], [ -58.0601405062, -34.8510084858 ], [ -58.0591543942, -34.8491008798 ], [ -58.0577804441, -34.8464882 ] ], [ [ -58.0640952929, -34.854970288 ], [ -58.0641494455, -34.8541784377 ], [ -58.0645537942, -34.8532015797 ], [ -58.0649694222, -34.8533912458 ], [ -58.0660697931, -34.8539952008 ], [ -58.0640952929, -34.854970288 ] ], [ [ -58.0605963671, -34.8514436173 ], [ -58.0627405802, -34.8524409448 ], [ -58.0627215281, -34.8524694569 ], [ -58.0626065839, -34.8525613586 ], [ -58.0622181703, -34.8540010734 ], [ -58.0624140679, -34.8557771148 ], [ -58.0611148434, -34.8563913707 ], [ -58.0607433811, -34.855337394 ], [ -58.0606172089, -34.8543058302 ], [ -58.0608002344, -34.8528762976 ], [ -58.0605963671, -34.8514436173 ] ] ] ] } },
{ "type": "Feature", "properties": { "ZONA_COD": "SD", "ZONA_DESC": "SIN DATOS", "AREA_TIPO": "SD", "DENOM": "SD", "FOS_MAX": null, "FOT_RES": null, "FOT_COM": null, "FOT_MIN": null, "DENS_RES": null, "DENS_COM": null, "ALTURA_M": 0.0, "NIVELES": 0.0, "CUF_AV": null, "CUF_CAL": null, "RET_FRENTE": null, "RET_FONDO": null, "RET_LATERA": null, "PARC_SUP_M": null, "PARC_ANC_M": 0.0, "INC_PRM": null, "COLOR_HEX": "#FFFFFF" }, "bbox": [ -57.9947212656, -34.8992995327, -57.9724344879, -34.8918683681 ], "geometry": { "type": "MultiPolygon", "coordinates": [ [ [ [ -57.9866219047, -34.8979034648 ], [ -57.9874914349, -34.8986746703 ], [ -57.9875176375, -34.8986975697 ], [ -57.9886469549, -34.897869697 ], [ -57.9898237673, -34.8970069783 ], [ -57.9923578535, -34.8992995327 ], [ -57.9924241444, -34.8986805573 ], [ -57.9924503515, -34.8984358517 ], [ -57.9924725252, -34.8983146438 ], [ -57.9924944947, -34.8981945447 ], [ -57.9925478047, -34.8976459763 ], [ -57.9925276096, -34.8974583192 ], [ -57.9925938941, -34.8968622063 ], [ -57.9926991633, -34.8960515943 ], [ -57.9928705921, -34.895112247 ], [ -57.9931833394, -34.8944803798 ], [ -57.9930739153, -34.8943837107 ], [ -57.9947212656, -34.8921479503 ], [ -57.9944129267, -34.8918683681 ], [ -57.9921365637, -34.8935593409 ], [ -57.9926604952, -34.8940184745 ], [ -57.9924307544, -34.8941891649 ], [ -57.9926786561, -34.8943505105 ], [ -57.9923328677, -34.8948696729 ], [ -57.9922216179, -34.8949086378 ], [ -57.9921644696, -34.8954993377 ], [ -57.9915092856, -34.8958742831 ], [ -57.9916212278, -34.8962229592 ], [ -57.9894546855, -34.8966952274 ], [ -57.9877291815, -34.8970889821 ], [ -57.9875161527, -34.8969022154 ], [ -57.9872439379, -34.8971037597 ], [ -57.9773241981, -34.8969597648 ], [ -57.9761070835, -34.8969581856 ], [ -57.9752452416, -34.8969570605 ], [ -57.974606454, -34.8963669389 ], [ -57.9734786403, -34.8972008164 ], [ -57.9724344879, -34.89790307 ], [ -57.9725189342, -34.8979793415 ], [ -57.9740427428, -34.8978130029 ], [ -57.9741425325, -34.8978129786 ], [ -57.9745050896, -34.89814728 ], [ -57.9749431764, -34.8978253371 ], [ -57.9761795733, -34.897812457 ], [ -57.9771986833, -34.8978121836 ], [ -57.9782088998, -34.8977612721 ], [ -57.9817994323, -34.8976864539 ], [ -57.982210525, -34.8975698523 ], [ -57.9828824499, -34.8981462179 ], [ -57.9849807184, -34.8978029799 ], [ -57.9866219047, -34.8979034648 ] ] ] ] } }
]
}
